record_type,analysis_start,analysis_end,total_events,total_users,total_items,total_categories,buy_events,paying_users,repeat_buy_users,repeat_buy_rate,behavior_type,event_count,event_ratio,date,uv,active_items,pv,fav,cart,buy,hour,total_behavior_count,valid_conversion_count,conversion_to_buy_rate,funnel_order,one_time_buyers,r_score,f_score,segment,user_count,avg_recency_days,avg_frequency,cohort_date,day_number,retained_users,cohort_users,retention_rate,category_id,item_count,buy_pv_rate,item_id
overview,2017-11-25,2017-12-03,2150796.0,21202.0,657580.0,6550.0,43406.0,14418.0,9520.0,0.6602857539187127,,,,,,,,,,,,,,,,,,,,,,,,,,,,,,,
behavior,,,,,,,,,,,pv,1925434.0,0.8952192583583009,,,,,,,,,,,,,,,,,,,,,,,,,,,,
behavior,,,,,,,,,,,fav,62166.0,0.028903717507378662,,,,,,,,,,,,,,,,,,,,,,,,,,,,
behavior,,,,,,,,,,,cart,119790.0,0.05569565872356095,,,,,,,,,,,,,,,,,,,,,,,,,,,,
behavior,,,,,,,,,,,buy,43406.0,0.02018136541075955,,,,,,,,,,,,,,,,,,,,,,,,,,,,
daily,,,,,,,,,,,,227572.0,,2017-11-25,15100.0,135390.0,204302.0,6595.0,12381.0,4294.0,,,,,,,,,,,,,,,,,,,,,
daily,,,,,,,,,,,,228642.0,,2017-11-26,15372.0,135981.0,204720.0,6771.0,12592.0,4559.0,,,,,,,,,,,,,,,,,,,,,
daily,,,,,,,,,,,,216117.0,,2017-11-27,15189.0,132061.0,193297.0,6258.0,11862.0,4700.0,,,,,,,,,,,,,,,,,,,,,
daily,,,,,,,,,,,,214755.0,,2017-11-28,15248.0,131442.0,192078.0,6246.0,11831.0,4600.0,,,,,,,,,,,,,,,,,,,,,
daily,,,,,,,,,,,,221092.0,,2017-11-29,15493.0,134332.0,197824.0,6433.0,11953.0,4882.0,,,,,,,,,,,,,,,,,,,,,
daily,,,,,,,,,,,,228992.0,,2017-11-30,15759.0,136137.0,205142.0,6363.0,12605.0,4882.0,,,,,,,,,,,,,,,,,,,,,
daily,,,,,,,,,,,,245664.0,,2017-12-01,16212.0,145108.0,219934.0,6798.0,14195.0,4737.0,,,,,,,,,,,,,,,,,,,,,
daily,,,,,,,,,,,,303418.0,,2017-12-02,20243.0,173223.0,271589.0,8974.0,17317.0,5538.0,,,,,,,,,,,,,,,,,,,,,
daily,,,,,,,,,,,,264544.0,,2017-12-03,19745.0,155798.0,236548.0,7728.0,15054.0,5214.0,,,,,,,,,,,,,,,,,,,,,
hourly,,,,,,,,,,,,74748.0,,,9579.0,55910.0,66919.0,2201.0,4231.0,1397.0,0.0,,,,,,,,,,,,,,,,,,,,
hourly,,,,,,,,,,,,90984.0,,,11241.0,65966.0,81156.0,2754.0,5018.0,2056.0,1.0,,,,,,,,,,,,,,,,,,,,
hourly,,,,,,,,,,,,105521.0,,,12480.0,75277.0,93854.0,3191.0,5747.0,2729.0,2.0,,,,,,,,,,,,,,,,,,,,
hourly,,,,,,,,,,,,104449.0,,,12671.0,74942.0,92612.0,3268.0,5832.0,2737.0,3.0,,,,,,,,,,,,,,,,,,,,
hourly,,,,,,,,,,,,104706.0,,,12847.0,75639.0,93269.0,3099.0,5698.0,2640.0,4.0,,,,,,,,,,,,,,,,,,,,
hourly,,,,,,,,,,,,115054.0,,,13076.0,81708.0,102820.0,3410.0,6039.0,2785.0,5.0,,,,,,,,,,,,,,,,,,,,
hourly,,,,,,,,,,,,111499.0,,,12744.0,79522.0,99949.0,3086.0,5902.0,2562.0,6.0,,,,,,,,,,,,,,,,,,,,
hourly,,,,,,,,,,,,116436.0,,,13008.0,81591.0,104229.0,3345.0,6192.0,2670.0,7.0,,,,,,,,,,,,,,,,,,,,
hourly,,,,,,,,,,,,112806.0,,,12911.0,80436.0,101099.0,3158.0,5996.0,2553.0,8.0,,,,,,,,,,,,,,,,,,,,
hourly,,,,,,,,,,,,101796.0,,,12532.0,73491.0,90644.0,3124.0,5781.0,2247.0,9.0,,,,,,,,,,,,,,,,,,,,
hourly,,,,,,,,,,,,104427.0,,,12499.0,75249.0,94089.0,2862.0,5447.0,2029.0,10.0,,,,,,,,,,,,,,,,,,,,
hourly,,,,,,,,,,,,131309.0,,,13478.0,91345.0,118276.0,3564.0,6965.0,2504.0,11.0,,,,,,,,,,,,,,,,,,,,
hourly,,,,,,,,,,,,159377.0,,,14284.0,107219.0,143467.0,4311.0,8656.0,2943.0,12.0,,,,,,,,,,,,,,,,,,,,
hourly,,,,,,,,,,,,181031.0,,,14609.0,118606.0,162988.0,4759.0,10220.0,3064.0,13.0,,,,,,,,,,,,,,,,,,,,
hourly,,,,,,,,,,,,179370.0,,,13957.0,117326.0,160763.0,5114.0,10522.0,2971.0,14.0,,,,,,,,,,,,,,,,,,,,
hourly,,,,,,,,,,,,137134.0,,,11046.0,94073.0,121942.0,4204.0,8854.0,2134.0,15.0,,,,,,,,,,,,,,,,,,,,
hourly,,,,,,,,,,,,66023.0,,,6453.0,50456.0,59203.0,2007.0,3663.0,1150.0,16.0,,,,,,,,,,,,,,,,,,,,
hourly,,,,,,,,,,,,29884.0,,,3270.0,24598.0,26860.0,857.0,1708.0,459.0,17.0,,,,,,,,,,,,,,,,,,,,
hourly,,,,,,,,,,,,17030.0,,,1932.0,14522.0,15210.0,601.0,947.0,272.0,18.0,,,,,,,,,,,,,,,,,,,,
hourly,,,,,,,,,,,,12271.0,,,1393.0,10570.0,11040.0,376.0,737.0,118.0,19.0,,,,,,,,,,,,,,,,,,,,
hourly,,,,,,,,,,,,10395.0,,,1233.0,8870.0,9369.0,295.0,573.0,158.0,20.0,,,,,,,,,,,,,,,,,,,,
hourly,,,,,,,,,,,,12044.0,,,1632.0,10416.0,10735.0,400.0,744.0,165.0,21.0,,,,,,,,,,,,,,,,,,,,
hourly,,,,,,,,,,,,25277.0,,,3522.0,21067.0,22528.0,861.0,1540.0,348.0,22.0,,,,,,,,,,,,,,,,,,,,
hourly,,,,,,,,,,,,47225.0,,,6530.0,37243.0,42413.0,1319.0,2778.0,715.0,23.0,,,,,,,,,,,,,,,,,,,,
conversion,,,,,,,,,,,pv,,,,,,,,,,,1925434.0,47489.0,0.024664049767480992,1.0,,,,,,,,,,,,,,,,
conversion,,,,,,,,,,,fav,,,,,,,,,,,62166.0,2739.0,0.04405945372068333,2.0,,,,,,,,,,,,,,,,
conversion,,,,,,,,,,,cart,,,,,,,,,,,119790.0,7580.0,0.06327740212037733,3.0,,,,,,,,,,,,,,,,
repeat_purchase,,,,,,,,14418.0,9520.0,0.6602857539187127,,,,,,,,,,,,,,,,4898.0,,,,,,,,,,,,,,,
rf_segment,,,,,,,,,,,,,,,,,,,,,,,,,,,1.0,1.0,一般/沉睡用户,3028.0,5.386723910171731,1.0,,,,,,,,,
rf_segment,,,,,,,,,,,,,,,,,,,,,,,,,,,1.0,2.0,重要召回用户,3208.0,4.526807980049876,3.3129675810473818,,,,,,,,,
rf_segment,,,,,,,,,,,,,,,,,,,,,,,,,,,2.0,1.0,潜力用户,1870.0,0.9401069518716577,1.0,,,,,,,,,
rf_segment,,,,,,,,,,,,,,,,,,,,,,,,,,,2.0,2.0,高价值用户,6312.0,0.7438212927756654,4.416983523447402,,,,,,,,,
retention,,,,,,,,,,,,,,,,,,,,,,,,,,,,,,,,,2017-11-25,0.0,15100.0,15100.0,1.0,,,,
retention,,,,,,,,,,,,,,,,,,,,,,,,,,,,,,,,,2017-11-25,1.0,11880.0,15100.0,0.7867549668874172,,,,
retention,,,,,,,,,,,,,,,,,,,,,,,,,,,,,,,,,2017-11-25,2.0,11546.0,15100.0,0.7646357615894039,,,,
retention,,,,,,,,,,,,,,,,,,,,,,,,,,,,,,,,,2017-11-25,3.0,11503.0,15100.0,0.7617880794701987,,,,
retention,,,,,,,,,,,,,,,,,,,,,,,,,,,,,,,,,2017-11-25,4.0,11533.0,15100.0,0.763774834437086,,,,
retention,,,,,,,,,,,,,,,,,,,,,,,,,,,,,,,,,2017-11-25,5.0,11606.0,15100.0,0.7686092715231788,,,,
retention,,,,,,,,,,,,,,,,,,,,,,,,,,,,,,,,,2017-11-25,6.0,11924.0,15100.0,0.7896688741721855,,,,
retention,,,,,,,,,,,,,,,,,,,,,,,,,,,,,,,,,2017-11-25,7.0,14503.0,15100.0,0.9604635761589404,,,,
retention,,,,,,,,,,,,,,,,,,,,,,,,,,,,,,,,,2017-11-25,8.0,14179.0,15100.0,0.9390066225165563,,,,
retention,,,,,,,,,,,,,,,,,,,,,,,,,,,,,,,,,2017-11-26,0.0,3492.0,3492.0,1.0,,,,
retention,,,,,,,,,,,,,,,,,,,,,,,,,,,,,,,,,2017-11-26,1.0,2254.0,3492.0,0.645475372279496,,,,
retention,,,,,,,,,,,,,,,,,,,,,,,,,,,,,,,,,2017-11-26,2.0,2253.0,3492.0,0.6451890034364262,,,,
retention,,,,,,,,,,,,,,,,,,,,,,,,,,,,,,,,,2017-11-26,3.0,2341.0,3492.0,0.670389461626575,,,,
retention,,,,,,,,,,,,,,,,,,,,,,,,,,,,,,,,,2017-11-26,4.0,2367.0,3492.0,0.6778350515463918,,,,
retention,,,,,,,,,,,,,,,,,,,,,,,,,,,,,,,,,2017-11-26,5.0,2471.0,3492.0,0.7076174112256587,,,,
retention,,,,,,,,,,,,,,,,,,,,,,,,,,,,,,,,,2017-11-26,6.0,3309.0,3492.0,0.947594501718213,,,,
retention,,,,,,,,,,,,,,,,,,,,,,,,,,,,,,,,,2017-11-26,7.0,3227.0,3492.0,0.9241122565864834,,,,
retention,,,,,,,,,,,,,,,,,,,,,,,,,,,,,,,,,2017-11-27,0.0,1389.0,1389.0,1.0,,,,
retention,,,,,,,,,,,,,,,,,,,,,,,,,,,,,,,,,2017-11-27,1.0,847.0,1389.0,0.6097912167026638,,,,
retention,,,,,,,,,,,,,,,,,,,,,,,,,,,,,,,,,2017-11-27,2.0,859.0,1389.0,0.6184305255579554,,,,
retention,,,,,,,,,,,,,,,,,,,,,,,,,,,,,,,,,2017-11-27,3.0,910.0,1389.0,0.6551475881929446,,,,
retention,,,,,,,,,,,,,,,,,,,,,,,,,,,,,,,,,2017-11-27,4.0,917.0,1389.0,0.660187185025198,,,,
retention,,,,,,,,,,,,,,,,,,,,,,,,,,,,,,,,,2017-11-27,5.0,1301.0,1389.0,0.9366450683945284,,,,
retention,,,,,,,,,,,,,,,,,,,,,,,,,,,,,,,,,2017-11-27,6.0,1246.0,1389.0,0.8970482361411087,,,,
retention,,,,,,,,,,,,,,,,,,,,,,,,,,,,,,,,,2017-11-28,0.0,645.0,645.0,1.0,,,,
retention,,,,,,,,,,,,,,,,,,,,,,,,,,,,,,,,,2017-11-28,1.0,379.0,645.0,0.5875968992248062,,,,
retention,,,,,,,,,,,,,,,,,,,,,,,,,,,,,,,,,2017-11-28,2.0,436.0,645.0,0.6759689922480621,,,,
retention,,,,,,,,,,,,,,,,,,,,,,,,,,,,,,,,,2017-11-28,3.0,457.0,645.0,0.7085271317829457,,,,
retention,,,,,,,,,,,,,,,,,,,,,,,,,,,,,,,,,2017-11-28,4.0,599.0,645.0,0.9286821705426357,,,,
retention,,,,,,,,,,,,,,,,,,,,,,,,,,,,,,,,,2017-11-28,5.0,580.0,645.0,0.8992248062015504,,,,
retention,,,,,,,,,,,,,,,,,,,,,,,,,,,,,,,,,2017-11-29,0.0,381.0,381.0,1.0,,,,
retention,,,,,,,,,,,,,,,,,,,,,,,,,,,,,,,,,2017-11-29,1.0,259.0,381.0,0.6797900262467191,,,,
retention,,,,,,,,,,,,,,,,,,,,,,,,,,,,,,,,,2017-11-29,2.0,268.0,381.0,0.7034120734908137,,,,
retention,,,,,,,,,,,,,,,,,,,,,,,,,,,,,,,,,2017-11-29,3.0,351.0,381.0,0.9212598425196851,,,,
retention,,,,,,,,,,,,,,,,,,,,,,,,,,,,,,,,,2017-11-29,4.0,340.0,381.0,0.8923884514435696,,,,
retention,,,,,,,,,,,,,,,,,,,,,,,,,,,,,,,,,2017-11-30,0.0,181.0,181.0,1.0,,,,
retention,,,,,,,,,,,,,,,,,,,,,,,,,,,,,,,,,2017-11-30,1.0,164.0,181.0,0.9060773480662984,,,,
retention,,,,,,,,,,,,,,,,,,,,,,,,,,,,,,,,,2017-11-30,2.0,167.0,181.0,0.9226519337016574,,,,
retention,,,,,,,,,,,,,,,,,,,,,,,,,,,,,,,,,2017-11-30,3.0,162.0,181.0,0.8950276243093923,,,,
retention,,,,,,,,,,,,,,,,,,,,,,,,,,,,,,,,,2017-12-01,0.0,11.0,11.0,1.0,,,,
retention,,,,,,,,,,,,,,,,,,,,,,,,,,,,,,,,,2017-12-01,1.0,10.0,11.0,0.9090909090909091,,,,
retention,,,,,,,,,,,,,,,,,,,,,,,,,,,,,,,,,2017-12-01,2.0,8.0,11.0,0.7272727272727273,,,,
retention,,,,,,,,,,,,,,,,,,,,,,,,,,,,,,,,,2017-12-02,0.0,3.0,3.0,1.0,,,,
retention,,,,,,,,,,,,,,,,,,,,,,,,,,,,,,,,,2017-12-02,1.0,3.0,3.0,1.0,,,,
category,,,,,,,,,,,,115556.0,,,9390.0,,106439.0,3428.0,5090.0,599.0,,,,,,,,,,,,,,,,,,4756105.0,14978.0,0.005627636486626142,
category,,,,,,,,,,,,76445.0,,,8319.0,,69345.0,2561.0,3795.0,744.0,,,,,,,,,,,,,,,,,,4145813.0,16452.0,0.01072896387627082,
category,,,,,,,,,,,,72232.0,,,8039.0,,67430.0,1851.0,2682.0,269.0,,,,,,,,,,,,,,,,,,2355072.0,14528.0,0.003989322260121607,
category,,,,,,,,,,,,67159.0,,,7295.0,,63112.0,1467.0,2309.0,271.0,,,,,,,,,,,,,,,,,,3607361.0,9959.0,0.004293953606287235,
category,,,,,,,,,,,,65449.0,,,8750.0,,59674.0,1912.0,3362.0,501.0,,,,,,,,,,,,,,,,,,982926.0,13293.0,0.008395616181251467,
category,,,,,,,,,,,,46164.0,,,7224.0,,41446.0,1479.0,2643.0,596.0,,,,,,,,,,,,,,,,,,4801426.0,10167.0,0.014380157313130339,
category,,,,,,,,,,,,45484.0,,,6537.0,,42079.0,1311.0,1887.0,207.0,,,,,,,,,,,,,,,,,,2520377.0,14287.0,0.004919318424867511,
category,,,,,,,,,,,,41159.0,,,7659.0,,37632.0,1175.0,2010.0,342.0,,,,,,,,,,,,,,,,,,1320293.0,11143.0,0.009088010204081632,
category,,,,,,,,,,,,37465.0,,,5973.0,,33994.0,1247.0,1917.0,307.0,,,,,,,,,,,,,,,,,,2465336.0,10057.0,0.009031005471553803,
category,,,,,,,,,,,,34254.0,,,5927.0,,30878.0,1192.0,1791.0,393.0,,,,,,,,,,,,,,,,,,3002561.0,9528.0,0.012727508258306885,
category,,,,,,,,,,,,28170.0,,,5918.0,,24543.0,781.0,2062.0,784.0,,,,,,,,,,,,,,,,,,2735466.0,4581.0,0.03194393513425416,
category,,,,,,,,,,,,25126.0,,,3813.0,,22504.0,1049.0,1368.0,205.0,,,,,,,,,,,,,,,,,,4181361.0,7955.0,0.009109491645929613,
category,,,,,,,,,,,,24258.0,,,4453.0,,21660.0,909.0,1402.0,287.0,,,,,,,,,,,,,,,,,,149192.0,6695.0,0.013250230840258542,
category,,,,,,,,,,,,23696.0,,,5193.0,,21921.0,791.0,881.0,103.0,,,,,,,,,,,,,,,,,,1080785.0,5250.0,0.004698690753159071,
category,,,,,,,,,,,,22809.0,,,3439.0,,20266.0,715.0,1167.0,661.0,,,,,,,,,,,,,,,,,,2885642.0,8724.0,0.03261620448041054,
category,,,,,,,,,,,,22694.0,,,4586.0,,20278.0,777.0,1343.0,296.0,,,,,,,,,,,,,,,,,,4217906.0,5680.0,0.014597100305750075,
category,,,,,,,,,,,,20390.0,,,2870.0,,18474.0,450.0,1250.0,216.0,,,,,,,,,,,,,,,,,,3738615.0,4203.0,0.011692107827216629,
category,,,,,,,,,,,,19776.0,,,3240.0,,18584.0,546.0,589.0,57.0,,,,,,,,,,,,,,,,,,154040.0,4537.0,0.0030671545415411105,
category,,,,,,,,,,,,18938.0,,,3283.0,,17099.0,610.0,933.0,296.0,,,,,,,,,,,,,,,,,,1879194.0,4264.0,0.0173109538569507,
category,,,,,,,,,,,,18381.0,,,4069.0,,15650.0,584.0,1348.0,799.0,,,,,,,,,,,,,,,,,,1464116.0,4133.0,0.051054313099041536,
category,,,,,,,,,,,,18346.0,,,2812.0,,16253.0,335.0,1368.0,390.0,,,,,,,,,,,,,,,,,,2640118.0,5159.0,0.02399557004860641,
category,,,,,,,,,,,,16801.0,,,2762.0,,14945.0,513.0,984.0,359.0,,,,,,,,,,,,,,,,,,4357323.0,4351.0,0.024021411843425895,
category,,,,,,,,,,,,15820.0,,,3903.0,,14239.0,476.0,852.0,253.0,,,,,,,,,,,,,,,,,,2520771.0,5159.0,0.017768101692534587,
category,,,,,,,,,,,,15148.0,,,3048.0,,13240.0,551.0,1061.0,296.0,,,,,,,,,,,,,,,,,,570735.0,3812.0,0.022356495468277945,
category,,,,,,,,,,,,14950.0,,,3728.0,,13757.0,511.0,624.0,58.0,,,,,,,,,,,,,,,,,,2920476.0,4024.0,0.004216035472850185,
category,,,,,,,,,,,,13358.0,,,2664.0,,12422.0,296.0,493.0,147.0,,,,,,,,,,,,,,,,,,4170419.0,3046.0,0.011833843181452261,
category,,,,,,,,,,,,12221.0,,,2807.0,,11187.0,335.0,585.0,114.0,,,,,,,,,,,,,,,,,,4643350.0,2679.0,0.010190399570930545,
category,,,,,,,,,,,,11563.0,,,2401.0,,10302.0,352.0,615.0,294.0,,,,,,,,,,,,,,,,,,1299190.0,3831.0,0.028538147932440302,
category,,,,,,,,,,,,11368.0,,,2468.0,,10226.0,354.0,562.0,226.0,,,,,,,,,,,,,,,,,,2939262.0,4089.0,0.022100528065714845,
category,,,,,,,,,,,,11162.0,,,2330.0,,10685.0,133.0,254.0,90.0,,,,,,,,,,,,,,,,,,2096639.0,1536.0,0.008423022929340197,
category,,,,,,,,,,,,10930.0,,,2209.0,,9519.0,420.0,743.0,248.0,,,,,,,,,,,,,,,,,,1575622.0,3358.0,0.026053156844206324,
category,,,,,,,,,,,,10871.0,,,2523.0,,10068.0,243.0,476.0,84.0,,,,,,,,,,,,,,,,,,1859277.0,3218.0,0.00834326579261025,
category,,,,,,,,,,,,10219.0,,,2424.0,,9059.0,335.0,552.0,273.0,,,,,,,,,,,,,,,,,,1029459.0,3030.0,0.030135776575780992,
category,,,,,,,,,,,,10110.0,,,2170.0,,8946.0,318.0,711.0,135.0,,,,,,,,,,,,,,,,,,411153.0,2478.0,0.015090543259557344,
category,,,,,,,,,,,,9217.0,,,1416.0,,8331.0,268.0,483.0,135.0,,,,,,,,,,,,,,,,,,3299155.0,3285.0,0.01620453727043572,
category,,,,,,,,,,,,8696.0,,,1654.0,,7781.0,178.0,598.0,139.0,,,,,,,,,,,,,,,,,,2578647.0,2472.0,0.01786402775992803,
category,,,,,,,,,,,,8687.0,,,1809.0,,7958.0,151.0,500.0,78.0,,,,,,,,,,,,,,,,,,4022701.0,1971.0,0.009801457652676551,
category,,,,,,,,,,,,8678.0,,,2021.0,,7658.0,370.0,527.0,123.0,,,,,,,,,,,,,,,,,,4690421.0,1685.0,0.01606163489161661,
category,,,,,,,,,,,,8323.0,,,2262.0,,7558.0,284.0,404.0,77.0,,,,,,,,,,,,,,,,,,2131531.0,3190.0,0.010187880391638,
category,,,,,,,,,,,,7944.0,,,1805.0,,6960.0,154.0,497.0,333.0,,,,,,,,,,,,,,,,,,4789432.0,2501.0,0.047844827586206895,
category,,,,,,,,,,,,7897.0,,,2200.0,,6897.0,252.0,567.0,181.0,,,,,,,,,,,,,,,,,,883960.0,1512.0,0.026243294185877918,
category,,,,,,,,,,,,7712.0,,,1986.0,,7058.0,233.0,325.0,96.0,,,,,,,,,,,,,,,,,,5071267.0,2891.0,0.013601586851799376,
category,,,,,,,,,,,,7571.0,,,1922.0,,6524.0,199.0,533.0,315.0,,,,,,,,,,,,,,,,,,903809.0,1758.0,0.048283261802575105,
category,,,,,,,,,,,,7380.0,,,1937.0,,6636.0,283.0,342.0,119.0,,,,,,,,,,,,,,,,,,1051370.0,2727.0,0.017932489451476793,
category,,,,,,,,,,,,7121.0,,,1530.0,,6400.0,216.0,429.0,76.0,,,,,,,,,,,,,,,,,,753984.0,2805.0,0.011875,
category,,,,,,,,,,,,6952.0,,,1568.0,,6117.0,189.0,534.0,112.0,,,,,,,,,,,,,,,,,,2926020.0,1706.0,0.018309628903057054,
category,,,,,,,,,,,,6923.0,,,1026.0,,6214.0,147.0,448.0,114.0,,,,,,,,,,,,,,,,,,285583.0,1853.0,0.018345671065336338,
category,,,,,,,,,,,,6810.0,,,1689.0,,6233.0,155.0,366.0,56.0,,,,,,,,,,,,,,,,,,2558244.0,1996.0,0.008984437670463662,
category,,,,,,,,,,,,6806.0,,,1538.0,,6006.0,221.0,359.0,220.0,,,,,,,,,,,,,,,,,,5053508.0,2093.0,0.03663003663003663,
category,,,,,,,,,,,,6686.0,,,2006.0,,6059.0,126.0,397.0,104.0,,,,,,,,,,,,,,,,,,200278.0,1910.0,0.017164548605380425,
product,,,,,,,,,,,,389.0,,,378.0,,379.0,2.0,8.0,0.0,,,,,,,,,,,,,,,,,,4818107.0,,0.0,59883.0
product,,,,,,,,,,,,201.0,,,166.0,,191.0,4.0,5.0,1.0,,,,,,,,,,,,,,,,,,1080785.0,,0.005235602094240838,105055.0
product,,,,,,,,,,,,461.0,,,300.0,,433.0,9.0,16.0,3.0,,,,,,,,,,,,,,,,,,3607361.0,,0.006928406466512702,138964.0
product,,,,,,,,,,,,192.0,,,107.0,,182.0,4.0,4.0,2.0,,,,,,,,,,,,,,,,,,2355072.0,,0.01098901098901099,181419.0
product,,,,,,,,,,,,187.0,,,146.0,,168.0,5.0,13.0,1.0,,,,,,,,,,,,,,,,,,4756105.0,,0.005952380952380952,207994.0
product,,,,,,,,,,,,195.0,,,124.0,,164.0,7.0,17.0,7.0,,,,,,,,,,,,,,,,,,4145813.0,,0.042682926829268296,232919.0
product,,,,,,,,,,,,217.0,,,192.0,,204.0,5.0,7.0,1.0,,,,,,,,,,,,,,,,,,1080785.0,,0.004901960784313725,240034.0
product,,,,,,,,,,,,195.0,,,166.0,,184.0,6.0,5.0,0.0,,,,,,,,,,,,,,,,,,982926.0,,0.0,250498.0
product,,,,,,,,,,,,241.0,,,127.0,,216.0,8.0,15.0,2.0,,,,,,,,,,,,,,,,,,4756105.0,,0.009259259259259259,297610.0
product,,,,,,,,,,,,188.0,,,161.0,,178.0,1.0,2.0,7.0,,,,,,,,,,,,,,,,,,2632873.0,,0.03932584269662921,320169.0
product,,,,,,,,,,,,213.0,,,165.0,,199.0,6.0,8.0,0.0,,,,,,,,,,,,,,,,,,1080785.0,,0.0,342576.0
product,,,,,,,,,,,,233.0,,,199.0,,210.0,6.0,14.0,3.0,,,,,,,,,,,,,,,,,,2735466.0,,0.014285714285714285,363858.0
product,,,,,,,,,,,,205.0,,,136.0,,185.0,6.0,13.0,1.0,,,,,,,,,,,,,,,,,,2355072.0,,0.005405405405405406,393880.0
product,,,,,,,,,,,,243.0,,,162.0,,213.0,4.0,19.0,7.0,,,,,,,,,,,,,,,,,,1320293.0,,0.03286384976525822,395399.0
product,,,,,,,,,,,,235.0,,,181.0,,217.0,6.0,11.0,1.0,,,,,,,,,,,,,,,,,,4643350.0,,0.004608294930875576,602041.0
product,,,,,,,,,,,,276.0,,,218.0,,257.0,11.0,8.0,0.0,,,,,,,,,,,,,,,,,,2355072.0,,0.0,640975.0
product,,,,,,,,,,,,308.0,,,201.0,,261.0,5.0,27.0,15.0,,,,,,,,,,,,,,,,,,3158249.0,,0.05747126436781609,705557.0
product,,,,,,,,,,,,203.0,,,144.0,,183.0,1.0,13.0,6.0,,,,,,,,,,,,,,,,,,3607361.0,,0.03278688524590164,726505.0
product,,,,,,,,,,,,200.0,,,171.0,,164.0,13.0,15.0,8.0,,,,,,,,,,,,,,,,,,904454.0,,0.04878048780487805,740947.0
product,,,,,,,,,,,,198.0,,,191.0,,193.0,1.0,4.0,0.0,,,,,,,,,,,,,,,,,,339305.0,,0.0,775348.0
product,,,,,,,,,,,,683.0,,,445.0,,635.0,18.0,28.0,2.0,,,,,,,,,,,,,,,,,,4756105.0,,0.0031496062992125984,812879.0
product,,,,,,,,,,,,218.0,,,152.0,,205.0,4.0,9.0,0.0,,,,,,,,,,,,,,,,,,2465336.0,,0.0,866111.0
product,,,,,,,,,,,,354.0,,,264.0,,326.0,11.0,17.0,0.0,,,,,,,,,,,,,,,,,,2355072.0,,0.0,987143.0
product,,,,,,,,,,,,193.0,,,147.0,,175.0,6.0,9.0,3.0,,,,,,,,,,,,,,,,,,4801426.0,,0.017142857142857144,1154789.0
product,,,,,,,,,,,,220.0,,,208.0,,194.0,9.0,17.0,0.0,,,,,,,,,,,,,,,,,,3138705.0,,0.0,1164931.0
product,,,,,,,,,,,,270.0,,,186.0,,254.0,4.0,12.0,0.0,,,,,,,,,,,,,,,,,,3607361.0,,0.0,1223110.0
product,,,,,,,,,,,,234.0,,,163.0,,203.0,5.0,21.0,5.0,,,,,,,,,,,,,,,,,,982926.0,,0.024630541871921183,1402604.0
product,,,,,,,,,,,,253.0,,,204.0,,225.0,3.0,15.0,10.0,,,,,,,,,,,,,,,,,,2735466.0,,0.044444444444444446,1444258.0
product,,,,,,,,,,,,193.0,,,124.0,,179.0,6.0,7.0,1.0,,,,,,,,,,,,,,,,,,4756105.0,,0.00558659217877095,1457948.0
product,,,,,,,,,,,,188.0,,,121.0,,174.0,6.0,8.0,0.0,,,,,,,,,,,,,,,,,,4756105.0,,0.0,1459442.0
product,,,,,,,,,,,,446.0,,,389.0,,386.0,18.0,30.0,12.0,,,,,,,,,,,,,,,,,,3848953.0,,0.031088082901554404,1535294.0
product,,,,,,,,,,,,204.0,,,160.0,,190.0,4.0,10.0,0.0,,,,,,,,,,,,,,,,,,982926.0,,0.0,1541734.0
product,,,,,,,,,,,,336.0,,,291.0,,307.0,13.0,14.0,2.0,,,,,,,,,,,,,,,,,,4801426.0,,0.006514657980456026,1583704.0
product,,,,,,,,,,,,354.0,,,273.0,,354.0,0.0,0.0,0.0,,,,,,,,,,,,,,,,,,1320293.0,,0.0,1591862.0
product,,,,,,,,,,,,190.0,,,141.0,,148.0,8.0,25.0,9.0,,,,,,,,,,,,,,,,,,2735466.0,,0.060810810810810814,1684440.0
product,,,,,,,,,,,,220.0,,,187.0,,206.0,6.0,8.0,0.0,,,,,,,,,,,,,,,,,,154040.0,,0.0,1699547.0
product,,,,,,,,,,,,225.0,,,145.0,,216.0,0.0,7.0,2.0,,,,,,,,,,,,,,,,,,2096639.0,,0.009259259259259259,1773536.0
product,,,,,,,,,,,,210.0,,,200.0,,197.0,2.0,9.0,2.0,,,,,,,,,,,,,,,,,,2495340.0,,0.01015228426395939,1819353.0
product,,,,,,,,,,,,200.0,,,142.0,,187.0,10.0,3.0,0.0,,,,,,,,,,,,,,,,,,4756105.0,,0.0,1864347.0
product,,,,,,,,,,,,213.0,,,167.0,,197.0,3.0,12.0,1.0,,,,,,,,,,,,,,,,,,4756105.0,,0.005076142131979695,1886236.0
product,,,,,,,,,,,,246.0,,,221.0,,229.0,7.0,10.0,0.0,,,,,,,,,,,,,,,,,,2735466.0,,0.0,1951985.0
product,,,,,,,,,,,,206.0,,,127.0,,191.0,4.0,7.0,4.0,,,,,,,,,,,,,,,,,,4756105.0,,0.020942408376963352,1962765.0
product,,,,,,,,,,,,187.0,,,115.0,,173.0,3.0,10.0,1.0,,,,,,,,,,,,,,,,,,4756105.0,,0.005780346820809248,1989476.0
product,,,,,,,,,,,,504.0,,,374.0,,469.0,13.0,18.0,4.0,,,,,,,,,,,,,,,,,,1080785.0,,0.008528784648187633,2032668.0
product,,,,,,,,,,,,203.0,,,143.0,,186.0,3.0,14.0,0.0,,,,,,,,,,,,,,,,,,4756105.0,,0.0,2099112.0
product,,,,,,,,,,,,199.0,,,190.0,,188.0,6.0,5.0,0.0,,,,,,,,,,,,,,,,,,3807763.0,,0.0,2161188.0
product,,,,,,,,,,,,269.0,,,138.0,,249.0,7.0,6.0,7.0,,,,,,,,,,,,,,,,,,2096639.0,,0.028112449799196786,2167765.0
product,,,,,,,,,,,,225.0,,,106.0,,214.0,2.0,6.0,3.0,,,,,,,,,,,,,,,,,,2096639.0,,0.014018691588785047,2236861.0
product,,,,,,,,,,,,354.0,,,334.0,,303.0,24.0,27.0,0.0,,,,,,,,,,,,,,,,,,2303546.0,,0.0,2279428.0
product,,,,,,,,,,,,188.0,,,148.0,,175.0,3.0,9.0,1.0,,,,,,,,,,,,,,,,,,2520377.0,,0.005714285714285714,2319849.0
product,,,,,,,,,,,,490.0,,,381.0,,443.0,16.0,28.0,3.0,,,,,,,,,,,,,,,,,,3607361.0,,0.006772009029345372,2331370.0
product,,,,,,,,,,,,411.0,,,311.0,,376.0,11.0,19.0,5.0,,,,,,,,,,,,,,,,,,3607361.0,,0.013297872340425532,2338453.0
product,,,,,,,,,,,,226.0,,,212.0,,204.0,8.0,12.0,2.0,,,,,,,,,,,,,,,,,,4048584.0,,0.00980392156862745,2353009.0
product,,,,,,,,,,,,205.0,,,123.0,,188.0,8.0,9.0,0.0,,,,,,,,,,,,,,,,,,4756105.0,,0.0,2353750.0
product,,,,,,,,,,,,287.0,,,192.0,,256.0,16.0,15.0,0.0,,,,,,,,,,,,,,,,,,4756105.0,,0.0,2364679.0
product,,,,,,,,,,,,352.0,,,272.0,,352.0,0.0,0.0,0.0,,,,,,,,,,,,,,,,,,1859277.0,,0.0,2367945.0
product,,,,,,,,,,,,230.0,,,217.0,,225.0,3.0,2.0,0.0,,,,,,,,,,,,,,,,,,1040727.0,,0.0,2400640.0
product,,,,,,,,,,,,370.0,,,342.0,,331.0,16.0,19.0,4.0,,,,,,,,,,,,,,,,,,3664107.0,,0.012084592145015106,2453685.0
product,,,,,,,,,,,,240.0,,,174.0,,214.0,7.0,15.0,4.0,,,,,,,,,,,,,,,,,,4801426.0,,0.018691588785046728,2521928.0
product,,,,,,,,,,,,187.0,,,128.0,,174.0,3.0,10.0,0.0,,,,,,,,,,,,,,,,,,4756105.0,,0.0,2530033.0
product,,,,,,,,,,,,307.0,,,186.0,,257.0,5.0,30.0,15.0,,,,,,,,,,,,,,,,,,2735466.0,,0.058365758754863814,2560262.0
product,,,,,,,,,,,,210.0,,,194.0,,188.0,8.0,10.0,4.0,,,,,,,,,,,,,,,,,,4583654.0,,0.02127659574468085,2667082.0
product,,,,,,,,,,,,214.0,,,111.0,,195.0,10.0,9.0,0.0,,,,,,,,,,,,,,,,,,4756105.0,,0.0,2778083.0
product,,,,,,,,,,,,256.0,,,148.0,,231.0,11.0,13.0,1.0,,,,,,,,,,,,,,,,,,4756105.0,,0.004329004329004329,2783905.0
product,,,,,,,,,,,,314.0,,,199.0,,286.0,8.0,13.0,7.0,,,,,,,,,,,,,,,,,,3158249.0,,0.024475524475524476,2790543.0
product,,,,,,,,,,,,370.0,,,305.0,,324.0,21.0,21.0,4.0,,,,,,,,,,,,,,,,,,982926.0,,0.012345679012345678,2818406.0
product,,,,,,,,,,,,239.0,,,169.0,,218.0,9.0,11.0,1.0,,,,,,,,,,,,,,,,,,4145813.0,,0.0045871559633027525,2828948.0
product,,,,,,,,,,,,199.0,,,118.0,,165.0,0.0,19.0,15.0,,,,,,,,,,,,,,,,,,1265358.0,,0.09090909090909091,2964774.0
product,,,,,,,,,,,,189.0,,,176.0,,178.0,5.0,6.0,0.0,,,,,,,,,,,,,,,,,,4643350.0,,0.0,3000506.0
product,,,,,,,,,,,,261.0,,,152.0,,244.0,8.0,8.0,1.0,,,,,,,,,,,,,,,,,,4756105.0,,0.004098360655737705,3011437.0
product,,,,,,,,,,,,483.0,,,327.0,,421.0,4.0,42.0,16.0,,,,,,,,,,,,,,,,,,2735466.0,,0.03800475059382423,3031354.0
product,,,,,,,,,,,,215.0,,,147.0,,187.0,6.0,20.0,2.0,,,,,,,,,,,,,,,,,,982926.0,,0.0106951871657754,3077270.0
product,,,,,,,,,,,,187.0,,,133.0,,173.0,6.0,8.0,0.0,,,,,,,,,,,,,,,,,,3607361.0,,0.0,3080593.0
product,,,,,,,,,,,,277.0,,,181.0,,247.0,14.0,14.0,2.0,,,,,,,,,,,,,,,,,,4756105.0,,0.008097165991902834,3159978.0
product,,,,,,,,,,,,200.0,,,136.0,,180.0,3.0,16.0,1.0,,,,,,,,,,,,,,,,,,4801426.0,,0.005555555555555556,3244134.0
product,,,,,,,,,,,,288.0,,,201.0,,249.0,15.0,23.0,1.0,,,,,,,,,,,,,,,,,,4756105.0,,0.004016064257028112,3330337.0
product,,,,,,,,,,,,378.0,,,292.0,,376.0,0.0,2.0,0.0,,,,,,,,,,,,,,,,,,1859277.0,,0.0,3371523.0
product,,,,,,,,,,,,215.0,,,156.0,,200.0,7.0,7.0,1.0,,,,,,,,,,,,,,,,,,3607361.0,,0.005,3403645.0
product,,,,,,,,,,,,306.0,,,244.0,,286.0,8.0,10.0,2.0,,,,,,,,,,,,,,,,,,2355072.0,,0.006993006993006993,3520504.0
product,,,,,,,,,,,,224.0,,,142.0,,209.0,6.0,8.0,1.0,,,,,,,,,,,,,,,,,,4756105.0,,0.004784688995215311,3529591.0
product,,,,,,,,,,,,335.0,,,257.0,,299.0,6.0,22.0,8.0,,,,,,,,,,,,,,,,,,4801426.0,,0.026755852842809364,3563468.0
product,,,,,,,,,,,,191.0,,,118.0,,168.0,2.0,10.0,11.0,,,,,,,,,,,,,,,,,,1464116.0,,0.06547619047619048,3685477.0
product,,,,,,,,,,,,369.0,,,173.0,,347.0,6.0,12.0,4.0,,,,,,,,,,,,,,,,,,4756105.0,,0.011527377521613832,3708121.0
product,,,,,,,,,,,,258.0,,,164.0,,229.0,7.0,13.0,9.0,,,,,,,,,,,,,,,,,,883960.0,,0.039301310043668124,3715112.0
product,,,,,,,,,,,,207.0,,,160.0,,182.0,14.0,11.0,0.0,,,,,,,,,,,,,,,,,,1080785.0,,0.0,3761770.0
product,,,,,,,,,,,,247.0,,,163.0,,227.0,7.0,13.0,0.0,,,,,,,,,,,,,,,,,,4756105.0,,0.0,3836557.0
product,,,,,,,,,,,,527.0,,,358.0,,499.0,14.0,13.0,1.0,,,,,,,,,,,,,,,,,,3607361.0,,0.002004008016032064,3845720.0
product,,,,,,,,,,,,334.0,,,223.0,,313.0,4.0,15.0,2.0,,,,,,,,,,,,,,,,,,4756105.0,,0.006389776357827476,3920968.0
product,,,,,,,,,,,,207.0,,,130.0,,185.0,5.0,16.0,1.0,,,,,,,,,,,,,,,,,,4756105.0,,0.005405405405405406,3990990.0
product,,,,,,,,,,,,305.0,,,212.0,,273.0,11.0,17.0,4.0,,,,,,,,,,,,,,,,,,3607361.0,,0.014652014652014652,4091349.0
product,,,,,,,,,,,,403.0,,,312.0,,377.0,9.0,17.0,0.0,,,,,,,,,,,,,,,,,,4756105.0,,0.0,4211339.0
product,,,,,,,,,,,,209.0,,,118.0,,192.0,6.0,8.0,3.0,,,,,,,,,,,,,,,,,,4756105.0,,0.015625,4293038.0
product,,,,,,,,,,,,337.0,,,255.0,,313.0,3.0,14.0,7.0,,,,,,,,,,,,,,,,,,570735.0,,0.022364217252396165,4443059.0
product,,,,,,,,,,,,200.0,,,129.0,,188.0,5.0,6.0,1.0,,,,,,,,,,,,,,,,,,4756105.0,,0.005319148936170213,4491210.0
product,,,,,,,,,,,,202.0,,,122.0,,190.0,4.0,8.0,0.0,,,,,,,,,,,,,,,,,,4756105.0,,0.0,4525461.0
product,,,,,,,,,,,,190.0,,,154.0,,176.0,5.0,7.0,2.0,,,,,,,,,,,,,,,,,,4217906.0,,0.011363636363636364,4550052.0
product,,,,,,,,,,,,213.0,,,210.0,,203.0,5.0,4.0,1.0,,,,,,,,,,,,,,,,,,1906712.0,,0.0049261083743842365,4622270.0
product,,,,,,,,,,,,329.0,,,250.0,,300.0,7.0,22.0,0.0,,,,,,,,,,,,,,,,,,4756105.0,,0.0,4649427.0
product,,,,,,,,,,,,198.0,,,136.0,,185.0,7.0,6.0,0.0,,,,,,,,,,,,,,,,,,2355072.0,,0.0,4793966.0
product,,,,,,,,,,,,218.0,,,147.0,,206.0,7.0,5.0,0.0,,,,,,,,,,,,,,,,,,4756105.0,,0.0,5128303.0
product_daily,,,,,,,,,,,,24.0,,2017-11-25,22.0,,24.0,0.0,0.0,0.0,,,,,,,,,,,,,,,,,,,,,59883.0
product_daily,,,,,,,,,,,,34.0,,2017-11-26,34.0,,34.0,0.0,0.0,0.0,,,,,,,,,,,,,,,,,,,,,59883.0
product_daily,,,,,,,,,,,,39.0,,2017-11-27,39.0,,36.0,0.0,3.0,0.0,,,,,,,,,,,,,,,,,,,,,59883.0
product_daily,,,,,,,,,,,,36.0,,2017-11-28,36.0,,36.0,0.0,0.0,0.0,,,,,,,,,,,,,,,,,,,,,59883.0
product_daily,,,,,,,,,,,,48.0,,2017-11-29,48.0,,46.0,1.0,1.0,0.0,,,,,,,,,,,,,,,,,,,,,59883.0
product_daily,,,,,,,,,,,,65.0,,2017-11-30,64.0,,65.0,0.0,0.0,0.0,,,,,,,,,,,,,,,,,,,,,59883.0
product_daily,,,,,,,,,,,,41.0,,2017-12-01,41.0,,40.0,0.0,1.0,0.0,,,,,,,,,,,,,,,,,,,,,59883.0
product_daily,,,,,,,,,,,,64.0,,2017-12-02,63.0,,60.0,1.0,3.0,0.0,,,,,,,,,,,,,,,,,,,,,59883.0
product_daily,,,,,,,,,,,,38.0,,2017-12-03,38.0,,38.0,0.0,0.0,0.0,,,,,,,,,,,,,,,,,,,,,59883.0
product_daily,,,,,,,,,,,,28.0,,2017-11-25,27.0,,27.0,1.0,0.0,0.0,,,,,,,,,,,,,,,,,,,,,105055.0
product_daily,,,,,,,,,,,,31.0,,2017-11-26,28.0,,29.0,0.0,2.0,0.0,,,,,,,,,,,,,,,,,,,,,105055.0
product_daily,,,,,,,,,,,,24.0,,2017-11-27,20.0,,23.0,0.0,1.0,0.0,,,,,,,,,,,,,,,,,,,,,105055.0
product_daily,,,,,,,,,,,,22.0,,2017-11-28,20.0,,19.0,1.0,1.0,1.0,,,,,,,,,,,,,,,,,,,,,105055.0
product_daily,,,,,,,,,,,,15.0,,2017-11-29,15.0,,15.0,0.0,0.0,0.0,,,,,,,,,,,,,,,,,,,,,105055.0
product_daily,,,,,,,,,,,,8.0,,2017-11-30,7.0,,8.0,0.0,0.0,0.0,,,,,,,,,,,,,,,,,,,,,105055.0
product_daily,,,,,,,,,,,,25.0,,2017-12-01,22.0,,24.0,0.0,1.0,0.0,,,,,,,,,,,,,,,,,,,,,105055.0
product_daily,,,,,,,,,,,,28.0,,2017-12-02,27.0,,26.0,2.0,0.0,0.0,,,,,,,,,,,,,,,,,,,,,105055.0
product_daily,,,,,,,,,,,,20.0,,2017-12-03,20.0,,20.0,0.0,0.0,0.0,,,,,,,,,,,,,,,,,,,,,105055.0
product_daily,,,,,,,,,,,,44.0,,2017-11-25,35.0,,38.0,3.0,2.0,1.0,,,,,,,,,,,,,,,,,,,,,138964.0
product_daily,,,,,,,,,,,,32.0,,2017-11-26,27.0,,31.0,0.0,1.0,0.0,,,,,,,,,,,,,,,,,,,,,138964.0
product_daily,,,,,,,,,,,,34.0,,2017-11-27,27.0,,31.0,1.0,2.0,0.0,,,,,,,,,,,,,,,,,,,,,138964.0
product_daily,,,,,,,,,,,,29.0,,2017-11-28,25.0,,27.0,1.0,1.0,0.0,,,,,,,,,,,,,,,,,,,,,138964.0
product_daily,,,,,,,,,,,,51.0,,2017-11-29,35.0,,50.0,1.0,0.0,0.0,,,,,,,,,,,,,,,,,,,,,138964.0
product_daily,,,,,,,,,,,,58.0,,2017-11-30,49.0,,53.0,3.0,2.0,0.0,,,,,,,,,,,,,,,,,,,,,138964.0
product_daily,,,,,,,,,,,,59.0,,2017-12-01,43.0,,54.0,0.0,4.0,1.0,,,,,,,,,,,,,,,,,,,,,138964.0
product_daily,,,,,,,,,,,,112.0,,2017-12-02,94.0,,108.0,0.0,3.0,1.0,,,,,,,,,,,,,,,,,,,,,138964.0
product_daily,,,,,,,,,,,,42.0,,2017-12-03,38.0,,41.0,0.0,1.0,0.0,,,,,,,,,,,,,,,,,,,,,138964.0
product_daily,,,,,,,,,,,,19.0,,2017-11-25,15.0,,18.0,0.0,1.0,0.0,,,,,,,,,,,,,,,,,,,,,181419.0
product_daily,,,,,,,,,,,,28.0,,2017-11-26,15.0,,26.0,0.0,0.0,2.0,,,,,,,,,,,,,,,,,,,,,181419.0
product_daily,,,,,,,,,,,,15.0,,2017-11-27,12.0,,15.0,0.0,0.0,0.0,,,,,,,,,,,,,,,,,,,,,181419.0
product_daily,,,,,,,,,,,,13.0,,2017-11-28,12.0,,13.0,0.0,0.0,0.0,,,,,,,,,,,,,,,,,,,,,181419.0
product_daily,,,,,,,,,,,,16.0,,2017-11-29,14.0,,13.0,2.0,1.0,0.0,,,,,,,,,,,,,,,,,,,,,181419.0
product_daily,,,,,,,,,,,,25.0,,2017-11-30,20.0,,24.0,1.0,0.0,0.0,,,,,,,,,,,,,,,,,,,,,181419.0
product_daily,,,,,,,,,,,,31.0,,2017-12-01,16.0,,29.0,1.0,1.0,0.0,,,,,,,,,,,,,,,,,,,,,181419.0
product_daily,,,,,,,,,,,,17.0,,2017-12-02,14.0,,17.0,0.0,0.0,0.0,,,,,,,,,,,,,,,,,,,,,181419.0
product_daily,,,,,,,,,,,,28.0,,2017-12-03,22.0,,27.0,0.0,1.0,0.0,,,,,,,,,,,,,,,,,,,,,181419.0
product_daily,,,,,,,,,,,,26.0,,2017-11-25,22.0,,21.0,0.0,4.0,1.0,,,,,,,,,,,,,,,,,,,,,207994.0
product_daily,,,,,,,,,,,,14.0,,2017-11-26,14.0,,12.0,0.0,2.0,0.0,,,,,,,,,,,,,,,,,,,,,207994.0
product_daily,,,,,,,,,,,,14.0,,2017-11-27,14.0,,12.0,1.0,1.0,0.0,,,,,,,,,,,,,,,,,,,,,207994.0
product_daily,,,,,,,,,,,,11.0,,2017-11-28,11.0,,11.0,0.0,0.0,0.0,,,,,,,,,,,,,,,,,,,,,207994.0
product_daily,,,,,,,,,,,,19.0,,2017-11-29,18.0,,19.0,0.0,0.0,0.0,,,,,,,,,,,,,,,,,,,,,207994.0
product_daily,,,,,,,,,,,,24.0,,2017-11-30,20.0,,24.0,0.0,0.0,0.0,,,,,,,,,,,,,,,,,,,,,207994.0
product_daily,,,,,,,,,,,,26.0,,2017-12-01,22.0,,22.0,1.0,3.0,0.0,,,,,,,,,,,,,,,,,,,,,207994.0
product_daily,,,,,,,,,,,,32.0,,2017-12-02,31.0,,30.0,2.0,0.0,0.0,,,,,,,,,,,,,,,,,,,,,207994.0
product_daily,,,,,,,,,,,,21.0,,2017-12-03,16.0,,17.0,1.0,3.0,0.0,,,,,,,,,,,,,,,,,,,,,207994.0
product_daily,,,,,,,,,,,,7.0,,2017-11-25,7.0,,6.0,1.0,0.0,0.0,,,,,,,,,,,,,,,,,,,,,232919.0
product_daily,,,,,,,,,,,,15.0,,2017-11-26,13.0,,10.0,3.0,1.0,1.0,,,,,,,,,,,,,,,,,,,,,232919.0
product_daily,,,,,,,,,,,,19.0,,2017-11-27,13.0,,15.0,0.0,1.0,3.0,,,,,,,,,,,,,,,,,,,,,232919.0
product_daily,,,,,,,,,,,,19.0,,2017-11-28,13.0,,16.0,0.0,2.0,1.0,,,,,,,,,,,,,,,,,,,,,232919.0
product_daily,,,,,,,,,,,,14.0,,2017-11-29,9.0,,11.0,1.0,2.0,0.0,,,,,,,,,,,,,,,,,,,,,232919.0
product_daily,,,,,,,,,,,,26.0,,2017-11-30,19.0,,22.0,1.0,3.0,0.0,,,,,,,,,,,,,,,,,,,,,232919.0
product_daily,,,,,,,,,,,,39.0,,2017-12-01,26.0,,32.0,1.0,4.0,2.0,,,,,,,,,,,,,,,,,,,,,232919.0
product_daily,,,,,,,,,,,,27.0,,2017-12-02,22.0,,26.0,0.0,1.0,0.0,,,,,,,,,,,,,,,,,,,,,232919.0
product_daily,,,,,,,,,,,,29.0,,2017-12-03,25.0,,26.0,0.0,3.0,0.0,,,,,,,,,,,,,,,,,,,,,232919.0
product_daily,,,,,,,,,,,,18.0,,2017-11-25,18.0,,16.0,1.0,1.0,0.0,,,,,,,,,,,,,,,,,,,,,240034.0
product_daily,,,,,,,,,,,,30.0,,2017-11-26,26.0,,26.0,2.0,2.0,0.0,,,,,,,,,,,,,,,,,,,,,240034.0
product_daily,,,,,,,,,,,,29.0,,2017-11-27,27.0,,27.0,1.0,1.0,0.0,,,,,,,,,,,,,,,,,,,,,240034.0
product_daily,,,,,,,,,,,,19.0,,2017-11-28,18.0,,19.0,0.0,0.0,0.0,,,,,,,,,,,,,,,,,,,,,240034.0
product_daily,,,,,,,,,,,,16.0,,2017-11-29,16.0,,16.0,0.0,0.0,0.0,,,,,,,,,,,,,,,,,,,,,240034.0
product_daily,,,,,,,,,,,,20.0,,2017-11-30,20.0,,19.0,1.0,0.0,0.0,,,,,,,,,,,,,,,,,,,,,240034.0
product_daily,,,,,,,,,,,,32.0,,2017-12-01,31.0,,29.0,0.0,3.0,0.0,,,,,,,,,,,,,,,,,,,,,240034.0
product_daily,,,,,,,,,,,,34.0,,2017-12-02,29.0,,33.0,0.0,0.0,1.0,,,,,,,,,,,,,,,,,,,,,240034.0
product_daily,,,,,,,,,,,,19.0,,2017-12-03,16.0,,19.0,0.0,0.0,0.0,,,,,,,,,,,,,,,,,,,,,240034.0
product_daily,,,,,,,,,,,,13.0,,2017-11-25,13.0,,12.0,0.0,1.0,0.0,,,,,,,,,,,,,,,,,,,,,250498.0
product_daily,,,,,,,,,,,,20.0,,2017-11-26,17.0,,19.0,1.0,0.0,0.0,,,,,,,,,,,,,,,,,,,,,250498.0
product_daily,,,,,,,,,,,,17.0,,2017-11-27,16.0,,17.0,0.0,0.0,0.0,,,,,,,,,,,,,,,,,,,,,250498.0
product_daily,,,,,,,,,,,,25.0,,2017-11-28,17.0,,21.0,2.0,2.0,0.0,,,,,,,,,,,,,,,,,,,,,250498.0
product_daily,,,,,,,,,,,,21.0,,2017-11-29,19.0,,19.0,1.0,1.0,0.0,,,,,,,,,,,,,,,,,,,,,250498.0
product_daily,,,,,,,,,,,,27.0,,2017-11-30,26.0,,24.0,2.0,1.0,0.0,,,,,,,,,,,,,,,,,,,,,250498.0
product_daily,,,,,,,,,,,,21.0,,2017-12-01,21.0,,21.0,0.0,0.0,0.0,,,,,,,,,,,,,,,,,,,,,250498.0
product_daily,,,,,,,,,,,,28.0,,2017-12-02,24.0,,28.0,0.0,0.0,0.0,,,,,,,,,,,,,,,,,,,,,250498.0
product_daily,,,,,,,,,,,,23.0,,2017-12-03,22.0,,23.0,0.0,0.0,0.0,,,,,,,,,,,,,,,,,,,,,250498.0
product_daily,,,,,,,,,,,,11.0,,2017-11-25,9.0,,11.0,0.0,0.0,0.0,,,,,,,,,,,,,,,,,,,,,297610.0
product_daily,,,,,,,,,,,,7.0,,2017-11-26,4.0,,6.0,1.0,0.0,0.0,,,,,,,,,,,,,,,,,,,,,297610.0
product_daily,,,,,,,,,,,,11.0,,2017-11-27,9.0,,8.0,1.0,2.0,0.0,,,,,,,,,,,,,,,,,,,,,297610.0
product_daily,,,,,,,,,,,,21.0,,2017-11-28,17.0,,19.0,0.0,2.0,0.0,,,,,,,,,,,,,,,,,,,,,297610.0
product_daily,,,,,,,,,,,,36.0,,2017-11-29,21.0,,34.0,1.0,1.0,0.0,,,,,,,,,,,,,,,,,,,,,297610.0
product_daily,,,,,,,,,,,,37.0,,2017-11-30,23.0,,32.0,0.0,5.0,0.0,,,,,,,,,,,,,,,,,,,,,297610.0
product_daily,,,,,,,,,,,,34.0,,2017-12-01,25.0,,29.0,1.0,3.0,1.0,,,,,,,,,,,,,,,,,,,,,297610.0
product_daily,,,,,,,,,,,,43.0,,2017-12-02,26.0,,38.0,4.0,1.0,0.0,,,,,,,,,,,,,,,,,,,,,297610.0
product_daily,,,,,,,,,,,,41.0,,2017-12-03,24.0,,39.0,0.0,1.0,1.0,,,,,,,,,,,,,,,,,,,,,297610.0
product_daily,,,,,,,,,,,,8.0,,2017-11-25,8.0,,6.0,0.0,0.0,2.0,,,,,,,,,,,,,,,,,,,,,320169.0
product_daily,,,,,,,,,,,,11.0,,2017-11-26,10.0,,11.0,0.0,0.0,0.0,,,,,,,,,,,,,,,,,,,,,320169.0
product_daily,,,,,,,,,,,,12.0,,2017-11-27,10.0,,12.0,0.0,0.0,0.0,,,,,,,,,,,,,,,,,,,,,320169.0
product_daily,,,,,,,,,,,,7.0,,2017-11-28,7.0,,7.0,0.0,0.0,0.0,,,,,,,,,,,,,,,,,,,,,320169.0
product_daily,,,,,,,,,,,,15.0,,2017-11-29,11.0,,15.0,0.0,0.0,0.0,,,,,,,,,,,,,,,,,,,,,320169.0
product_daily,,,,,,,,,,,,20.0,,2017-11-30,20.0,,19.0,0.0,0.0,1.0,,,,,,,,,,,,,,,,,,,,,320169.0
product_daily,,,,,,,,,,,,37.0,,2017-12-01,34.0,,35.0,1.0,0.0,1.0,,,,,,,,,,,,,,,,,,,,,320169.0
product_daily,,,,,,,,,,,,45.0,,2017-12-02,41.0,,41.0,0.0,2.0,2.0,,,,,,,,,,,,,,,,,,,,,320169.0
product_daily,,,,,,,,,,,,33.0,,2017-12-03,30.0,,32.0,0.0,0.0,1.0,,,,,,,,,,,,,,,,,,,,,320169.0
product_daily,,,,,,,,,,,,31.0,,2017-11-25,23.0,,31.0,0.0,0.0,0.0,,,,,,,,,,,,,,,,,,,,,342576.0
product_daily,,,,,,,,,,,,24.0,,2017-11-26,24.0,,23.0,0.0,1.0,0.0,,,,,,,,,,,,,,,,,,,,,342576.0
product_daily,,,,,,,,,,,,19.0,,2017-11-27,16.0,,16.0,0.0,3.0,0.0,,,,,,,,,,,,,,,,,,,,,342576.0
product_daily,,,,,,,,,,,,23.0,,2017-11-28,18.0,,19.0,2.0,2.0,0.0,,,,,,,,,,,,,,,,,,,,,342576.0
product_daily,,,,,,,,,,,,15.0,,2017-11-29,14.0,,14.0,1.0,0.0,0.0,,,,,,,,,,,,,,,,,,,,,342576.0
product_daily,,,,,,,,,,,,23.0,,2017-11-30,21.0,,23.0,0.0,0.0,0.0,,,,,,,,,,,,,,,,,,,,,342576.0
product_daily,,,,,,,,,,,,33.0,,2017-12-01,27.0,,32.0,0.0,1.0,0.0,,,,,,,,,,,,,,,,,,,,,342576.0
product_daily,,,,,,,,,,,,23.0,,2017-12-02,23.0,,20.0,2.0,1.0,0.0,,,,,,,,,,,,,,,,,,,,,342576.0
product_daily,,,,,,,,,,,,22.0,,2017-12-03,18.0,,21.0,1.0,0.0,0.0,,,,,,,,,,,,,,,,,,,,,342576.0
product_daily,,,,,,,,,,,,28.0,,2017-11-25,27.0,,24.0,1.0,3.0,0.0,,,,,,,,,,,,,,,,,,,,,363858.0
product_daily,,,,,,,,,,,,33.0,,2017-11-26,27.0,,30.0,1.0,0.0,2.0,,,,,,,,,,,,,,,,,,,,,363858.0
product_daily,,,,,,,,,,,,19.0,,2017-11-27,17.0,,16.0,2.0,1.0,0.0,,,,,,,,,,,,,,,,,,,,,363858.0
product_daily,,,,,,,,,,,,28.0,,2017-11-28,27.0,,25.0,1.0,2.0,0.0,,,,,,,,,,,,,,,,,,,,,363858.0
product_daily,,,,,,,,,,,,12.0,,2017-11-29,12.0,,11.0,0.0,1.0,0.0,,,,,,,,,,,,,,,,,,,,,363858.0
product_daily,,,,,,,,,,,,28.0,,2017-11-30,26.0,,27.0,0.0,1.0,0.0,,,,,,,,,,,,,,,,,,,,,363858.0
product_daily,,,,,,,,,,,,34.0,,2017-12-01,33.0,,31.0,1.0,1.0,1.0,,,,,,,,,,,,,,,,,,,,,363858.0
product_daily,,,,,,,,,,,,27.0,,2017-12-02,25.0,,24.0,0.0,3.0,0.0,,,,,,,,,,,,,,,,,,,,,363858.0
product_daily,,,,,,,,,,,,24.0,,2017-12-03,19.0,,22.0,0.0,2.0,0.0,,,,,,,,,,,,,,,,,,,,,363858.0
product_daily,,,,,,,,,,,,23.0,,2017-11-25,15.0,,20.0,0.0,3.0,0.0,,,,,,,,,,,,,,,,,,,,,393880.0
product_daily,,,,,,,,,,,,29.0,,2017-11-26,23.0,,27.0,0.0,2.0,0.0,,,,,,,,,,,,,,,,,,,,,393880.0
product_daily,,,,,,,,,,,,17.0,,2017-11-27,13.0,,15.0,1.0,1.0,0.0,,,,,,,,,,,,,,,,,,,,,393880.0
product_daily,,,,,,,,,,,,16.0,,2017-11-28,14.0,,14.0,2.0,0.0,0.0,,,,,,,,,,,,,,,,,,,,,393880.0
product_daily,,,,,,,,,,,,12.0,,2017-11-29,8.0,,9.0,0.0,3.0,0.0,,,,,,,,,,,,,,,,,,,,,393880.0
product_daily,,,,,,,,,,,,30.0,,2017-11-30,21.0,,28.0,0.0,2.0,0.0,,,,,,,,,,,,,,,,,,,,,393880.0
product_daily,,,,,,,,,,,,26.0,,2017-12-01,20.0,,23.0,1.0,2.0,0.0,,,,,,,,,,,,,,,,,,,,,393880.0
product_daily,,,,,,,,,,,,21.0,,2017-12-02,20.0,,21.0,0.0,0.0,0.0,,,,,,,,,,,,,,,,,,,,,393880.0
product_daily,,,,,,,,,,,,31.0,,2017-12-03,26.0,,28.0,2.0,0.0,1.0,,,,,,,,,,,,,,,,,,,,,393880.0
product_daily,,,,,,,,,,,,19.0,,2017-11-25,15.0,,15.0,1.0,3.0,0.0,,,,,,,,,,,,,,,,,,,,,395399.0
product_daily,,,,,,,,,,,,25.0,,2017-11-26,21.0,,21.0,0.0,2.0,2.0,,,,,,,,,,,,,,,,,,,,,395399.0
product_daily,,,,,,,,,,,,24.0,,2017-11-27,19.0,,22.0,0.0,2.0,0.0,,,,,,,,,,,,,,,,,,,,,395399.0
product_daily,,,,,,,,,,,,29.0,,2017-11-28,25.0,,23.0,3.0,1.0,2.0,,,,,,,,,,,,,,,,,,,,,395399.0
product_daily,,,,,,,,,,,,20.0,,2017-11-29,18.0,,18.0,0.0,1.0,1.0,,,,,,,,,,,,,,,,,,,,,395399.0
product_daily,,,,,,,,,,,,32.0,,2017-11-30,23.0,,28.0,0.0,3.0,1.0,,,,,,,,,,,,,,,,,,,,,395399.0
product_daily,,,,,,,,,,,,24.0,,2017-12-01,23.0,,22.0,0.0,2.0,0.0,,,,,,,,,,,,,,,,,,,,,395399.0
product_daily,,,,,,,,,,,,37.0,,2017-12-02,31.0,,37.0,0.0,0.0,0.0,,,,,,,,,,,,,,,,,,,,,395399.0
product_daily,,,,,,,,,,,,33.0,,2017-12-03,24.0,,27.0,0.0,5.0,1.0,,,,,,,,,,,,,,,,,,,,,395399.0
product_daily,,,,,,,,,,,,30.0,,2017-11-25,24.0,,24.0,2.0,4.0,0.0,,,,,,,,,,,,,,,,,,,,,602041.0
product_daily,,,,,,,,,,,,29.0,,2017-11-26,26.0,,26.0,1.0,2.0,0.0,,,,,,,,,,,,,,,,,,,,,602041.0
product_daily,,,,,,,,,,,,18.0,,2017-11-27,14.0,,17.0,0.0,0.0,1.0,,,,,,,,,,,,,,,,,,,,,602041.0
product_daily,,,,,,,,,,,,23.0,,2017-11-28,20.0,,20.0,1.0,2.0,0.0,,,,,,,,,,,,,,,,,,,,,602041.0
product_daily,,,,,,,,,,,,17.0,,2017-11-29,15.0,,17.0,0.0,0.0,0.0,,,,,,,,,,,,,,,,,,,,,602041.0
product_daily,,,,,,,,,,,,40.0,,2017-11-30,34.0,,38.0,1.0,1.0,0.0,,,,,,,,,,,,,,,,,,,,,602041.0
product_daily,,,,,,,,,,,,34.0,,2017-12-01,32.0,,34.0,0.0,0.0,0.0,,,,,,,,,,,,,,,,,,,,,602041.0
product_daily,,,,,,,,,,,,23.0,,2017-12-02,20.0,,20.0,1.0,2.0,0.0,,,,,,,,,,,,,,,,,,,,,602041.0
product_daily,,,,,,,,,,,,21.0,,2017-12-03,19.0,,21.0,0.0,0.0,0.0,,,,,,,,,,,,,,,,,,,,,602041.0
product_daily,,,,,,,,,,,,33.0,,2017-11-25,28.0,,30.0,1.0,2.0,0.0,,,,,,,,,,,,,,,,,,,,,640975.0
product_daily,,,,,,,,,,,,35.0,,2017-11-26,35.0,,31.0,4.0,0.0,0.0,,,,,,,,,,,,,,,,,,,,,640975.0
product_daily,,,,,,,,,,,,33.0,,2017-11-27,30.0,,32.0,0.0,1.0,0.0,,,,,,,,,,,,,,,,,,,,,640975.0
product_daily,,,,,,,,,,,,19.0,,2017-11-28,18.0,,17.0,0.0,2.0,0.0,,,,,,,,,,,,,,,,,,,,,640975.0
product_daily,,,,,,,,,,,,33.0,,2017-11-29,29.0,,32.0,1.0,0.0,0.0,,,,,,,,,,,,,,,,,,,,,640975.0
product_daily,,,,,,,,,,,,35.0,,2017-11-30,31.0,,32.0,2.0,1.0,0.0,,,,,,,,,,,,,,,,,,,,,640975.0
product_daily,,,,,,,,,,,,23.0,,2017-12-01,20.0,,20.0,1.0,2.0,0.0,,,,,,,,,,,,,,,,,,,,,640975.0
product_daily,,,,,,,,,,,,32.0,,2017-12-02,30.0,,32.0,0.0,0.0,0.0,,,,,,,,,,,,,,,,,,,,,640975.0
product_daily,,,,,,,,,,,,33.0,,2017-12-03,32.0,,31.0,2.0,0.0,0.0,,,,,,,,,,,,,,,,,,,,,640975.0
product_daily,,,,,,,,,,,,17.0,,2017-11-25,14.0,,17.0,0.0,0.0,0.0,,,,,,,,,,,,,,,,,,,,,705557.0
product_daily,,,,,,,,,,,,23.0,,2017-11-26,18.0,,22.0,0.0,0.0,1.0,,,,,,,,,,,,,,,,,,,,,705557.0
product_daily,,,,,,,,,,,,38.0,,2017-11-27,31.0,,31.0,0.0,4.0,3.0,,,,,,,,,,,,,,,,,,,,,705557.0
product_daily,,,,,,,,,,,,43.0,,2017-11-28,31.0,,39.0,0.0,3.0,1.0,,,,,,,,,,,,,,,,,,,,,705557.0
product_daily,,,,,,,,,,,,29.0,,2017-11-29,20.0,,28.0,1.0,0.0,0.0,,,,,,,,,,,,,,,,,,,,,705557.0
product_daily,,,,,,,,,,,,30.0,,2017-11-30,21.0,,26.0,1.0,2.0,1.0,,,,,,,,,,,,,,,,,,,,,705557.0
product_daily,,,,,,,,,,,,7.0,,2017-12-01,6.0,,6.0,0.0,1.0,0.0,,,,,,,,,,,,,,,,,,,,,705557.0
product_daily,,,,,,,,,,,,17.0,,2017-12-02,13.0,,15.0,0.0,2.0,0.0,,,,,,,,,,,,,,,,,,,,,705557.0
product_daily,,,,,,,,,,,,104.0,,2017-12-03,77.0,,77.0,3.0,15.0,9.0,,,,,,,,,,,,,,,,,,,,,705557.0
product_daily,,,,,,,,,,,,33.0,,2017-11-25,26.0,,31.0,0.0,1.0,1.0,,,,,,,,,,,,,,,,,,,,,726505.0
product_daily,,,,,,,,,,,,19.0,,2017-11-26,16.0,,17.0,0.0,1.0,1.0,,,,,,,,,,,,,,,,,,,,,726505.0
product_daily,,,,,,,,,,,,28.0,,2017-11-27,26.0,,26.0,0.0,2.0,0.0,,,,,,,,,,,,,,,,,,,,,726505.0
product_daily,,,,,,,,,,,,30.0,,2017-11-28,23.0,,28.0,0.0,1.0,1.0,,,,,,,,,,,,,,,,,,,,,726505.0
product_daily,,,,,,,,,,,,26.0,,2017-11-29,23.0,,20.0,1.0,4.0,1.0,,,,,,,,,,,,,,,,,,,,,726505.0
product_daily,,,,,,,,,,,,27.0,,2017-11-30,27.0,,24.0,0.0,3.0,0.0,,,,,,,,,,,,,,,,,,,,,726505.0
product_daily,,,,,,,,,,,,23.0,,2017-12-01,15.0,,21.0,0.0,0.0,2.0,,,,,,,,,,,,,,,,,,,,,726505.0
product_daily,,,,,,,,,,,,9.0,,2017-12-02,8.0,,8.0,0.0,1.0,0.0,,,,,,,,,,,,,,,,,,,,,726505.0
product_daily,,,,,,,,,,,,8.0,,2017-12-03,7.0,,8.0,0.0,0.0,0.0,,,,,,,,,,,,,,,,,,,,,726505.0
product_daily,,,,,,,,,,,,25.0,,2017-11-25,24.0,,23.0,2.0,0.0,0.0,,,,,,,,,,,,,,,,,,,,,740947.0
product_daily,,,,,,,,,,,,15.0,,2017-11-26,14.0,,12.0,0.0,2.0,1.0,,,,,,,,,,,,,,,,,,,,,740947.0
product_daily,,,,,,,,,,,,19.0,,2017-11-27,17.0,,16.0,1.0,1.0,1.0,,,,,,,,,,,,,,,,,,,,,740947.0
product_daily,,,,,,,,,,,,22.0,,2017-11-28,18.0,,19.0,1.0,1.0,1.0,,,,,,,,,,,,,,,,,,,,,740947.0
product_daily,,,,,,,,,,,,25.0,,2017-11-29,25.0,,18.0,3.0,2.0,2.0,,,,,,,,,,,,,,,,,,,,,740947.0
product_daily,,,,,,,,,,,,19.0,,2017-11-30,14.0,,17.0,1.0,0.0,1.0,,,,,,,,,,,,,,,,,,,,,740947.0
product_daily,,,,,,,,,,,,32.0,,2017-12-01,27.0,,26.0,2.0,2.0,2.0,,,,,,,,,,,,,,,,,,,,,740947.0
product_daily,,,,,,,,,,,,24.0,,2017-12-02,22.0,,20.0,2.0,2.0,0.0,,,,,,,,,,,,,,,,,,,,,740947.0
product_daily,,,,,,,,,,,,19.0,,2017-12-03,18.0,,13.0,1.0,5.0,0.0,,,,,,,,,,,,,,,,,,,,,740947.0
product_daily,,,,,,,,,,,,4.0,,2017-11-25,4.0,,4.0,0.0,0.0,0.0,,,,,,,,,,,,,,,,,,,,,775348.0
product_daily,,,,,,,,,,,,5.0,,2017-11-26,5.0,,5.0,0.0,0.0,0.0,,,,,,,,,,,,,,,,,,,,,775348.0
product_daily,,,,,,,,,,,,25.0,,2017-11-27,24.0,,25.0,0.0,0.0,0.0,,,,,,,,,,,,,,,,,,,,,775348.0
product_daily,,,,,,,,,,,,13.0,,2017-11-28,13.0,,13.0,0.0,0.0,0.0,,,,,,,,,,,,,,,,,,,,,775348.0
product_daily,,,,,,,,,,,,28.0,,2017-11-29,28.0,,27.0,0.0,1.0,0.0,,,,,,,,,,,,,,,,,,,,,775348.0
product_daily,,,,,,,,,,,,23.0,,2017-11-30,23.0,,21.0,0.0,2.0,0.0,,,,,,,,,,,,,,,,,,,,,775348.0
product_daily,,,,,,,,,,,,27.0,,2017-12-01,27.0,,27.0,0.0,0.0,0.0,,,,,,,,,,,,,,,,,,,,,775348.0
product_daily,,,,,,,,,,,,54.0,,2017-12-02,52.0,,52.0,1.0,1.0,0.0,,,,,,,,,,,,,,,,,,,,,775348.0
product_daily,,,,,,,,,,,,19.0,,2017-12-03,19.0,,19.0,0.0,0.0,0.0,,,,,,,,,,,,,,,,,,,,,775348.0
product_daily,,,,,,,,,,,,78.0,,2017-11-25,60.0,,73.0,3.0,2.0,0.0,,,,,,,,,,,,,,,,,,,,,812879.0
product_daily,,,,,,,,,,,,68.0,,2017-11-26,54.0,,62.0,2.0,3.0,1.0,,,,,,,,,,,,,,,,,,,,,812879.0
product_daily,,,,,,,,,,,,61.0,,2017-11-27,50.0,,56.0,2.0,3.0,0.0,,,,,,,,,,,,,,,,,,,,,812879.0
product_daily,,,,,,,,,,,,71.0,,2017-11-28,56.0,,69.0,0.0,1.0,1.0,,,,,,,,,,,,,,,,,,,,,812879.0
product_daily,,,,,,,,,,,,80.0,,2017-11-29,68.0,,73.0,2.0,5.0,0.0,,,,,,,,,,,,,,,,,,,,,812879.0
product_daily,,,,,,,,,,,,76.0,,2017-11-30,63.0,,68.0,5.0,3.0,0.0,,,,,,,,,,,,,,,,,,,,,812879.0
product_daily,,,,,,,,,,,,69.0,,2017-12-01,57.0,,64.0,2.0,3.0,0.0,,,,,,,,,,,,,,,,,,,,,812879.0
product_daily,,,,,,,,,,,,100.0,,2017-12-02,77.0,,94.0,2.0,4.0,0.0,,,,,,,,,,,,,,,,,,,,,812879.0
product_daily,,,,,,,,,,,,80.0,,2017-12-03,61.0,,76.0,0.0,4.0,0.0,,,,,,,,,,,,,,,,,,,,,812879.0
product_daily,,,,,,,,,,,,19.0,,2017-11-25,18.0,,17.0,0.0,2.0,0.0,,,,,,,,,,,,,,,,,,,,,866111.0
product_daily,,,,,,,,,,,,19.0,,2017-11-26,16.0,,16.0,2.0,1.0,0.0,,,,,,,,,,,,,,,,,,,,,866111.0
product_daily,,,,,,,,,,,,31.0,,2017-11-27,23.0,,29.0,0.0,2.0,0.0,,,,,,,,,,,,,,,,,,,,,866111.0
product_daily,,,,,,,,,,,,18.0,,2017-11-28,17.0,,18.0,0.0,0.0,0.0,,,,,,,,,,,,,,,,,,,,,866111.0
product_daily,,,,,,,,,,,,26.0,,2017-11-29,19.0,,26.0,0.0,0.0,0.0,,,,,,,,,,,,,,,,,,,,,866111.0
product_daily,,,,,,,,,,,,28.0,,2017-11-30,25.0,,25.0,1.0,2.0,0.0,,,,,,,,,,,,,,,,,,,,,866111.0
product_daily,,,,,,,,,,,,35.0,,2017-12-01,27.0,,33.0,0.0,2.0,0.0,,,,,,,,,,,,,,,,,,,,,866111.0
product_daily,,,,,,,,,,,,21.0,,2017-12-02,21.0,,21.0,0.0,0.0,0.0,,,,,,,,,,,,,,,,,,,,,866111.0
product_daily,,,,,,,,,,,,21.0,,2017-12-03,16.0,,20.0,1.0,0.0,0.0,,,,,,,,,,,,,,,,,,,,,866111.0
product_daily,,,,,,,,,,,,48.0,,2017-11-25,44.0,,44.0,2.0,2.0,0.0,,,,,,,,,,,,,,,,,,,,,987143.0
product_daily,,,,,,,,,,,,74.0,,2017-11-26,57.0,,66.0,3.0,5.0,0.0,,,,,,,,,,,,,,,,,,,,,987143.0
product_daily,,,,,,,,,,,,44.0,,2017-11-27,41.0,,39.0,2.0,3.0,0.0,,,,,,,,,,,,,,,,,,,,,987143.0
product_daily,,,,,,,,,,,,57.0,,2017-11-28,53.0,,55.0,1.0,1.0,0.0,,,,,,,,,,,,,,,,,,,,,987143.0
product_daily,,,,,,,,,,,,52.0,,2017-11-29,48.0,,47.0,2.0,3.0,0.0,,,,,,,,,,,,,,,,,,,,,987143.0
product_daily,,,,,,,,,,,,23.0,,2017-11-30,18.0,,22.0,0.0,1.0,0.0,,,,,,,,,,,,,,,,,,,,,987143.0
product_daily,,,,,,,,,,,,16.0,,2017-12-01,16.0,,15.0,1.0,0.0,0.0,,,,,,,,,,,,,,,,,,,,,987143.0
product_daily,,,,,,,,,,,,21.0,,2017-12-02,17.0,,20.0,0.0,1.0,0.0,,,,,,,,,,,,,,,,,,,,,987143.0
product_daily,,,,,,,,,,,,19.0,,2017-12-03,16.0,,18.0,0.0,1.0,0.0,,,,,,,,,,,,,,,,,,,,,987143.0
product_daily,,,,,,,,,,,,8.0,,2017-11-25,8.0,,8.0,0.0,0.0,0.0,,,,,,,,,,,,,,,,,,,,,1154789.0
product_daily,,,,,,,,,,,,15.0,,2017-11-26,15.0,,14.0,0.0,1.0,0.0,,,,,,,,,,,,,,,,,,,,,1154789.0
product_daily,,,,,,,,,,,,17.0,,2017-11-27,13.0,,15.0,0.0,2.0,0.0,,,,,,,,,,,,,,,,,,,,,1154789.0
product_daily,,,,,,,,,,,,25.0,,2017-11-28,22.0,,21.0,3.0,1.0,0.0,,,,,,,,,,,,,,,,,,,,,1154789.0
product_daily,,,,,,,,,,,,22.0,,2017-11-29,21.0,,21.0,0.0,1.0,0.0,,,,,,,,,,,,,,,,,,,,,1154789.0
product_daily,,,,,,,,,,,,30.0,,2017-11-30,25.0,,25.0,1.0,2.0,2.0,,,,,,,,,,,,,,,,,,,,,1154789.0
product_daily,,,,,,,,,,,,32.0,,2017-12-01,28.0,,29.0,1.0,1.0,1.0,,,,,,,,,,,,,,,,,,,,,1154789.0
product_daily,,,,,,,,,,,,26.0,,2017-12-02,26.0,,25.0,0.0,1.0,0.0,,,,,,,,,,,,,,,,,,,,,1154789.0
product_daily,,,,,,,,,,,,18.0,,2017-12-03,15.0,,17.0,1.0,0.0,0.0,,,,,,,,,,,,,,,,,,,,,1154789.0
product_daily,,,,,,,,,,,,16.0,,2017-11-25,16.0,,15.0,0.0,1.0,0.0,,,,,,,,,,,,,,,,,,,,,1164931.0
product_daily,,,,,,,,,,,,15.0,,2017-11-26,15.0,,12.0,2.0,1.0,0.0,,,,,,,,,,,,,,,,,,,,,1164931.0
product_daily,,,,,,,,,,,,19.0,,2017-11-27,17.0,,17.0,1.0,1.0,0.0,,,,,,,,,,,,,,,,,,,,,1164931.0
product_daily,,,,,,,,,,,,20.0,,2017-11-28,20.0,,18.0,1.0,1.0,0.0,,,,,,,,,,,,,,,,,,,,,1164931.0
product_daily,,,,,,,,,,,,17.0,,2017-11-29,17.0,,16.0,1.0,0.0,0.0,,,,,,,,,,,,,,,,,,,,,1164931.0
product_daily,,,,,,,,,,,,46.0,,2017-11-30,45.0,,40.0,1.0,5.0,0.0,,,,,,,,,,,,,,,,,,,,,1164931.0
product_daily,,,,,,,,,,,,22.0,,2017-12-01,21.0,,17.0,2.0,3.0,0.0,,,,,,,,,,,,,,,,,,,,,1164931.0
product_daily,,,,,,,,,,,,34.0,,2017-12-02,31.0,,30.0,0.0,4.0,0.0,,,,,,,,,,,,,,,,,,,,,1164931.0
product_daily,,,,,,,,,,,,31.0,,2017-12-03,31.0,,29.0,1.0,1.0,0.0,,,,,,,,,,,,,,,,,,,,,1164931.0
product_daily,,,,,,,,,,,,28.0,,2017-11-25,27.0,,25.0,0.0,3.0,0.0,,,,,,,,,,,,,,,,,,,,,1223110.0
product_daily,,,,,,,,,,,,36.0,,2017-11-26,33.0,,35.0,0.0,1.0,0.0,,,,,,,,,,,,,,,,,,,,,1223110.0
product_daily,,,,,,,,,,,,29.0,,2017-11-27,26.0,,28.0,0.0,1.0,0.0,,,,,,,,,,,,,,,,,,,,,1223110.0
product_daily,,,,,,,,,,,,25.0,,2017-11-28,22.0,,25.0,0.0,0.0,0.0,,,,,,,,,,,,,,,,,,,,,1223110.0
product_daily,,,,,,,,,,,,29.0,,2017-11-29,27.0,,29.0,0.0,0.0,0.0,,,,,,,,,,,,,,,,,,,,,1223110.0
product_daily,,,,,,,,,,,,24.0,,2017-11-30,22.0,,22.0,0.0,2.0,0.0,,,,,,,,,,,,,,,,,,,,,1223110.0
product_daily,,,,,,,,,,,,26.0,,2017-12-01,22.0,,23.0,2.0,1.0,0.0,,,,,,,,,,,,,,,,,,,,,1223110.0
product_daily,,,,,,,,,,,,28.0,,2017-12-02,25.0,,24.0,2.0,2.0,0.0,,,,,,,,,,,,,,,,,,,,,1223110.0
product_daily,,,,,,,,,,,,45.0,,2017-12-03,39.0,,43.0,0.0,2.0,0.0,,,,,,,,,,,,,,,,,,,,,1223110.0
product_daily,,,,,,,,,,,,25.0,,2017-11-25,20.0,,21.0,1.0,3.0,0.0,,,,,,,,,,,,,,,,,,,,,1402604.0
product_daily,,,,,,,,,,,,29.0,,2017-11-26,25.0,,25.0,2.0,2.0,0.0,,,,,,,,,,,,,,,,,,,,,1402604.0
product_daily,,,,,,,,,,,,28.0,,2017-11-27,25.0,,23.0,2.0,3.0,0.0,,,,,,,,,,,,,,,,,,,,,1402604.0
product_daily,,,,,,,,,,,,25.0,,2017-11-28,19.0,,21.0,0.0,3.0,1.0,,,,,,,,,,,,,,,,,,,,,1402604.0
product_daily,,,,,,,,,,,,26.0,,2017-11-29,22.0,,24.0,0.0,2.0,0.0,,,,,,,,,,,,,,,,,,,,,1402604.0
product_daily,,,,,,,,,,,,30.0,,2017-11-30,22.0,,23.0,0.0,4.0,3.0,,,,,,,,,,,,,,,,,,,,,1402604.0
product_daily,,,,,,,,,,,,18.0,,2017-12-01,17.0,,16.0,0.0,2.0,0.0,,,,,,,,,,,,,,,,,,,,,1402604.0
product_daily,,,,,,,,,,,,31.0,,2017-12-02,25.0,,28.0,0.0,2.0,1.0,,,,,,,,,,,,,,,,,,,,,1402604.0
product_daily,,,,,,,,,,,,22.0,,2017-12-03,21.0,,22.0,0.0,0.0,0.0,,,,,,,,,,,,,,,,,,,,,1402604.0
product_daily,,,,,,,,,,,,37.0,,2017-11-25,35.0,,31.0,1.0,3.0,2.0,,,,,,,,,,,,,,,,,,,,,1444258.0
product_daily,,,,,,,,,,,,36.0,,2017-11-26,32.0,,35.0,0.0,1.0,0.0,,,,,,,,,,,,,,,,,,,,,1444258.0
product_daily,,,,,,,,,,,,17.0,,2017-11-27,17.0,,14.0,1.0,1.0,1.0,,,,,,,,,,,,,,,,,,,,,1444258.0
product_daily,,,,,,,,,,,,24.0,,2017-11-28,21.0,,21.0,0.0,2.0,1.0,,,,,,,,,,,,,,,,,,,,,1444258.0
product_daily,,,,,,,,,,,,8.0,,2017-11-29,8.0,,8.0,0.0,0.0,0.0,,,,,,,,,,,,,,,,,,,,,1444258.0
product_daily,,,,,,,,,,,,33.0,,2017-11-30,28.0,,30.0,0.0,2.0,1.0,,,,,,,,,,,,,,,,,,,,,1444258.0
product_daily,,,,,,,,,,,,40.0,,2017-12-01,33.0,,36.0,0.0,2.0,2.0,,,,,,,,,,,,,,,,,,,,,1444258.0
product_daily,,,,,,,,,,,,31.0,,2017-12-02,27.0,,29.0,0.0,0.0,2.0,,,,,,,,,,,,,,,,,,,,,1444258.0
product_daily,,,,,,,,,,,,27.0,,2017-12-03,24.0,,21.0,1.0,4.0,1.0,,,,,,,,,,,,,,,,,,,,,1444258.0
product_daily,,,,,,,,,,,,16.0,,2017-11-25,16.0,,15.0,0.0,1.0,0.0,,,,,,,,,,,,,,,,,,,,,1457948.0
product_daily,,,,,,,,,,,,26.0,,2017-11-26,19.0,,23.0,3.0,0.0,0.0,,,,,,,,,,,,,,,,,,,,,1457948.0
product_daily,,,,,,,,,,,,21.0,,2017-11-27,16.0,,17.0,2.0,2.0,0.0,,,,,,,,,,,,,,,,,,,,,1457948.0
product_daily,,,,,,,,,,,,19.0,,2017-11-28,14.0,,18.0,0.0,0.0,1.0,,,,,,,,,,,,,,,,,,,,,1457948.0
product_daily,,,,,,,,,,,,23.0,,2017-11-29,18.0,,21.0,0.0,2.0,0.0,,,,,,,,,,,,,,,,,,,,,1457948.0
product_daily,,,,,,,,,,,,25.0,,2017-11-30,20.0,,24.0,1.0,0.0,0.0,,,,,,,,,,,,,,,,,,,,,1457948.0
product_daily,,,,,,,,,,,,16.0,,2017-12-01,14.0,,14.0,0.0,2.0,0.0,,,,,,,,,,,,,,,,,,,,,1457948.0
product_daily,,,,,,,,,,,,23.0,,2017-12-02,20.0,,23.0,0.0,0.0,0.0,,,,,,,,,,,,,,,,,,,,,1457948.0
product_daily,,,,,,,,,,,,24.0,,2017-12-03,16.0,,24.0,0.0,0.0,0.0,,,,,,,,,,,,,,,,,,,,,1457948.0
product_daily,,,,,,,,,,,,29.0,,2017-11-25,20.0,,28.0,1.0,0.0,0.0,,,,,,,,,,,,,,,,,,,,,1459442.0
product_daily,,,,,,,,,,,,14.0,,2017-11-26,10.0,,12.0,1.0,1.0,0.0,,,,,,,,,,,,,,,,,,,,,1459442.0
product_daily,,,,,,,,,,,,30.0,,2017-11-27,27.0,,27.0,1.0,2.0,0.0,,,,,,,,,,,,,,,,,,,,,1459442.0
product_daily,,,,,,,,,,,,13.0,,2017-11-28,10.0,,13.0,0.0,0.0,0.0,,,,,,,,,,,,,,,,,,,,,1459442.0
product_daily,,,,,,,,,,,,20.0,,2017-11-29,18.0,,20.0,0.0,0.0,0.0,,,,,,,,,,,,,,,,,,,,,1459442.0
product_daily,,,,,,,,,,,,15.0,,2017-11-30,14.0,,15.0,0.0,0.0,0.0,,,,,,,,,,,,,,,,,,,,,1459442.0
product_daily,,,,,,,,,,,,24.0,,2017-12-01,20.0,,22.0,1.0,1.0,0.0,,,,,,,,,,,,,,,,,,,,,1459442.0
product_daily,,,,,,,,,,,,25.0,,2017-12-02,17.0,,23.0,0.0,2.0,0.0,,,,,,,,,,,,,,,,,,,,,1459442.0
product_daily,,,,,,,,,,,,18.0,,2017-12-03,14.0,,14.0,2.0,2.0,0.0,,,,,,,,,,,,,,,,,,,,,1459442.0
product_daily,,,,,,,,,,,,6.0,,2017-11-25,6.0,,5.0,0.0,1.0,0.0,,,,,,,,,,,,,,,,,,,,,1535294.0
product_daily,,,,,,,,,,,,7.0,,2017-11-26,7.0,,6.0,0.0,1.0,0.0,,,,,,,,,,,,,,,,,,,,,1535294.0
product_daily,,,,,,,,,,,,11.0,,2017-11-27,11.0,,10.0,1.0,0.0,0.0,,,,,,,,,,,,,,,,,,,,,1535294.0
product_daily,,,,,,,,,,,,30.0,,2017-11-28,29.0,,27.0,0.0,2.0,1.0,,,,,,,,,,,,,,,,,,,,,1535294.0
product_daily,,,,,,,,,,,,43.0,,2017-11-29,42.0,,37.0,2.0,4.0,0.0,,,,,,,,,,,,,,,,,,,,,1535294.0
product_daily,,,,,,,,,,,,80.0,,2017-11-30,70.0,,68.0,4.0,4.0,4.0,,,,,,,,,,,,,,,,,,,,,1535294.0
product_daily,,,,,,,,,,,,60.0,,2017-12-01,52.0,,51.0,2.0,3.0,4.0,,,,,,,,,,,,,,,,,,,,,1535294.0
product_daily,,,,,,,,,,,,114.0,,2017-12-02,104.0,,99.0,6.0,8.0,1.0,,,,,,,,,,,,,,,,,,,,,1535294.0
product_daily,,,,,,,,,,,,95.0,,2017-12-03,84.0,,83.0,3.0,7.0,2.0,,,,,,,,,,,,,,,,,,,,,1535294.0
product_daily,,,,,,,,,,,,15.0,,2017-11-25,15.0,,15.0,0.0,0.0,0.0,,,,,,,,,,,,,,,,,,,,,1541734.0
product_daily,,,,,,,,,,,,19.0,,2017-11-26,17.0,,18.0,1.0,0.0,0.0,,,,,,,,,,,,,,,,,,,,,1541734.0
product_daily,,,,,,,,,,,,24.0,,2017-11-27,23.0,,22.0,0.0,2.0,0.0,,,,,,,,,,,,,,,,,,,,,1541734.0
product_daily,,,,,,,,,,,,27.0,,2017-11-28,19.0,,26.0,1.0,0.0,0.0,,,,,,,,,,,,,,,,,,,,,1541734.0
product_daily,,,,,,,,,,,,27.0,,2017-11-29,24.0,,24.0,1.0,2.0,0.0,,,,,,,,,,,,,,,,,,,,,1541734.0
product_daily,,,,,,,,,,,,19.0,,2017-11-30,19.0,,18.0,0.0,1.0,0.0,,,,,,,,,,,,,,,,,,,,,1541734.0
product_daily,,,,,,,,,,,,22.0,,2017-12-01,20.0,,22.0,0.0,0.0,0.0,,,,,,,,,,,,,,,,,,,,,1541734.0
product_daily,,,,,,,,,,,,22.0,,2017-12-02,21.0,,18.0,0.0,4.0,0.0,,,,,,,,,,,,,,,,,,,,,1541734.0
product_daily,,,,,,,,,,,,29.0,,2017-12-03,25.0,,27.0,1.0,1.0,0.0,,,,,,,,,,,,,,,,,,,,,1541734.0
product_daily,,,,,,,,,,,,40.0,,2017-11-25,38.0,,38.0,1.0,1.0,0.0,,,,,,,,,,,,,,,,,,,,,1583704.0
product_daily,,,,,,,,,,,,43.0,,2017-11-26,43.0,,40.0,2.0,1.0,0.0,,,,,,,,,,,,,,,,,,,,,1583704.0
product_daily,,,,,,,,,,,,24.0,,2017-11-27,23.0,,22.0,2.0,0.0,0.0,,,,,,,,,,,,,,,,,,,,,1583704.0
product_daily,,,,,,,,,,,,37.0,,2017-11-28,34.0,,30.0,1.0,6.0,0.0,,,,,,,,,,,,,,,,,,,,,1583704.0
product_daily,,,,,,,,,,,,36.0,,2017-11-29,31.0,,36.0,0.0,0.0,0.0,,,,,,,,,,,,,,,,,,,,,1583704.0
product_daily,,,,,,,,,,,,38.0,,2017-11-30,37.0,,32.0,4.0,2.0,0.0,,,,,,,,,,,,,,,,,,,,,1583704.0
product_daily,,,,,,,,,,,,37.0,,2017-12-01,36.0,,33.0,1.0,3.0,0.0,,,,,,,,,,,,,,,,,,,,,1583704.0
product_daily,,,,,,,,,,,,40.0,,2017-12-02,36.0,,36.0,2.0,1.0,1.0,,,,,,,,,,,,,,,,,,,,,1583704.0
product_daily,,,,,,,,,,,,41.0,,2017-12-03,36.0,,40.0,0.0,0.0,1.0,,,,,,,,,,,,,,,,,,,,,1583704.0
product_daily,,,,,,,,,,,,1.0,,2017-11-29,1.0,,1.0,0.0,0.0,0.0,,,,,,,,,,,,,,,,,,,,,1591862.0
product_daily,,,,,,,,,,,,350.0,,2017-11-30,270.0,,350.0,0.0,0.0,0.0,,,,,,,,,,,,,,,,,,,,,1591862.0
product_daily,,,,,,,,,,,,2.0,,2017-12-01,2.0,,2.0,0.0,0.0,0.0,,,,,,,,,,,,,,,,,,,,,1591862.0
product_daily,,,,,,,,,,,,1.0,,2017-12-03,1.0,,1.0,0.0,0.0,0.0,,,,,,,,,,,,,,,,,,,,,1591862.0
product_daily,,,,,,,,,,,,26.0,,2017-11-25,24.0,,23.0,0.0,3.0,0.0,,,,,,,,,,,,,,,,,,,,,1684440.0
product_daily,,,,,,,,,,,,22.0,,2017-11-26,20.0,,12.0,1.0,8.0,1.0,,,,,,,,,,,,,,,,,,,,,1684440.0
product_daily,,,,,,,,,,,,21.0,,2017-11-27,16.0,,18.0,0.0,2.0,1.0,,,,,,,,,,,,,,,,,,,,,1684440.0
product_daily,,,,,,,,,,,,17.0,,2017-11-28,15.0,,13.0,1.0,3.0,0.0,,,,,,,,,,,,,,,,,,,,,1684440.0
product_daily,,,,,,,,,,,,17.0,,2017-11-29,14.0,,12.0,2.0,3.0,0.0,,,,,,,,,,,,,,,,,,,,,1684440.0
product_daily,,,,,,,,,,,,31.0,,2017-11-30,23.0,,24.0,1.0,2.0,4.0,,,,,,,,,,,,,,,,,,,,,1684440.0
product_daily,,,,,,,,,,,,15.0,,2017-12-01,15.0,,9.0,1.0,4.0,1.0,,,,,,,,,,,,,,,,,,,,,1684440.0
product_daily,,,,,,,,,,,,15.0,,2017-12-02,13.0,,15.0,0.0,0.0,0.0,,,,,,,,,,,,,,,,,,,,,1684440.0
product_daily,,,,,,,,,,,,26.0,,2017-12-03,20.0,,22.0,2.0,0.0,2.0,,,,,,,,,,,,,,,,,,,,,1684440.0
product_daily,,,,,,,,,,,,19.0,,2017-11-25,19.0,,18.0,1.0,0.0,0.0,,,,,,,,,,,,,,,,,,,,,1699547.0
product_daily,,,,,,,,,,,,22.0,,2017-11-26,17.0,,19.0,1.0,2.0,0.0,,,,,,,,,,,,,,,,,,,,,1699547.0
product_daily,,,,,,,,,,,,24.0,,2017-11-27,22.0,,22.0,1.0,1.0,0.0,,,,,,,,,,,,,,,,,,,,,1699547.0
product_daily,,,,,,,,,,,,20.0,,2017-11-28,18.0,,20.0,0.0,0.0,0.0,,,,,,,,,,,,,,,,,,,,,1699547.0
product_daily,,,,,,,,,,,,28.0,,2017-11-29,27.0,,25.0,1.0,2.0,0.0,,,,,,,,,,,,,,,,,,,,,1699547.0
product_daily,,,,,,,,,,,,44.0,,2017-11-30,41.0,,41.0,1.0,2.0,0.0,,,,,,,,,,,,,,,,,,,,,1699547.0
product_daily,,,,,,,,,,,,27.0,,2017-12-01,23.0,,27.0,0.0,0.0,0.0,,,,,,,,,,,,,,,,,,,,,1699547.0
product_daily,,,,,,,,,,,,16.0,,2017-12-02,13.0,,15.0,0.0,1.0,0.0,,,,,,,,,,,,,,,,,,,,,1699547.0
product_daily,,,,,,,,,,,,20.0,,2017-12-03,18.0,,19.0,1.0,0.0,0.0,,,,,,,,,,,,,,,,,,,,,1699547.0
product_daily,,,,,,,,,,,,25.0,,2017-11-25,19.0,,25.0,0.0,0.0,0.0,,,,,,,,,,,,,,,,,,,,,1773536.0
product_daily,,,,,,,,,,,,29.0,,2017-11-26,25.0,,28.0,0.0,1.0,0.0,,,,,,,,,,,,,,,,,,,,,1773536.0
product_daily,,,,,,,,,,,,20.0,,2017-11-27,16.0,,20.0,0.0,0.0,0.0,,,,,,,,,,,,,,,,,,,,,1773536.0
product_daily,,,,,,,,,,,,31.0,,2017-11-28,22.0,,29.0,0.0,2.0,0.0,,,,,,,,,,,,,,,,,,,,,1773536.0
product_daily,,,,,,,,,,,,20.0,,2017-11-29,19.0,,19.0,0.0,0.0,1.0,,,,,,,,,,,,,,,,,,,,,1773536.0
product_daily,,,,,,,,,,,,24.0,,2017-11-30,20.0,,20.0,0.0,4.0,0.0,,,,,,,,,,,,,,,,,,,,,1773536.0
product_daily,,,,,,,,,,,,25.0,,2017-12-01,21.0,,25.0,0.0,0.0,0.0,,,,,,,,,,,,,,,,,,,,,1773536.0
product_daily,,,,,,,,,,,,25.0,,2017-12-02,21.0,,24.0,0.0,0.0,1.0,,,,,,,,,,,,,,,,,,,,,1773536.0
product_daily,,,,,,,,,,,,26.0,,2017-12-03,22.0,,26.0,0.0,0.0,0.0,,,,,,,,,,,,,,,,,,,,,1773536.0
product_daily,,,,,,,,,,,,7.0,,2017-11-25,7.0,,7.0,0.0,0.0,0.0,,,,,,,,,,,,,,,,,,,,,1819353.0
product_daily,,,,,,,,,,,,12.0,,2017-11-26,11.0,,11.0,0.0,1.0,0.0,,,,,,,,,,,,,,,,,,,,,1819353.0
product_daily,,,,,,,,,,,,10.0,,2017-11-27,10.0,,10.0,0.0,0.0,0.0,,,,,,,,,,,,,,,,,,,,,1819353.0
product_daily,,,,,,,,,,,,20.0,,2017-11-28,20.0,,18.0,0.0,1.0,1.0,,,,,,,,,,,,,,,,,,,,,1819353.0
product_daily,,,,,,,,,,,,21.0,,2017-11-29,19.0,,19.0,0.0,2.0,0.0,,,,,,,,,,,,,,,,,,,,,1819353.0
product_daily,,,,,,,,,,,,32.0,,2017-11-30,32.0,,29.0,1.0,1.0,1.0,,,,,,,,,,,,,,,,,,,,,1819353.0
product_daily,,,,,,,,,,,,21.0,,2017-12-01,20.0,,20.0,1.0,0.0,0.0,,,,,,,,,,,,,,,,,,,,,1819353.0
product_daily,,,,,,,,,,,,43.0,,2017-12-02,43.0,,40.0,0.0,3.0,0.0,,,,,,,,,,,,,,,,,,,,,1819353.0
product_daily,,,,,,,,,,,,44.0,,2017-12-03,44.0,,43.0,0.0,1.0,0.0,,,,,,,,,,,,,,,,,,,,,1819353.0
product_daily,,,,,,,,,,,,31.0,,2017-11-25,25.0,,29.0,2.0,0.0,0.0,,,,,,,,,,,,,,,,,,,,,1864347.0
product_daily,,,,,,,,,,,,24.0,,2017-11-26,18.0,,23.0,1.0,0.0,0.0,,,,,,,,,,,,,,,,,,,,,1864347.0
product_daily,,,,,,,,,,,,14.0,,2017-11-27,12.0,,13.0,1.0,0.0,0.0,,,,,,,,,,,,,,,,,,,,,1864347.0
product_daily,,,,,,,,,,,,20.0,,2017-11-28,19.0,,18.0,2.0,0.0,0.0,,,,,,,,,,,,,,,,,,,,,1864347.0
product_daily,,,,,,,,,,,,24.0,,2017-11-29,24.0,,23.0,0.0,1.0,0.0,,,,,,,,,,,,,,,,,,,,,1864347.0
product_daily,,,,,,,,,,,,21.0,,2017-11-30,19.0,,20.0,1.0,0.0,0.0,,,,,,,,,,,,,,,,,,,,,1864347.0
product_daily,,,,,,,,,,,,26.0,,2017-12-01,22.0,,23.0,2.0,1.0,0.0,,,,,,,,,,,,,,,,,,,,,1864347.0
product_daily,,,,,,,,,,,,24.0,,2017-12-02,18.0,,22.0,1.0,1.0,0.0,,,,,,,,,,,,,,,,,,,,,1864347.0
product_daily,,,,,,,,,,,,16.0,,2017-12-03,15.0,,16.0,0.0,0.0,0.0,,,,,,,,,,,,,,,,,,,,,1864347.0
product_daily,,,,,,,,,,,,35.0,,2017-11-25,28.0,,32.0,1.0,2.0,0.0,,,,,,,,,,,,,,,,,,,,,1886236.0
product_daily,,,,,,,,,,,,35.0,,2017-11-26,32.0,,32.0,1.0,1.0,1.0,,,,,,,,,,,,,,,,,,,,,1886236.0
product_daily,,,,,,,,,,,,31.0,,2017-11-27,26.0,,29.0,0.0,2.0,0.0,,,,,,,,,,,,,,,,,,,,,1886236.0
product_daily,,,,,,,,,,,,23.0,,2017-11-28,21.0,,21.0,0.0,2.0,0.0,,,,,,,,,,,,,,,,,,,,,1886236.0
product_daily,,,,,,,,,,,,18.0,,2017-11-29,13.0,,16.0,0.0,2.0,0.0,,,,,,,,,,,,,,,,,,,,,1886236.0
product_daily,,,,,,,,,,,,22.0,,2017-11-30,18.0,,20.0,0.0,2.0,0.0,,,,,,,,,,,,,,,,,,,,,1886236.0
product_daily,,,,,,,,,,,,17.0,,2017-12-01,16.0,,16.0,1.0,0.0,0.0,,,,,,,,,,,,,,,,,,,,,1886236.0
product_daily,,,,,,,,,,,,18.0,,2017-12-02,18.0,,18.0,0.0,0.0,0.0,,,,,,,,,,,,,,,,,,,,,1886236.0
product_daily,,,,,,,,,,,,14.0,,2017-12-03,14.0,,13.0,0.0,1.0,0.0,,,,,,,,,,,,,,,,,,,,,1886236.0
product_daily,,,,,,,,,,,,31.0,,2017-11-25,30.0,,30.0,0.0,1.0,0.0,,,,,,,,,,,,,,,,,,,,,1951985.0
product_daily,,,,,,,,,,,,30.0,,2017-11-26,28.0,,28.0,0.0,2.0,0.0,,,,,,,,,,,,,,,,,,,,,1951985.0
product_daily,,,,,,,,,,,,21.0,,2017-11-27,21.0,,21.0,0.0,0.0,0.0,,,,,,,,,,,,,,,,,,,,,1951985.0
product_daily,,,,,,,,,,,,41.0,,2017-11-28,37.0,,40.0,0.0,1.0,0.0,,,,,,,,,,,,,,,,,,,,,1951985.0
product_daily,,,,,,,,,,,,38.0,,2017-11-29,36.0,,34.0,3.0,1.0,0.0,,,,,,,,,,,,,,,,,,,,,1951985.0
product_daily,,,,,,,,,,,,45.0,,2017-11-30,45.0,,42.0,2.0,1.0,0.0,,,,,,,,,,,,,,,,,,,,,1951985.0
product_daily,,,,,,,,,,,,30.0,,2017-12-01,30.0,,25.0,1.0,4.0,0.0,,,,,,,,,,,,,,,,,,,,,1951985.0
product_daily,,,,,,,,,,,,6.0,,2017-12-02,6.0,,5.0,1.0,0.0,0.0,,,,,,,,,,,,,,,,,,,,,1951985.0
product_daily,,,,,,,,,,,,4.0,,2017-12-03,4.0,,4.0,0.0,0.0,0.0,,,,,,,,,,,,,,,,,,,,,1951985.0
product_daily,,,,,,,,,,,,20.0,,2017-11-25,14.0,,17.0,1.0,2.0,0.0,,,,,,,,,,,,,,,,,,,,,1962765.0
product_daily,,,,,,,,,,,,36.0,,2017-11-26,24.0,,32.0,0.0,1.0,3.0,,,,,,,,,,,,,,,,,,,,,1962765.0
product_daily,,,,,,,,,,,,19.0,,2017-11-27,18.0,,17.0,0.0,2.0,0.0,,,,,,,,,,,,,,,,,,,,,1962765.0
product_daily,,,,,,,,,,,,26.0,,2017-11-28,19.0,,25.0,0.0,0.0,1.0,,,,,,,,,,,,,,,,,,,,,1962765.0
product_daily,,,,,,,,,,,,28.0,,2017-11-29,22.0,,27.0,1.0,0.0,0.0,,,,,,,,,,,,,,,,,,,,,1962765.0
product_daily,,,,,,,,,,,,11.0,,2017-11-30,10.0,,11.0,0.0,0.0,0.0,,,,,,,,,,,,,,,,,,,,,1962765.0
product_daily,,,,,,,,,,,,13.0,,2017-12-01,11.0,,12.0,0.0,1.0,0.0,,,,,,,,,,,,,,,,,,,,,1962765.0
product_daily,,,,,,,,,,,,19.0,,2017-12-02,15.0,,19.0,0.0,0.0,0.0,,,,,,,,,,,,,,,,,,,,,1962765.0
product_daily,,,,,,,,,,,,34.0,,2017-12-03,28.0,,31.0,2.0,1.0,0.0,,,,,,,,,,,,,,,,,,,,,1962765.0
product_daily,,,,,,,,,,,,18.0,,2017-11-25,15.0,,15.0,1.0,2.0,0.0,,,,,,,,,,,,,,,,,,,,,1989476.0
product_daily,,,,,,,,,,,,24.0,,2017-11-26,21.0,,24.0,0.0,0.0,0.0,,,,,,,,,,,,,,,,,,,,,1989476.0
product_daily,,,,,,,,,,,,15.0,,2017-11-27,13.0,,13.0,0.0,2.0,0.0,,,,,,,,,,,,,,,,,,,,,1989476.0
product_daily,,,,,,,,,,,,14.0,,2017-11-28,6.0,,14.0,0.0,0.0,0.0,,,,,,,,,,,,,,,,,,,,,1989476.0
product_daily,,,,,,,,,,,,28.0,,2017-11-29,18.0,,26.0,0.0,2.0,0.0,,,,,,,,,,,,,,,,,,,,,1989476.0
product_daily,,,,,,,,,,,,19.0,,2017-11-30,15.0,,19.0,0.0,0.0,0.0,,,,,,,,,,,,,,,,,,,,,1989476.0
product_daily,,,,,,,,,,,,21.0,,2017-12-01,17.0,,19.0,0.0,1.0,1.0,,,,,,,,,,,,,,,,,,,,,1989476.0
product_daily,,,,,,,,,,,,33.0,,2017-12-02,24.0,,29.0,2.0,2.0,0.0,,,,,,,,,,,,,,,,,,,,,1989476.0
product_daily,,,,,,,,,,,,15.0,,2017-12-03,14.0,,14.0,0.0,1.0,0.0,,,,,,,,,,,,,,,,,,,,,1989476.0
product_daily,,,,,,,,,,,,22.0,,2017-11-25,20.0,,19.0,2.0,1.0,0.0,,,,,,,,,,,,,,,,,,,,,2032668.0
product_daily,,,,,,,,,,,,50.0,,2017-11-26,38.0,,44.0,2.0,3.0,1.0,,,,,,,,,,,,,,,,,,,,,2032668.0
product_daily,,,,,,,,,,,,69.0,,2017-11-27,57.0,,67.0,0.0,2.0,0.0,,,,,,,,,,,,,,,,,,,,,2032668.0
product_daily,,,,,,,,,,,,60.0,,2017-11-28,45.0,,55.0,2.0,1.0,2.0,,,,,,,,,,,,,,,,,,,,,2032668.0
product_daily,,,,,,,,,,,,48.0,,2017-11-29,44.0,,41.0,4.0,2.0,1.0,,,,,,,,,,,,,,,,,,,,,2032668.0
product_daily,,,,,,,,,,,,54.0,,2017-11-30,51.0,,48.0,1.0,5.0,0.0,,,,,,,,,,,,,,,,,,,,,2032668.0
product_daily,,,,,,,,,,,,61.0,,2017-12-01,57.0,,60.0,0.0,1.0,0.0,,,,,,,,,,,,,,,,,,,,,2032668.0
product_daily,,,,,,,,,,,,68.0,,2017-12-02,64.0,,67.0,0.0,1.0,0.0,,,,,,,,,,,,,,,,,,,,,2032668.0
product_daily,,,,,,,,,,,,72.0,,2017-12-03,57.0,,68.0,2.0,2.0,0.0,,,,,,,,,,,,,,,,,,,,,2032668.0
product_daily,,,,,,,,,,,,35.0,,2017-11-25,27.0,,32.0,0.0,3.0,0.0,,,,,,,,,,,,,,,,,,,,,2099112.0
product_daily,,,,,,,,,,,,34.0,,2017-11-26,29.0,,32.0,0.0,2.0,0.0,,,,,,,,,,,,,,,,,,,,,2099112.0
product_daily,,,,,,,,,,,,22.0,,2017-11-27,17.0,,17.0,1.0,4.0,0.0,,,,,,,,,,,,,,,,,,,,,2099112.0
product_daily,,,,,,,,,,,,14.0,,2017-11-28,12.0,,12.0,1.0,1.0,0.0,,,,,,,,,,,,,,,,,,,,,2099112.0
product_daily,,,,,,,,,,,,27.0,,2017-11-29,27.0,,26.0,0.0,1.0,0.0,,,,,,,,,,,,,,,,,,,,,2099112.0
product_daily,,,,,,,,,,,,18.0,,2017-11-30,16.0,,18.0,0.0,0.0,0.0,,,,,,,,,,,,,,,,,,,,,2099112.0
product_daily,,,,,,,,,,,,21.0,,2017-12-01,18.0,,19.0,0.0,2.0,0.0,,,,,,,,,,,,,,,,,,,,,2099112.0
product_daily,,,,,,,,,,,,16.0,,2017-12-02,14.0,,16.0,0.0,0.0,0.0,,,,,,,,,,,,,,,,,,,,,2099112.0
product_daily,,,,,,,,,,,,16.0,,2017-12-03,15.0,,14.0,1.0,1.0,0.0,,,,,,,,,,,,,,,,,,,,,2099112.0
product_daily,,,,,,,,,,,,24.0,,2017-11-25,24.0,,22.0,1.0,1.0,0.0,,,,,,,,,,,,,,,,,,,,,2161188.0
product_daily,,,,,,,,,,,,20.0,,2017-11-26,20.0,,20.0,0.0,0.0,0.0,,,,,,,,,,,,,,,,,,,,,2161188.0
product_daily,,,,,,,,,,,,23.0,,2017-11-27,23.0,,21.0,2.0,0.0,0.0,,,,,,,,,,,,,,,,,,,,,2161188.0
product_daily,,,,,,,,,,,,16.0,,2017-11-28,15.0,,15.0,1.0,0.0,0.0,,,,,,,,,,,,,,,,,,,,,2161188.0
product_daily,,,,,,,,,,,,19.0,,2017-11-29,18.0,,18.0,0.0,1.0,0.0,,,,,,,,,,,,,,,,,,,,,2161188.0
product_daily,,,,,,,,,,,,23.0,,2017-11-30,22.0,,21.0,1.0,1.0,0.0,,,,,,,,,,,,,,,,,,,,,2161188.0
product_daily,,,,,,,,,,,,20.0,,2017-12-01,20.0,,20.0,0.0,0.0,0.0,,,,,,,,,,,,,,,,,,,,,2161188.0
product_daily,,,,,,,,,,,,33.0,,2017-12-02,32.0,,31.0,0.0,2.0,0.0,,,,,,,,,,,,,,,,,,,,,2161188.0
product_daily,,,,,,,,,,,,21.0,,2017-12-03,19.0,,20.0,1.0,0.0,0.0,,,,,,,,,,,,,,,,,,,,,2161188.0
product_daily,,,,,,,,,,,,19.0,,2017-11-25,14.0,,16.0,1.0,1.0,1.0,,,,,,,,,,,,,,,,,,,,,2167765.0
product_daily,,,,,,,,,,,,24.0,,2017-11-26,21.0,,24.0,0.0,0.0,0.0,,,,,,,,,,,,,,,,,,,,,2167765.0
product_daily,,,,,,,,,,,,30.0,,2017-11-27,18.0,,24.0,1.0,2.0,3.0,,,,,,,,,,,,,,,,,,,,,2167765.0
product_daily,,,,,,,,,,,,38.0,,2017-11-28,27.0,,36.0,2.0,0.0,0.0,,,,,,,,,,,,,,,,,,,,,2167765.0
product_daily,,,,,,,,,,,,28.0,,2017-11-29,22.0,,27.0,0.0,0.0,1.0,,,,,,,,,,,,,,,,,,,,,2167765.0
product_daily,,,,,,,,,,,,28.0,,2017-11-30,23.0,,27.0,0.0,0.0,1.0,,,,,,,,,,,,,,,,,,,,,2167765.0
product_daily,,,,,,,,,,,,38.0,,2017-12-01,28.0,,36.0,1.0,1.0,0.0,,,,,,,,,,,,,,,,,,,,,2167765.0
product_daily,,,,,,,,,,,,38.0,,2017-12-02,26.0,,35.0,1.0,2.0,0.0,,,,,,,,,,,,,,,,,,,,,2167765.0
product_daily,,,,,,,,,,,,26.0,,2017-12-03,22.0,,24.0,1.0,0.0,1.0,,,,,,,,,,,,,,,,,,,,,2167765.0
product_daily,,,,,,,,,,,,14.0,,2017-11-25,8.0,,12.0,0.0,2.0,0.0,,,,,,,,,,,,,,,,,,,,,2236861.0
product_daily,,,,,,,,,,,,27.0,,2017-11-26,12.0,,25.0,0.0,1.0,1.0,,,,,,,,,,,,,,,,,,,,,2236861.0
product_daily,,,,,,,,,,,,32.0,,2017-11-27,23.0,,31.0,1.0,0.0,0.0,,,,,,,,,,,,,,,,,,,,,2236861.0
product_daily,,,,,,,,,,,,29.0,,2017-11-28,22.0,,29.0,0.0,0.0,0.0,,,,,,,,,,,,,,,,,,,,,2236861.0
product_daily,,,,,,,,,,,,40.0,,2017-11-29,26.0,,38.0,0.0,2.0,0.0,,,,,,,,,,,,,,,,,,,,,2236861.0
product_daily,,,,,,,,,,,,23.0,,2017-11-30,20.0,,23.0,0.0,0.0,0.0,,,,,,,,,,,,,,,,,,,,,2236861.0
product_daily,,,,,,,,,,,,20.0,,2017-12-01,15.0,,18.0,0.0,1.0,1.0,,,,,,,,,,,,,,,,,,,,,2236861.0
product_daily,,,,,,,,,,,,20.0,,2017-12-02,17.0,,19.0,0.0,0.0,1.0,,,,,,,,,,,,,,,,,,,,,2236861.0
product_daily,,,,,,,,,,,,20.0,,2017-12-03,17.0,,19.0,1.0,0.0,0.0,,,,,,,,,,,,,,,,,,,,,2236861.0
product_daily,,,,,,,,,,,,12.0,,2017-11-26,10.0,,11.0,0.0,1.0,0.0,,,,,,,,,,,,,,,,,,,,,2279428.0
product_daily,,,,,,,,,,,,13.0,,2017-11-27,13.0,,12.0,1.0,0.0,0.0,,,,,,,,,,,,,,,,,,,,,2279428.0
product_daily,,,,,,,,,,,,24.0,,2017-11-28,23.0,,19.0,4.0,1.0,0.0,,,,,,,,,,,,,,,,,,,,,2279428.0
product_daily,,,,,,,,,,,,35.0,,2017-11-29,35.0,,27.0,3.0,5.0,0.0,,,,,,,,,,,,,,,,,,,,,2279428.0
product_daily,,,,,,,,,,,,39.0,,2017-11-30,39.0,,33.0,2.0,4.0,0.0,,,,,,,,,,,,,,,,,,,,,2279428.0
product_daily,,,,,,,,,,,,76.0,,2017-12-01,72.0,,69.0,1.0,6.0,0.0,,,,,,,,,,,,,,,,,,,,,2279428.0
product_daily,,,,,,,,,,,,70.0,,2017-12-02,65.0,,64.0,4.0,2.0,0.0,,,,,,,,,,,,,,,,,,,,,2279428.0
product_daily,,,,,,,,,,,,85.0,,2017-12-03,81.0,,68.0,9.0,8.0,0.0,,,,,,,,,,,,,,,,,,,,,2279428.0
product_daily,,,,,,,,,,,,21.0,,2017-11-25,18.0,,21.0,0.0,0.0,0.0,,,,,,,,,,,,,,,,,,,,,2319849.0
product_daily,,,,,,,,,,,,33.0,,2017-11-26,28.0,,32.0,0.0,0.0,1.0,,,,,,,,,,,,,,,,,,,,,2319849.0
product_daily,,,,,,,,,,,,9.0,,2017-11-27,8.0,,9.0,0.0,0.0,0.0,,,,,,,,,,,,,,,,,,,,,2319849.0
product_daily,,,,,,,,,,,,14.0,,2017-11-28,13.0,,13.0,0.0,1.0,0.0,,,,,,,,,,,,,,,,,,,,,2319849.0
product_daily,,,,,,,,,,,,14.0,,2017-11-29,13.0,,14.0,0.0,0.0,0.0,,,,,,,,,,,,,,,,,,,,,2319849.0
product_daily,,,,,,,,,,,,21.0,,2017-11-30,18.0,,18.0,0.0,3.0,0.0,,,,,,,,,,,,,,,,,,,,,2319849.0
product_daily,,,,,,,,,,,,28.0,,2017-12-01,28.0,,26.0,0.0,2.0,0.0,,,,,,,,,,,,,,,,,,,,,2319849.0
product_daily,,,,,,,,,,,,25.0,,2017-12-02,17.0,,22.0,2.0,1.0,0.0,,,,,,,,,,,,,,,,,,,,,2319849.0
product_daily,,,,,,,,,,,,23.0,,2017-12-03,20.0,,20.0,1.0,2.0,0.0,,,,,,,,,,,,,,,,,,,,,2319849.0
product_daily,,,,,,,,,,,,42.0,,2017-11-25,41.0,,41.0,1.0,0.0,0.0,,,,,,,,,,,,,,,,,,,,,2331370.0
product_daily,,,,,,,,,,,,45.0,,2017-11-26,42.0,,40.0,4.0,1.0,0.0,,,,,,,,,,,,,,,,,,,,,2331370.0
product_daily,,,,,,,,,,,,45.0,,2017-11-27,42.0,,41.0,3.0,1.0,0.0,,,,,,,,,,,,,,,,,,,,,2331370.0
product_daily,,,,,,,,,,,,48.0,,2017-11-28,44.0,,43.0,0.0,5.0,0.0,,,,,,,,,,,,,,,,,,,,,2331370.0
product_daily,,,,,,,,,,,,60.0,,2017-11-29,52.0,,53.0,2.0,3.0,2.0,,,,,,,,,,,,,,,,,,,,,2331370.0
product_daily,,,,,,,,,,,,68.0,,2017-11-30,61.0,,59.0,3.0,5.0,1.0,,,,,,,,,,,,,,,,,,,,,2331370.0
product_daily,,,,,,,,,,,,54.0,,2017-12-01,46.0,,51.0,0.0,3.0,0.0,,,,,,,,,,,,,,,,,,,,,2331370.0
product_daily,,,,,,,,,,,,61.0,,2017-12-02,50.0,,54.0,2.0,5.0,0.0,,,,,,,,,,,,,,,,,,,,,2331370.0
product_daily,,,,,,,,,,,,67.0,,2017-12-03,60.0,,61.0,1.0,5.0,0.0,,,,,,,,,,,,,,,,,,,,,2331370.0
product_daily,,,,,,,,,,,,132.0,,2017-11-25,112.0,,114.0,4.0,10.0,4.0,,,,,,,,,,,,,,,,,,,,,2338453.0
product_daily,,,,,,,,,,,,88.0,,2017-11-26,77.0,,79.0,4.0,5.0,0.0,,,,,,,,,,,,,,,,,,,,,2338453.0
product_daily,,,,,,,,,,,,25.0,,2017-11-27,20.0,,24.0,0.0,1.0,0.0,,,,,,,,,,,,,,,,,,,,,2338453.0
product_daily,,,,,,,,,,,,29.0,,2017-11-28,27.0,,27.0,1.0,1.0,0.0,,,,,,,,,,,,,,,,,,,,,2338453.0
product_daily,,,,,,,,,,,,29.0,,2017-11-29,24.0,,26.0,1.0,2.0,0.0,,,,,,,,,,,,,,,,,,,,,2338453.0
product_daily,,,,,,,,,,,,21.0,,2017-11-30,19.0,,19.0,1.0,0.0,1.0,,,,,,,,,,,,,,,,,,,,,2338453.0
product_daily,,,,,,,,,,,,31.0,,2017-12-01,30.0,,31.0,0.0,0.0,0.0,,,,,,,,,,,,,,,,,,,,,2338453.0
product_daily,,,,,,,,,,,,29.0,,2017-12-02,29.0,,29.0,0.0,0.0,0.0,,,,,,,,,,,,,,,,,,,,,2338453.0
product_daily,,,,,,,,,,,,27.0,,2017-12-03,26.0,,27.0,0.0,0.0,0.0,,,,,,,,,,,,,,,,,,,,,2338453.0
product_daily,,,,,,,,,,,,26.0,,2017-11-25,24.0,,22.0,1.0,3.0,0.0,,,,,,,,,,,,,,,,,,,,,2353009.0
product_daily,,,,,,,,,,,,13.0,,2017-11-26,13.0,,12.0,0.0,1.0,0.0,,,,,,,,,,,,,,,,,,,,,2353009.0
product_daily,,,,,,,,,,,,19.0,,2017-11-27,19.0,,17.0,0.0,1.0,1.0,,,,,,,,,,,,,,,,,,,,,2353009.0
product_daily,,,,,,,,,,,,35.0,,2017-11-28,33.0,,32.0,1.0,2.0,0.0,,,,,,,,,,,,,,,,,,,,,2353009.0
product_daily,,,,,,,,,,,,30.0,,2017-11-29,28.0,,26.0,3.0,1.0,0.0,,,,,,,,,,,,,,,,,,,,,2353009.0
product_daily,,,,,,,,,,,,27.0,,2017-11-30,27.0,,24.0,1.0,2.0,0.0,,,,,,,,,,,,,,,,,,,,,2353009.0
product_daily,,,,,,,,,,,,21.0,,2017-12-01,21.0,,20.0,1.0,0.0,0.0,,,,,,,,,,,,,,,,,,,,,2353009.0
product_daily,,,,,,,,,,,,29.0,,2017-12-02,28.0,,27.0,1.0,0.0,1.0,,,,,,,,,,,,,,,,,,,,,2353009.0
product_daily,,,,,,,,,,,,26.0,,2017-12-03,25.0,,24.0,0.0,2.0,0.0,,,,,,,,,,,,,,,,,,,,,2353009.0
product_daily,,,,,,,,,,,,33.0,,2017-11-25,27.0,,31.0,1.0,1.0,0.0,,,,,,,,,,,,,,,,,,,,,2353750.0
product_daily,,,,,,,,,,,,26.0,,2017-11-26,21.0,,24.0,1.0,1.0,0.0,,,,,,,,,,,,,,,,,,,,,2353750.0
product_daily,,,,,,,,,,,,14.0,,2017-11-27,13.0,,11.0,2.0,1.0,0.0,,,,,,,,,,,,,,,,,,,,,2353750.0
product_daily,,,,,,,,,,,,19.0,,2017-11-28,16.0,,17.0,1.0,1.0,0.0,,,,,,,,,,,,,,,,,,,,,2353750.0
product_daily,,,,,,,,,,,,21.0,,2017-11-29,13.0,,19.0,0.0,2.0,0.0,,,,,,,,,,,,,,,,,,,,,2353750.0
product_daily,,,,,,,,,,,,15.0,,2017-11-30,13.0,,15.0,0.0,0.0,0.0,,,,,,,,,,,,,,,,,,,,,2353750.0
product_daily,,,,,,,,,,,,15.0,,2017-12-01,13.0,,15.0,0.0,0.0,0.0,,,,,,,,,,,,,,,,,,,,,2353750.0
product_daily,,,,,,,,,,,,41.0,,2017-12-02,25.0,,36.0,3.0,2.0,0.0,,,,,,,,,,,,,,,,,,,,,2353750.0
product_daily,,,,,,,,,,,,21.0,,2017-12-03,11.0,,20.0,0.0,1.0,0.0,,,,,,,,,,,,,,,,,,,,,2353750.0
product_daily,,,,,,,,,,,,62.0,,2017-11-25,51.0,,56.0,2.0,4.0,0.0,,,,,,,,,,,,,,,,,,,,,2364679.0
product_daily,,,,,,,,,,,,60.0,,2017-11-26,52.0,,54.0,5.0,1.0,0.0,,,,,,,,,,,,,,,,,,,,,2364679.0
product_daily,,,,,,,,,,,,49.0,,2017-11-27,43.0,,43.0,3.0,3.0,0.0,,,,,,,,,,,,,,,,,,,,,2364679.0
product_daily,,,,,,,,,,,,29.0,,2017-11-28,28.0,,23.0,2.0,4.0,0.0,,,,,,,,,,,,,,,,,,,,,2364679.0
product_daily,,,,,,,,,,,,37.0,,2017-11-29,29.0,,35.0,1.0,1.0,0.0,,,,,,,,,,,,,,,,,,,,,2364679.0
product_daily,,,,,,,,,,,,19.0,,2017-11-30,15.0,,18.0,1.0,0.0,0.0,,,,,,,,,,,,,,,,,,,,,2364679.0
product_daily,,,,,,,,,,,,7.0,,2017-12-01,6.0,,5.0,1.0,1.0,0.0,,,,,,,,,,,,,,,,,,,,,2364679.0
product_daily,,,,,,,,,,,,14.0,,2017-12-02,10.0,,13.0,1.0,0.0,0.0,,,,,,,,,,,,,,,,,,,,,2364679.0
product_daily,,,,,,,,,,,,10.0,,2017-12-03,9.0,,9.0,0.0,1.0,0.0,,,,,,,,,,,,,,,,,,,,,2364679.0
product_daily,,,,,,,,,,,,351.0,,2017-11-30,271.0,,351.0,0.0,0.0,0.0,,,,,,,,,,,,,,,,,,,,,2367945.0
product_daily,,,,,,,,,,,,1.0,,2017-12-02,1.0,,1.0,0.0,0.0,0.0,,,,,,,,,,,,,,,,,,,,,2367945.0
product_daily,,,,,,,,,,,,12.0,,2017-11-25,12.0,,11.0,1.0,0.0,0.0,,,,,,,,,,,,,,,,,,,,,2400640.0
product_daily,,,,,,,,,,,,16.0,,2017-11-26,16.0,,16.0,0.0,0.0,0.0,,,,,,,,,,,,,,,,,,,,,2400640.0
product_daily,,,,,,,,,,,,20.0,,2017-11-27,20.0,,19.0,0.0,1.0,0.0,,,,,,,,,,,,,,,,,,,,,2400640.0
product_daily,,,,,,,,,,,,27.0,,2017-11-28,26.0,,27.0,0.0,0.0,0.0,,,,,,,,,,,,,,,,,,,,,2400640.0
product_daily,,,,,,,,,,,,25.0,,2017-11-29,25.0,,25.0,0.0,0.0,0.0,,,,,,,,,,,,,,,,,,,,,2400640.0
product_daily,,,,,,,,,,,,37.0,,2017-11-30,36.0,,36.0,1.0,0.0,0.0,,,,,,,,,,,,,,,,,,,,,2400640.0
product_daily,,,,,,,,,,,,26.0,,2017-12-01,26.0,,25.0,1.0,0.0,0.0,,,,,,,,,,,,,,,,,,,,,2400640.0
product_daily,,,,,,,,,,,,38.0,,2017-12-02,36.0,,37.0,0.0,1.0,0.0,,,,,,,,,,,,,,,,,,,,,2400640.0
product_daily,,,,,,,,,,,,29.0,,2017-12-03,29.0,,29.0,0.0,0.0,0.0,,,,,,,,,,,,,,,,,,,,,2400640.0
product_daily,,,,,,,,,,,,32.0,,2017-11-25,32.0,,30.0,2.0,0.0,0.0,,,,,,,,,,,,,,,,,,,,,2453685.0
product_daily,,,,,,,,,,,,28.0,,2017-11-26,25.0,,25.0,2.0,1.0,0.0,,,,,,,,,,,,,,,,,,,,,2453685.0
product_daily,,,,,,,,,,,,26.0,,2017-11-27,25.0,,25.0,1.0,0.0,0.0,,,,,,,,,,,,,,,,,,,,,2453685.0
product_daily,,,,,,,,,,,,34.0,,2017-11-28,32.0,,31.0,2.0,0.0,1.0,,,,,,,,,,,,,,,,,,,,,2453685.0
product_daily,,,,,,,,,,,,43.0,,2017-11-29,42.0,,37.0,5.0,1.0,0.0,,,,,,,,,,,,,,,,,,,,,2453685.0
product_daily,,,,,,,,,,,,61.0,,2017-11-30,55.0,,59.0,2.0,0.0,0.0,,,,,,,,,,,,,,,,,,,,,2453685.0
product_daily,,,,,,,,,,,,41.0,,2017-12-01,39.0,,33.0,1.0,7.0,0.0,,,,,,,,,,,,,,,,,,,,,2453685.0
product_daily,,,,,,,,,,,,50.0,,2017-12-02,49.0,,45.0,0.0,4.0,1.0,,,,,,,,,,,,,,,,,,,,,2453685.0
product_daily,,,,,,,,,,,,55.0,,2017-12-03,52.0,,46.0,1.0,6.0,2.0,,,,,,,,,,,,,,,,,,,,,2453685.0
product_daily,,,,,,,,,,,,26.0,,2017-11-25,21.0,,22.0,0.0,3.0,1.0,,,,,,,,,,,,,,,,,,,,,2521928.0
product_daily,,,,,,,,,,,,21.0,,2017-11-26,19.0,,20.0,1.0,0.0,0.0,,,,,,,,,,,,,,,,,,,,,2521928.0
product_daily,,,,,,,,,,,,22.0,,2017-11-27,20.0,,18.0,1.0,2.0,1.0,,,,,,,,,,,,,,,,,,,,,2521928.0
product_daily,,,,,,,,,,,,47.0,,2017-11-28,39.0,,39.0,3.0,4.0,1.0,,,,,,,,,,,,,,,,,,,,,2521928.0
product_daily,,,,,,,,,,,,28.0,,2017-11-29,26.0,,26.0,2.0,0.0,0.0,,,,,,,,,,,,,,,,,,,,,2521928.0
product_daily,,,,,,,,,,,,34.0,,2017-11-30,33.0,,31.0,0.0,3.0,0.0,,,,,,,,,,,,,,,,,,,,,2521928.0
product_daily,,,,,,,,,,,,14.0,,2017-12-01,13.0,,14.0,0.0,0.0,0.0,,,,,,,,,,,,,,,,,,,,,2521928.0
product_daily,,,,,,,,,,,,22.0,,2017-12-02,21.0,,22.0,0.0,0.0,0.0,,,,,,,,,,,,,,,,,,,,,2521928.0
product_daily,,,,,,,,,,,,26.0,,2017-12-03,23.0,,22.0,0.0,3.0,1.0,,,,,,,,,,,,,,,,,,,,,2521928.0
product_daily,,,,,,,,,,,,46.0,,2017-11-25,34.0,,43.0,0.0,3.0,0.0,,,,,,,,,,,,,,,,,,,,,2530033.0
product_daily,,,,,,,,,,,,14.0,,2017-11-26,12.0,,12.0,1.0,1.0,0.0,,,,,,,,,,,,,,,,,,,,,2530033.0
product_daily,,,,,,,,,,,,12.0,,2017-11-27,10.0,,11.0,0.0,1.0,0.0,,,,,,,,,,,,,,,,,,,,,2530033.0
product_daily,,,,,,,,,,,,24.0,,2017-11-28,19.0,,21.0,0.0,3.0,0.0,,,,,,,,,,,,,,,,,,,,,2530033.0
product_daily,,,,,,,,,,,,14.0,,2017-11-29,11.0,,13.0,0.0,1.0,0.0,,,,,,,,,,,,,,,,,,,,,2530033.0
product_daily,,,,,,,,,,,,26.0,,2017-11-30,19.0,,26.0,0.0,0.0,0.0,,,,,,,,,,,,,,,,,,,,,2530033.0
product_daily,,,,,,,,,,,,18.0,,2017-12-01,18.0,,17.0,0.0,1.0,0.0,,,,,,,,,,,,,,,,,,,,,2530033.0
product_daily,,,,,,,,,,,,12.0,,2017-12-02,12.0,,12.0,0.0,0.0,0.0,,,,,,,,,,,,,,,,,,,,,2530033.0
product_daily,,,,,,,,,,,,21.0,,2017-12-03,21.0,,19.0,2.0,0.0,0.0,,,,,,,,,,,,,,,,,,,,,2530033.0
product_daily,,,,,,,,,,,,35.0,,2017-11-25,23.0,,27.0,1.0,5.0,2.0,,,,,,,,,,,,,,,,,,,,,2560262.0
product_daily,,,,,,,,,,,,36.0,,2017-11-26,24.0,,26.0,3.0,5.0,2.0,,,,,,,,,,,,,,,,,,,,,2560262.0
product_daily,,,,,,,,,,,,27.0,,2017-11-27,20.0,,21.0,0.0,5.0,1.0,,,,,,,,,,,,,,,,,,,,,2560262.0
product_daily,,,,,,,,,,,,33.0,,2017-11-28,28.0,,29.0,0.0,3.0,1.0,,,,,,,,,,,,,,,,,,,,,2560262.0
product_daily,,,,,,,,,,,,17.0,,2017-11-29,13.0,,15.0,0.0,2.0,0.0,,,,,,,,,,,,,,,,,,,,,2560262.0
product_daily,,,,,,,,,,,,35.0,,2017-11-30,28.0,,32.0,1.0,0.0,2.0,,,,,,,,,,,,,,,,,,,,,2560262.0
product_daily,,,,,,,,,,,,46.0,,2017-12-01,30.0,,41.0,0.0,2.0,3.0,,,,,,,,,,,,,,,,,,,,,2560262.0
product_daily,,,,,,,,,,,,40.0,,2017-12-02,26.0,,33.0,0.0,4.0,3.0,,,,,,,,,,,,,,,,,,,,,2560262.0
product_daily,,,,,,,,,,,,38.0,,2017-12-03,29.0,,33.0,0.0,4.0,1.0,,,,,,,,,,,,,,,,,,,,,2560262.0
product_daily,,,,,,,,,,,,24.0,,2017-11-25,21.0,,22.0,0.0,2.0,0.0,,,,,,,,,,,,,,,,,,,,,2667082.0
product_daily,,,,,,,,,,,,26.0,,2017-11-26,26.0,,24.0,1.0,0.0,1.0,,,,,,,,,,,,,,,,,,,,,2667082.0
product_daily,,,,,,,,,,,,24.0,,2017-11-27,22.0,,22.0,1.0,1.0,0.0,,,,,,,,,,,,,,,,,,,,,2667082.0
product_daily,,,,,,,,,,,,22.0,,2017-11-28,22.0,,22.0,0.0,0.0,0.0,,,,,,,,,,,,,,,,,,,,,2667082.0
product_daily,,,,,,,,,,,,25.0,,2017-11-29,24.0,,19.0,2.0,3.0,1.0,,,,,,,,,,,,,,,,,,,,,2667082.0
product_daily,,,,,,,,,,,,36.0,,2017-11-30,35.0,,32.0,1.0,2.0,1.0,,,,,,,,,,,,,,,,,,,,,2667082.0
product_daily,,,,,,,,,,,,20.0,,2017-12-01,19.0,,17.0,1.0,1.0,1.0,,,,,,,,,,,,,,,,,,,,,2667082.0
product_daily,,,,,,,,,,,,12.0,,2017-12-02,12.0,,12.0,0.0,0.0,0.0,,,,,,,,,,,,,,,,,,,,,2667082.0
product_daily,,,,,,,,,,,,21.0,,2017-12-03,21.0,,18.0,2.0,1.0,0.0,,,,,,,,,,,,,,,,,,,,,2667082.0
product_daily,,,,,,,,,,,,28.0,,2017-11-25,18.0,,23.0,4.0,1.0,0.0,,,,,,,,,,,,,,,,,,,,,2778083.0
product_daily,,,,,,,,,,,,28.0,,2017-11-26,20.0,,26.0,2.0,0.0,0.0,,,,,,,,,,,,,,,,,,,,,2778083.0
product_daily,,,,,,,,,,,,28.0,,2017-11-27,20.0,,25.0,0.0,3.0,0.0,,,,,,,,,,,,,,,,,,,,,2778083.0
product_daily,,,,,,,,,,,,18.0,,2017-11-28,10.0,,16.0,1.0,1.0,0.0,,,,,,,,,,,,,,,,,,,,,2778083.0
product_daily,,,,,,,,,,,,17.0,,2017-11-29,14.0,,16.0,1.0,0.0,0.0,,,,,,,,,,,,,,,,,,,,,2778083.0
product_daily,,,,,,,,,,,,36.0,,2017-11-30,25.0,,35.0,1.0,0.0,0.0,,,,,,,,,,,,,,,,,,,,,2778083.0
product_daily,,,,,,,,,,,,26.0,,2017-12-01,20.0,,23.0,1.0,2.0,0.0,,,,,,,,,,,,,,,,,,,,,2778083.0
product_daily,,,,,,,,,,,,17.0,,2017-12-02,13.0,,16.0,0.0,1.0,0.0,,,,,,,,,,,,,,,,,,,,,2778083.0
product_daily,,,,,,,,,,,,16.0,,2017-12-03,13.0,,15.0,0.0,1.0,0.0,,,,,,,,,,,,,,,,,,,,,2778083.0
product_daily,,,,,,,,,,,,22.0,,2017-11-25,18.0,,20.0,1.0,1.0,0.0,,,,,,,,,,,,,,,,,,,,,2783905.0
product_daily,,,,,,,,,,,,27.0,,2017-11-26,19.0,,21.0,3.0,3.0,0.0,,,,,,,,,,,,,,,,,,,,,2783905.0
product_daily,,,,,,,,,,,,24.0,,2017-11-27,23.0,,24.0,0.0,0.0,0.0,,,,,,,,,,,,,,,,,,,,,2783905.0
product_daily,,,,,,,,,,,,16.0,,2017-11-28,16.0,,15.0,1.0,0.0,0.0,,,,,,,,,,,,,,,,,,,,,2783905.0
product_daily,,,,,,,,,,,,37.0,,2017-11-29,27.0,,33.0,2.0,2.0,0.0,,,,,,,,,,,,,,,,,,,,,2783905.0
product_daily,,,,,,,,,,,,26.0,,2017-11-30,24.0,,24.0,1.0,1.0,0.0,,,,,,,,,,,,,,,,,,,,,2783905.0
product_daily,,,,,,,,,,,,45.0,,2017-12-01,27.0,,40.0,1.0,4.0,0.0,,,,,,,,,,,,,,,,,,,,,2783905.0
product_daily,,,,,,,,,,,,35.0,,2017-12-02,24.0,,32.0,2.0,0.0,1.0,,,,,,,,,,,,,,,,,,,,,2783905.0
product_daily,,,,,,,,,,,,24.0,,2017-12-03,17.0,,22.0,0.0,2.0,0.0,,,,,,,,,,,,,,,,,,,,,2783905.0
product_daily,,,,,,,,,,,,20.0,,2017-11-25,17.0,,19.0,0.0,1.0,0.0,,,,,,,,,,,,,,,,,,,,,2790543.0
product_daily,,,,,,,,,,,,30.0,,2017-11-26,20.0,,27.0,1.0,0.0,2.0,,,,,,,,,,,,,,,,,,,,,2790543.0
product_daily,,,,,,,,,,,,51.0,,2017-11-27,36.0,,47.0,1.0,2.0,1.0,,,,,,,,,,,,,,,,,,,,,2790543.0
product_daily,,,,,,,,,,,,51.0,,2017-11-28,32.0,,49.0,0.0,1.0,1.0,,,,,,,,,,,,,,,,,,,,,2790543.0
product_daily,,,,,,,,,,,,43.0,,2017-11-29,28.0,,42.0,1.0,0.0,0.0,,,,,,,,,,,,,,,,,,,,,2790543.0
product_daily,,,,,,,,,,,,32.0,,2017-11-30,28.0,,31.0,0.0,1.0,0.0,,,,,,,,,,,,,,,,,,,,,2790543.0
product_daily,,,,,,,,,,,,30.0,,2017-12-01,23.0,,25.0,0.0,3.0,2.0,,,,,,,,,,,,,,,,,,,,,2790543.0
product_daily,,,,,,,,,,,,27.0,,2017-12-02,19.0,,23.0,1.0,2.0,1.0,,,,,,,,,,,,,,,,,,,,,2790543.0
product_daily,,,,,,,,,,,,30.0,,2017-12-03,21.0,,23.0,4.0,3.0,0.0,,,,,,,,,,,,,,,,,,,,,2790543.0
product_daily,,,,,,,,,,,,21.0,,2017-11-25,20.0,,21.0,0.0,0.0,0.0,,,,,,,,,,,,,,,,,,,,,2818406.0
product_daily,,,,,,,,,,,,41.0,,2017-11-26,39.0,,35.0,3.0,3.0,0.0,,,,,,,,,,,,,,,,,,,,,2818406.0
product_daily,,,,,,,,,,,,33.0,,2017-11-27,28.0,,30.0,2.0,0.0,1.0,,,,,,,,,,,,,,,,,,,,,2818406.0
product_daily,,,,,,,,,,,,35.0,,2017-11-28,32.0,,31.0,3.0,1.0,0.0,,,,,,,,,,,,,,,,,,,,,2818406.0
product_daily,,,,,,,,,,,,44.0,,2017-11-29,43.0,,37.0,4.0,3.0,0.0,,,,,,,,,,,,,,,,,,,,,2818406.0
product_daily,,,,,,,,,,,,49.0,,2017-11-30,48.0,,41.0,2.0,5.0,1.0,,,,,,,,,,,,,,,,,,,,,2818406.0
product_daily,,,,,,,,,,,,52.0,,2017-12-01,44.0,,44.0,4.0,4.0,0.0,,,,,,,,,,,,,,,,,,,,,2818406.0
product_daily,,,,,,,,,,,,52.0,,2017-12-02,44.0,,45.0,3.0,3.0,1.0,,,,,,,,,,,,,,,,,,,,,2818406.0
product_daily,,,,,,,,,,,,43.0,,2017-12-03,35.0,,40.0,0.0,2.0,1.0,,,,,,,,,,,,,,,,,,,,,2818406.0
product_daily,,,,,,,,,,,,35.0,,2017-11-25,26.0,,28.0,5.0,1.0,1.0,,,,,,,,,,,,,,,,,,,,,2828948.0
product_daily,,,,,,,,,,,,34.0,,2017-11-26,29.0,,32.0,1.0,1.0,0.0,,,,,,,,,,,,,,,,,,,,,2828948.0
product_daily,,,,,,,,,,,,17.0,,2017-11-27,15.0,,15.0,0.0,2.0,0.0,,,,,,,,,,,,,,,,,,,,,2828948.0
product_daily,,,,,,,,,,,,25.0,,2017-11-28,22.0,,23.0,1.0,1.0,0.0,,,,,,,,,,,,,,,,,,,,,2828948.0
product_daily,,,,,,,,,,,,22.0,,2017-11-29,20.0,,19.0,2.0,1.0,0.0,,,,,,,,,,,,,,,,,,,,,2828948.0
product_daily,,,,,,,,,,,,29.0,,2017-11-30,26.0,,28.0,0.0,1.0,0.0,,,,,,,,,,,,,,,,,,,,,2828948.0
product_daily,,,,,,,,,,,,25.0,,2017-12-01,19.0,,25.0,0.0,0.0,0.0,,,,,,,,,,,,,,,,,,,,,2828948.0
product_daily,,,,,,,,,,,,31.0,,2017-12-02,28.0,,28.0,0.0,3.0,0.0,,,,,,,,,,,,,,,,,,,,,2828948.0
product_daily,,,,,,,,,,,,21.0,,2017-12-03,18.0,,20.0,0.0,1.0,0.0,,,,,,,,,,,,,,,,,,,,,2828948.0
product_daily,,,,,,,,,,,,15.0,,2017-11-25,15.0,,13.0,0.0,1.0,1.0,,,,,,,,,,,,,,,,,,,,,2964774.0
product_daily,,,,,,,,,,,,24.0,,2017-11-26,16.0,,20.0,0.0,1.0,3.0,,,,,,,,,,,,,,,,,,,,,2964774.0
product_daily,,,,,,,,,,,,14.0,,2017-11-27,14.0,,11.0,0.0,3.0,0.0,,,,,,,,,,,,,,,,,,,,,2964774.0
product_daily,,,,,,,,,,,,25.0,,2017-11-28,16.0,,23.0,0.0,1.0,1.0,,,,,,,,,,,,,,,,,,,,,2964774.0
product_daily,,,,,,,,,,,,13.0,,2017-11-29,11.0,,9.0,0.0,3.0,1.0,,,,,,,,,,,,,,,,,,,,,2964774.0
product_daily,,,,,,,,,,,,35.0,,2017-11-30,17.0,,29.0,0.0,2.0,4.0,,,,,,,,,,,,,,,,,,,,,2964774.0
product_daily,,,,,,,,,,,,29.0,,2017-12-01,19.0,,25.0,0.0,3.0,1.0,,,,,,,,,,,,,,,,,,,,,2964774.0
product_daily,,,,,,,,,,,,26.0,,2017-12-02,22.0,,20.0,0.0,2.0,4.0,,,,,,,,,,,,,,,,,,,,,2964774.0
product_daily,,,,,,,,,,,,18.0,,2017-12-03,16.0,,15.0,0.0,3.0,0.0,,,,,,,,,,,,,,,,,,,,,2964774.0
product_daily,,,,,,,,,,,,21.0,,2017-11-25,21.0,,20.0,1.0,0.0,0.0,,,,,,,,,,,,,,,,,,,,,3000506.0
product_daily,,,,,,,,,,,,9.0,,2017-11-26,9.0,,8.0,1.0,0.0,0.0,,,,,,,,,,,,,,,,,,,,,3000506.0
product_daily,,,,,,,,,,,,14.0,,2017-11-27,14.0,,14.0,0.0,0.0,0.0,,,,,,,,,,,,,,,,,,,,,3000506.0
product_daily,,,,,,,,,,,,31.0,,2017-11-28,30.0,,28.0,1.0,2.0,0.0,,,,,,,,,,,,,,,,,,,,,3000506.0
product_daily,,,,,,,,,,,,18.0,,2017-11-29,18.0,,18.0,0.0,0.0,0.0,,,,,,,,,,,,,,,,,,,,,3000506.0
product_daily,,,,,,,,,,,,28.0,,2017-11-30,28.0,,26.0,1.0,1.0,0.0,,,,,,,,,,,,,,,,,,,,,3000506.0
product_daily,,,,,,,,,,,,18.0,,2017-12-01,18.0,,17.0,0.0,1.0,0.0,,,,,,,,,,,,,,,,,,,,,3000506.0
product_daily,,,,,,,,,,,,27.0,,2017-12-02,26.0,,27.0,0.0,0.0,0.0,,,,,,,,,,,,,,,,,,,,,3000506.0
product_daily,,,,,,,,,,,,23.0,,2017-12-03,23.0,,20.0,1.0,2.0,0.0,,,,,,,,,,,,,,,,,,,,,3000506.0
product_daily,,,,,,,,,,,,30.0,,2017-11-25,15.0,,29.0,0.0,0.0,1.0,,,,,,,,,,,,,,,,,,,,,3011437.0
product_daily,,,,,,,,,,,,14.0,,2017-11-26,10.0,,12.0,1.0,1.0,0.0,,,,,,,,,,,,,,,,,,,,,3011437.0
product_daily,,,,,,,,,,,,18.0,,2017-11-27,16.0,,17.0,0.0,1.0,0.0,,,,,,,,,,,,,,,,,,,,,3011437.0
product_daily,,,,,,,,,,,,23.0,,2017-11-28,20.0,,19.0,2.0,2.0,0.0,,,,,,,,,,,,,,,,,,,,,3011437.0
product_daily,,,,,,,,,,,,27.0,,2017-11-29,23.0,,26.0,1.0,0.0,0.0,,,,,,,,,,,,,,,,,,,,,3011437.0
product_daily,,,,,,,,,,,,32.0,,2017-11-30,22.0,,30.0,1.0,1.0,0.0,,,,,,,,,,,,,,,,,,,,,3011437.0
product_daily,,,,,,,,,,,,35.0,,2017-12-01,30.0,,35.0,0.0,0.0,0.0,,,,,,,,,,,,,,,,,,,,,3011437.0
product_daily,,,,,,,,,,,,45.0,,2017-12-02,34.0,,40.0,2.0,3.0,0.0,,,,,,,,,,,,,,,,,,,,,3011437.0
product_daily,,,,,,,,,,,,37.0,,2017-12-03,28.0,,36.0,1.0,0.0,0.0,,,,,,,,,,,,,,,,,,,,,3011437.0
product_daily,,,,,,,,,,,,63.0,,2017-11-25,50.0,,56.0,1.0,5.0,1.0,,,,,,,,,,,,,,,,,,,,,3031354.0
product_daily,,,,,,,,,,,,47.0,,2017-11-26,41.0,,42.0,1.0,4.0,0.0,,,,,,,,,,,,,,,,,,,,,3031354.0
product_daily,,,,,,,,,,,,40.0,,2017-11-27,33.0,,38.0,0.0,2.0,0.0,,,,,,,,,,,,,,,,,,,,,3031354.0
product_daily,,,,,,,,,,,,60.0,,2017-11-28,40.0,,51.0,0.0,6.0,3.0,,,,,,,,,,,,,,,,,,,,,3031354.0
product_daily,,,,,,,,,,,,32.0,,2017-11-29,29.0,,28.0,0.0,3.0,1.0,,,,,,,,,,,,,,,,,,,,,3031354.0
product_daily,,,,,,,,,,,,57.0,,2017-11-30,48.0,,48.0,0.0,6.0,3.0,,,,,,,,,,,,,,,,,,,,,3031354.0
product_daily,,,,,,,,,,,,70.0,,2017-12-01,56.0,,56.0,2.0,7.0,5.0,,,,,,,,,,,,,,,,,,,,,3031354.0
product_daily,,,,,,,,,,,,49.0,,2017-12-02,38.0,,43.0,0.0,5.0,1.0,,,,,,,,,,,,,,,,,,,,,3031354.0
product_daily,,,,,,,,,,,,65.0,,2017-12-03,41.0,,59.0,0.0,4.0,2.0,,,,,,,,,,,,,,,,,,,,,3031354.0
product_daily,,,,,,,,,,,,11.0,,2017-11-25,11.0,,9.0,1.0,1.0,0.0,,,,,,,,,,,,,,,,,,,,,3077270.0
product_daily,,,,,,,,,,,,12.0,,2017-11-26,12.0,,11.0,0.0,1.0,0.0,,,,,,,,,,,,,,,,,,,,,3077270.0
product_daily,,,,,,,,,,,,18.0,,2017-11-27,16.0,,16.0,0.0,2.0,0.0,,,,,,,,,,,,,,,,,,,,,3077270.0
product_daily,,,,,,,,,,,,25.0,,2017-11-28,19.0,,23.0,1.0,1.0,0.0,,,,,,,,,,,,,,,,,,,,,3077270.0
product_daily,,,,,,,,,,,,17.0,,2017-11-29,17.0,,15.0,1.0,1.0,0.0,,,,,,,,,,,,,,,,,,,,,3077270.0
product_daily,,,,,,,,,,,,30.0,,2017-11-30,27.0,,27.0,0.0,3.0,0.0,,,,,,,,,,,,,,,,,,,,,3077270.0
product_daily,,,,,,,,,,,,32.0,,2017-12-01,23.0,,26.0,1.0,5.0,0.0,,,,,,,,,,,,,,,,,,,,,3077270.0
product_daily,,,,,,,,,,,,37.0,,2017-12-02,24.0,,32.0,0.0,4.0,1.0,,,,,,,,,,,,,,,,,,,,,3077270.0
product_daily,,,,,,,,,,,,33.0,,2017-12-03,27.0,,28.0,2.0,2.0,1.0,,,,,,,,,,,,,,,,,,,,,3077270.0
product_daily,,,,,,,,,,,,8.0,,2017-11-25,8.0,,8.0,0.0,0.0,0.0,,,,,,,,,,,,,,,,,,,,,3080593.0
product_daily,,,,,,,,,,,,23.0,,2017-11-26,15.0,,22.0,0.0,1.0,0.0,,,,,,,,,,,,,,,,,,,,,3080593.0
product_daily,,,,,,,,,,,,20.0,,2017-11-27,16.0,,20.0,0.0,0.0,0.0,,,,,,,,,,,,,,,,,,,,,3080593.0
product_daily,,,,,,,,,,,,14.0,,2017-11-28,13.0,,14.0,0.0,0.0,0.0,,,,,,,,,,,,,,,,,,,,,3080593.0
product_daily,,,,,,,,,,,,21.0,,2017-11-29,18.0,,19.0,1.0,1.0,0.0,,,,,,,,,,,,,,,,,,,,,3080593.0
product_daily,,,,,,,,,,,,21.0,,2017-11-30,14.0,,20.0,1.0,0.0,0.0,,,,,,,,,,,,,,,,,,,,,3080593.0
product_daily,,,,,,,,,,,,23.0,,2017-12-01,17.0,,21.0,1.0,1.0,0.0,,,,,,,,,,,,,,,,,,,,,3080593.0
product_daily,,,,,,,,,,,,28.0,,2017-12-02,19.0,,23.0,2.0,3.0,0.0,,,,,,,,,,,,,,,,,,,,,3080593.0
product_daily,,,,,,,,,,,,29.0,,2017-12-03,23.0,,26.0,1.0,2.0,0.0,,,,,,,,,,,,,,,,,,,,,3080593.0
product_daily,,,,,,,,,,,,14.0,,2017-11-25,14.0,,13.0,1.0,0.0,0.0,,,,,,,,,,,,,,,,,,,,,3159978.0
product_daily,,,,,,,,,,,,30.0,,2017-11-26,20.0,,24.0,3.0,1.0,2.0,,,,,,,,,,,,,,,,,,,,,3159978.0
product_daily,,,,,,,,,,,,36.0,,2017-11-27,25.0,,34.0,1.0,1.0,0.0,,,,,,,,,,,,,,,,,,,,,3159978.0
product_daily,,,,,,,,,,,,24.0,,2017-11-28,22.0,,21.0,1.0,2.0,0.0,,,,,,,,,,,,,,,,,,,,,3159978.0
product_daily,,,,,,,,,,,,33.0,,2017-11-29,30.0,,30.0,2.0,1.0,0.0,,,,,,,,,,,,,,,,,,,,,3159978.0
product_daily,,,,,,,,,,,,29.0,,2017-11-30,22.0,,26.0,0.0,3.0,0.0,,,,,,,,,,,,,,,,,,,,,3159978.0
product_daily,,,,,,,,,,,,33.0,,2017-12-01,25.0,,30.0,1.0,2.0,0.0,,,,,,,,,,,,,,,,,,,,,3159978.0
product_daily,,,,,,,,,,,,26.0,,2017-12-02,21.0,,22.0,2.0,2.0,0.0,,,,,,,,,,,,,,,,,,,,,3159978.0
product_daily,,,,,,,,,,,,52.0,,2017-12-03,32.0,,47.0,3.0,2.0,0.0,,,,,,,,,,,,,,,,,,,,,3159978.0
product_daily,,,,,,,,,,,,38.0,,2017-11-25,28.0,,35.0,1.0,2.0,0.0,,,,,,,,,,,,,,,,,,,,,3244134.0
product_daily,,,,,,,,,,,,16.0,,2017-11-26,15.0,,14.0,0.0,2.0,0.0,,,,,,,,,,,,,,,,,,,,,3244134.0
product_daily,,,,,,,,,,,,17.0,,2017-11-27,15.0,,16.0,0.0,1.0,0.0,,,,,,,,,,,,,,,,,,,,,3244134.0
product_daily,,,,,,,,,,,,37.0,,2017-11-28,19.0,,33.0,0.0,4.0,0.0,,,,,,,,,,,,,,,,,,,,,3244134.0
product_daily,,,,,,,,,,,,10.0,,2017-11-29,10.0,,9.0,1.0,0.0,0.0,,,,,,,,,,,,,,,,,,,,,3244134.0
product_daily,,,,,,,,,,,,28.0,,2017-11-30,21.0,,26.0,0.0,2.0,0.0,,,,,,,,,,,,,,,,,,,,,3244134.0
product_daily,,,,,,,,,,,,13.0,,2017-12-01,11.0,,11.0,1.0,1.0,0.0,,,,,,,,,,,,,,,,,,,,,3244134.0
product_daily,,,,,,,,,,,,21.0,,2017-12-02,16.0,,16.0,0.0,4.0,1.0,,,,,,,,,,,,,,,,,,,,,3244134.0
product_daily,,,,,,,,,,,,20.0,,2017-12-03,18.0,,20.0,0.0,0.0,0.0,,,,,,,,,,,,,,,,,,,,,3244134.0
product_daily,,,,,,,,,,,,19.0,,2017-11-25,18.0,,16.0,2.0,1.0,0.0,,,,,,,,,,,,,,,,,,,,,3330337.0
product_daily,,,,,,,,,,,,15.0,,2017-11-26,12.0,,11.0,1.0,3.0,0.0,,,,,,,,,,,,,,,,,,,,,3330337.0
product_daily,,,,,,,,,,,,38.0,,2017-11-27,36.0,,35.0,1.0,2.0,0.0,,,,,,,,,,,,,,,,,,,,,3330337.0
product_daily,,,,,,,,,,,,34.0,,2017-11-28,25.0,,26.0,3.0,4.0,1.0,,,,,,,,,,,,,,,,,,,,,3330337.0
product_daily,,,,,,,,,,,,28.0,,2017-11-29,25.0,,21.0,4.0,3.0,0.0,,,,,,,,,,,,,,,,,,,,,3330337.0
product_daily,,,,,,,,,,,,36.0,,2017-11-30,29.0,,31.0,1.0,4.0,0.0,,,,,,,,,,,,,,,,,,,,,3330337.0
product_daily,,,,,,,,,,,,33.0,,2017-12-01,27.0,,31.0,0.0,2.0,0.0,,,,,,,,,,,,,,,,,,,,,3330337.0
product_daily,,,,,,,,,,,,59.0,,2017-12-02,45.0,,54.0,3.0,2.0,0.0,,,,,,,,,,,,,,,,,,,,,3330337.0
product_daily,,,,,,,,,,,,26.0,,2017-12-03,23.0,,24.0,0.0,2.0,0.0,,,,,,,,,,,,,,,,,,,,,3330337.0
product_daily,,,,,,,,,,,,2.0,,2017-11-26,2.0,,2.0,0.0,0.0,0.0,,,,,,,,,,,,,,,,,,,,,3371523.0
product_daily,,,,,,,,,,,,2.0,,2017-11-27,2.0,,2.0,0.0,0.0,0.0,,,,,,,,,,,,,,,,,,,,,3371523.0
product_daily,,,,,,,,,,,,1.0,,2017-11-29,1.0,,1.0,0.0,0.0,0.0,,,,,,,,,,,,,,,,,,,,,3371523.0
product_daily,,,,,,,,,,,,368.0,,2017-11-30,282.0,,368.0,0.0,0.0,0.0,,,,,,,,,,,,,,,,,,,,,3371523.0
product_daily,,,,,,,,,,,,2.0,,2017-12-01,2.0,,2.0,0.0,0.0,0.0,,,,,,,,,,,,,,,,,,,,,3371523.0
product_daily,,,,,,,,,,,,1.0,,2017-12-02,1.0,,1.0,0.0,0.0,0.0,,,,,,,,,,,,,,,,,,,,,3371523.0
product_daily,,,,,,,,,,,,2.0,,2017-12-03,2.0,,0.0,0.0,2.0,0.0,,,,,,,,,,,,,,,,,,,,,3371523.0
product_daily,,,,,,,,,,,,15.0,,2017-11-25,14.0,,14.0,0.0,1.0,0.0,,,,,,,,,,,,,,,,,,,,,3403645.0
product_daily,,,,,,,,,,,,23.0,,2017-11-26,18.0,,22.0,0.0,1.0,0.0,,,,,,,,,,,,,,,,,,,,,3403645.0
product_daily,,,,,,,,,,,,21.0,,2017-11-27,18.0,,18.0,2.0,1.0,0.0,,,,,,,,,,,,,,,,,,,,,3403645.0
product_daily,,,,,,,,,,,,20.0,,2017-11-28,20.0,,20.0,0.0,0.0,0.0,,,,,,,,,,,,,,,,,,,,,3403645.0
product_daily,,,,,,,,,,,,34.0,,2017-11-29,24.0,,32.0,1.0,1.0,0.0,,,,,,,,,,,,,,,,,,,,,3403645.0
product_daily,,,,,,,,,,,,18.0,,2017-11-30,16.0,,17.0,0.0,0.0,1.0,,,,,,,,,,,,,,,,,,,,,3403645.0
product_daily,,,,,,,,,,,,30.0,,2017-12-01,28.0,,27.0,2.0,1.0,0.0,,,,,,,,,,,,,,,,,,,,,3403645.0
product_daily,,,,,,,,,,,,23.0,,2017-12-02,20.0,,22.0,0.0,1.0,0.0,,,,,,,,,,,,,,,,,,,,,3403645.0
product_daily,,,,,,,,,,,,31.0,,2017-12-03,23.0,,28.0,2.0,1.0,0.0,,,,,,,,,,,,,,,,,,,,,3403645.0
product_daily,,,,,,,,,,,,22.0,,2017-11-25,19.0,,18.0,2.0,1.0,1.0,,,,,,,,,,,,,,,,,,,,,3520504.0
product_daily,,,,,,,,,,,,46.0,,2017-11-26,42.0,,43.0,1.0,2.0,0.0,,,,,,,,,,,,,,,,,,,,,3520504.0
product_daily,,,,,,,,,,,,26.0,,2017-11-27,23.0,,24.0,1.0,1.0,0.0,,,,,,,,,,,,,,,,,,,,,3520504.0
product_daily,,,,,,,,,,,,33.0,,2017-11-28,30.0,,29.0,2.0,2.0,0.0,,,,,,,,,,,,,,,,,,,,,3520504.0
product_daily,,,,,,,,,,,,27.0,,2017-11-29,26.0,,26.0,0.0,1.0,0.0,,,,,,,,,,,,,,,,,,,,,3520504.0
product_daily,,,,,,,,,,,,31.0,,2017-11-30,30.0,,29.0,1.0,1.0,0.0,,,,,,,,,,,,,,,,,,,,,3520504.0
product_daily,,,,,,,,,,,,38.0,,2017-12-01,37.0,,37.0,0.0,1.0,0.0,,,,,,,,,,,,,,,,,,,,,3520504.0
product_daily,,,,,,,,,,,,47.0,,2017-12-02,40.0,,45.0,0.0,1.0,1.0,,,,,,,,,,,,,,,,,,,,,3520504.0
product_daily,,,,,,,,,,,,36.0,,2017-12-03,36.0,,35.0,1.0,0.0,0.0,,,,,,,,,,,,,,,,,,,,,3520504.0
product_daily,,,,,,,,,,,,35.0,,2017-11-25,24.0,,33.0,2.0,0.0,0.0,,,,,,,,,,,,,,,,,,,,,3529591.0
product_daily,,,,,,,,,,,,19.0,,2017-11-26,14.0,,18.0,1.0,0.0,0.0,,,,,,,,,,,,,,,,,,,,,3529591.0
product_daily,,,,,,,,,,,,30.0,,2017-11-27,23.0,,26.0,0.0,4.0,0.0,,,,,,,,,,,,,,,,,,,,,3529591.0
product_daily,,,,,,,,,,,,13.0,,2017-11-28,12.0,,12.0,0.0,1.0,0.0,,,,,,,,,,,,,,,,,,,,,3529591.0
product_daily,,,,,,,,,,,,23.0,,2017-11-29,18.0,,22.0,1.0,0.0,0.0,,,,,,,,,,,,,,,,,,,,,3529591.0
product_daily,,,,,,,,,,,,27.0,,2017-11-30,20.0,,25.0,1.0,1.0,0.0,,,,,,,,,,,,,,,,,,,,,3529591.0
product_daily,,,,,,,,,,,,33.0,,2017-12-01,27.0,,32.0,0.0,1.0,0.0,,,,,,,,,,,,,,,,,,,,,3529591.0
product_daily,,,,,,,,,,,,21.0,,2017-12-02,19.0,,21.0,0.0,0.0,0.0,,,,,,,,,,,,,,,,,,,,,3529591.0
product_daily,,,,,,,,,,,,23.0,,2017-12-03,15.0,,20.0,1.0,1.0,1.0,,,,,,,,,,,,,,,,,,,,,3529591.0
product_daily,,,,,,,,,,,,24.0,,2017-11-25,22.0,,22.0,0.0,2.0,0.0,,,,,,,,,,,,,,,,,,,,,3563468.0
product_daily,,,,,,,,,,,,23.0,,2017-11-26,22.0,,19.0,1.0,3.0,0.0,,,,,,,,,,,,,,,,,,,,,3563468.0
product_daily,,,,,,,,,,,,26.0,,2017-11-27,24.0,,25.0,0.0,0.0,1.0,,,,,,,,,,,,,,,,,,,,,3563468.0
product_daily,,,,,,,,,,,,26.0,,2017-11-28,25.0,,23.0,1.0,1.0,1.0,,,,,,,,,,,,,,,,,,,,,3563468.0
product_daily,,,,,,,,,,,,39.0,,2017-11-29,29.0,,36.0,0.0,2.0,1.0,,,,,,,,,,,,,,,,,,,,,3563468.0
product_daily,,,,,,,,,,,,37.0,,2017-11-30,33.0,,29.0,2.0,4.0,2.0,,,,,,,,,,,,,,,,,,,,,3563468.0
product_daily,,,,,,,,,,,,53.0,,2017-12-01,47.0,,46.0,1.0,5.0,1.0,,,,,,,,,,,,,,,,,,,,,3563468.0
product_daily,,,,,,,,,,,,54.0,,2017-12-02,48.0,,50.0,1.0,2.0,1.0,,,,,,,,,,,,,,,,,,,,,3563468.0
product_daily,,,,,,,,,,,,53.0,,2017-12-03,47.0,,49.0,0.0,3.0,1.0,,,,,,,,,,,,,,,,,,,,,3563468.0
product_daily,,,,,,,,,,,,26.0,,2017-11-25,18.0,,25.0,0.0,0.0,1.0,,,,,,,,,,,,,,,,,,,,,3685477.0
product_daily,,,,,,,,,,,,18.0,,2017-11-26,14.0,,17.0,0.0,1.0,0.0,,,,,,,,,,,,,,,,,,,,,3685477.0
product_daily,,,,,,,,,,,,12.0,,2017-11-27,9.0,,11.0,0.0,1.0,0.0,,,,,,,,,,,,,,,,,,,,,3685477.0
product_daily,,,,,,,,,,,,16.0,,2017-11-28,11.0,,15.0,0.0,0.0,1.0,,,,,,,,,,,,,,,,,,,,,3685477.0
product_daily,,,,,,,,,,,,17.0,,2017-11-29,14.0,,14.0,0.0,2.0,1.0,,,,,,,,,,,,,,,,,,,,,3685477.0
product_daily,,,,,,,,,,,,31.0,,2017-11-30,19.0,,26.0,0.0,3.0,2.0,,,,,,,,,,,,,,,,,,,,,3685477.0
product_daily,,,,,,,,,,,,28.0,,2017-12-01,19.0,,24.0,0.0,1.0,3.0,,,,,,,,,,,,,,,,,,,,,3685477.0
product_daily,,,,,,,,,,,,15.0,,2017-12-02,14.0,,13.0,1.0,1.0,0.0,,,,,,,,,,,,,,,,,,,,,3685477.0
product_daily,,,,,,,,,,,,28.0,,2017-12-03,17.0,,23.0,1.0,1.0,3.0,,,,,,,,,,,,,,,,,,,,,3685477.0
product_daily,,,,,,,,,,,,41.0,,2017-11-25,31.0,,40.0,1.0,0.0,0.0,,,,,,,,,,,,,,,,,,,,,3708121.0
product_daily,,,,,,,,,,,,91.0,,2017-11-26,26.0,,86.0,0.0,3.0,2.0,,,,,,,,,,,,,,,,,,,,,3708121.0
product_daily,,,,,,,,,,,,38.0,,2017-11-27,26.0,,36.0,1.0,0.0,1.0,,,,,,,,,,,,,,,,,,,,,3708121.0
product_daily,,,,,,,,,,,,31.0,,2017-11-28,22.0,,26.0,2.0,3.0,0.0,,,,,,,,,,,,,,,,,,,,,3708121.0
product_daily,,,,,,,,,,,,28.0,,2017-11-29,20.0,,25.0,0.0,2.0,1.0,,,,,,,,,,,,,,,,,,,,,3708121.0
product_daily,,,,,,,,,,,,39.0,,2017-11-30,23.0,,36.0,0.0,3.0,0.0,,,,,,,,,,,,,,,,,,,,,3708121.0
product_daily,,,,,,,,,,,,33.0,,2017-12-01,27.0,,32.0,0.0,1.0,0.0,,,,,,,,,,,,,,,,,,,,,3708121.0
product_daily,,,,,,,,,,,,32.0,,2017-12-02,28.0,,31.0,1.0,0.0,0.0,,,,,,,,,,,,,,,,,,,,,3708121.0
product_daily,,,,,,,,,,,,36.0,,2017-12-03,22.0,,35.0,1.0,0.0,0.0,,,,,,,,,,,,,,,,,,,,,3708121.0
product_daily,,,,,,,,,,,,18.0,,2017-11-25,17.0,,16.0,2.0,0.0,0.0,,,,,,,,,,,,,,,,,,,,,3715112.0
product_daily,,,,,,,,,,,,19.0,,2017-11-26,18.0,,18.0,1.0,0.0,0.0,,,,,,,,,,,,,,,,,,,,,3715112.0
product_daily,,,,,,,,,,,,26.0,,2017-11-27,18.0,,21.0,0.0,3.0,2.0,,,,,,,,,,,,,,,,,,,,,3715112.0
product_daily,,,,,,,,,,,,36.0,,2017-11-28,24.0,,35.0,0.0,1.0,0.0,,,,,,,,,,,,,,,,,,,,,3715112.0
product_daily,,,,,,,,,,,,30.0,,2017-11-29,20.0,,26.0,1.0,1.0,2.0,,,,,,,,,,,,,,,,,,,,,3715112.0
product_daily,,,,,,,,,,,,29.0,,2017-11-30,24.0,,26.0,0.0,2.0,1.0,,,,,,,,,,,,,,,,,,,,,3715112.0
product_daily,,,,,,,,,,,,27.0,,2017-12-01,22.0,,24.0,1.0,1.0,1.0,,,,,,,,,,,,,,,,,,,,,3715112.0
product_daily,,,,,,,,,,,,34.0,,2017-12-02,24.0,,28.0,1.0,3.0,2.0,,,,,,,,,,,,,,,,,,,,,3715112.0
product_daily,,,,,,,,,,,,39.0,,2017-12-03,31.0,,35.0,1.0,2.0,1.0,,,,,,,,,,,,,,,,,,,,,3715112.0
product_daily,,,,,,,,,,,,12.0,,2017-11-25,11.0,,12.0,0.0,0.0,0.0,,,,,,,,,,,,,,,,,,,,,3761770.0
product_daily,,,,,,,,,,,,23.0,,2017-11-26,21.0,,21.0,2.0,0.0,0.0,,,,,,,,,,,,,,,,,,,,,3761770.0
product_daily,,,,,,,,,,,,35.0,,2017-11-27,28.0,,30.0,2.0,3.0,0.0,,,,,,,,,,,,,,,,,,,,,3761770.0
product_daily,,,,,,,,,,,,8.0,,2017-11-28,8.0,,8.0,0.0,0.0,0.0,,,,,,,,,,,,,,,,,,,,,3761770.0
product_daily,,,,,,,,,,,,15.0,,2017-11-29,13.0,,12.0,2.0,1.0,0.0,,,,,,,,,,,,,,,,,,,,,3761770.0
product_daily,,,,,,,,,,,,19.0,,2017-11-30,17.0,,18.0,1.0,0.0,0.0,,,,,,,,,,,,,,,,,,,,,3761770.0
product_daily,,,,,,,,,,,,25.0,,2017-12-01,23.0,,20.0,2.0,3.0,0.0,,,,,,,,,,,,,,,,,,,,,3761770.0
product_daily,,,,,,,,,,,,36.0,,2017-12-02,35.0,,31.0,3.0,2.0,0.0,,,,,,,,,,,,,,,,,,,,,3761770.0
product_daily,,,,,,,,,,,,34.0,,2017-12-03,29.0,,30.0,2.0,2.0,0.0,,,,,,,,,,,,,,,,,,,,,3761770.0
product_daily,,,,,,,,,,,,22.0,,2017-11-25,20.0,,20.0,1.0,1.0,0.0,,,,,,,,,,,,,,,,,,,,,3836557.0
product_daily,,,,,,,,,,,,24.0,,2017-11-26,16.0,,21.0,1.0,2.0,0.0,,,,,,,,,,,,,,,,,,,,,3836557.0
product_daily,,,,,,,,,,,,16.0,,2017-11-27,14.0,,15.0,0.0,1.0,0.0,,,,,,,,,,,,,,,,,,,,,3836557.0
product_daily,,,,,,,,,,,,15.0,,2017-11-28,12.0,,14.0,0.0,1.0,0.0,,,,,,,,,,,,,,,,,,,,,3836557.0
product_daily,,,,,,,,,,,,34.0,,2017-11-29,27.0,,31.0,2.0,1.0,0.0,,,,,,,,,,,,,,,,,,,,,3836557.0
product_daily,,,,,,,,,,,,53.0,,2017-11-30,42.0,,49.0,1.0,3.0,0.0,,,,,,,,,,,,,,,,,,,,,3836557.0
product_daily,,,,,,,,,,,,34.0,,2017-12-01,27.0,,32.0,0.0,2.0,0.0,,,,,,,,,,,,,,,,,,,,,3836557.0
product_daily,,,,,,,,,,,,36.0,,2017-12-02,25.0,,32.0,2.0,2.0,0.0,,,,,,,,,,,,,,,,,,,,,3836557.0
product_daily,,,,,,,,,,,,13.0,,2017-12-03,13.0,,13.0,0.0,0.0,0.0,,,,,,,,,,,,,,,,,,,,,3836557.0
product_daily,,,,,,,,,,,,60.0,,2017-11-25,54.0,,58.0,2.0,0.0,0.0,,,,,,,,,,,,,,,,,,,,,3845720.0
product_daily,,,,,,,,,,,,54.0,,2017-11-26,41.0,,51.0,1.0,2.0,0.0,,,,,,,,,,,,,,,,,,,,,3845720.0
product_daily,,,,,,,,,,,,53.0,,2017-11-27,39.0,,51.0,1.0,0.0,1.0,,,,,,,,,,,,,,,,,,,,,3845720.0
product_daily,,,,,,,,,,,,44.0,,2017-11-28,40.0,,40.0,1.0,3.0,0.0,,,,,,,,,,,,,,,,,,,,,3845720.0
product_daily,,,,,,,,,,,,59.0,,2017-11-29,44.0,,55.0,3.0,1.0,0.0,,,,,,,,,,,,,,,,,,,,,3845720.0
product_daily,,,,,,,,,,,,66.0,,2017-11-30,53.0,,62.0,1.0,3.0,0.0,,,,,,,,,,,,,,,,,,,,,3845720.0
product_daily,,,,,,,,,,,,65.0,,2017-12-01,61.0,,62.0,2.0,1.0,0.0,,,,,,,,,,,,,,,,,,,,,3845720.0
product_daily,,,,,,,,,,,,59.0,,2017-12-02,54.0,,55.0,2.0,2.0,0.0,,,,,,,,,,,,,,,,,,,,,3845720.0
product_daily,,,,,,,,,,,,67.0,,2017-12-03,57.0,,65.0,1.0,1.0,0.0,,,,,,,,,,,,,,,,,,,,,3845720.0
product_daily,,,,,,,,,,,,39.0,,2017-11-25,27.0,,36.0,0.0,3.0,0.0,,,,,,,,,,,,,,,,,,,,,3920968.0
product_daily,,,,,,,,,,,,29.0,,2017-11-26,26.0,,26.0,0.0,3.0,0.0,,,,,,,,,,,,,,,,,,,,,3920968.0
product_daily,,,,,,,,,,,,32.0,,2017-11-27,26.0,,31.0,0.0,1.0,0.0,,,,,,,,,,,,,,,,,,,,,3920968.0
product_daily,,,,,,,,,,,,30.0,,2017-11-28,23.0,,29.0,0.0,1.0,0.0,,,,,,,,,,,,,,,,,,,,,3920968.0
product_daily,,,,,,,,,,,,27.0,,2017-11-29,23.0,,26.0,0.0,0.0,1.0,,,,,,,,,,,,,,,,,,,,,3920968.0
product_daily,,,,,,,,,,,,47.0,,2017-11-30,36.0,,43.0,1.0,2.0,1.0,,,,,,,,,,,,,,,,,,,,,3920968.0
product_daily,,,,,,,,,,,,53.0,,2017-12-01,46.0,,51.0,1.0,1.0,0.0,,,,,,,,,,,,,,,,,,,,,3920968.0
product_daily,,,,,,,,,,,,51.0,,2017-12-02,44.0,,46.0,2.0,3.0,0.0,,,,,,,,,,,,,,,,,,,,,3920968.0
product_daily,,,,,,,,,,,,26.0,,2017-12-03,22.0,,25.0,0.0,1.0,0.0,,,,,,,,,,,,,,,,,,,,,3920968.0
product_daily,,,,,,,,,,,,39.0,,2017-11-25,33.0,,32.0,1.0,6.0,0.0,,,,,,,,,,,,,,,,,,,,,3990990.0
product_daily,,,,,,,,,,,,20.0,,2017-11-26,18.0,,18.0,1.0,1.0,0.0,,,,,,,,,,,,,,,,,,,,,3990990.0
product_daily,,,,,,,,,,,,16.0,,2017-11-27,14.0,,13.0,2.0,1.0,0.0,,,,,,,,,,,,,,,,,,,,,3990990.0
product_daily,,,,,,,,,,,,16.0,,2017-11-28,14.0,,14.0,0.0,2.0,0.0,,,,,,,,,,,,,,,,,,,,,3990990.0
product_daily,,,,,,,,,,,,31.0,,2017-11-29,24.0,,27.0,1.0,3.0,0.0,,,,,,,,,,,,,,,,,,,,,3990990.0
product_daily,,,,,,,,,,,,21.0,,2017-11-30,19.0,,21.0,0.0,0.0,0.0,,,,,,,,,,,,,,,,,,,,,3990990.0
product_daily,,,,,,,,,,,,28.0,,2017-12-01,18.0,,27.0,0.0,1.0,0.0,,,,,,,,,,,,,,,,,,,,,3990990.0
product_daily,,,,,,,,,,,,14.0,,2017-12-02,9.0,,13.0,0.0,1.0,0.0,,,,,,,,,,,,,,,,,,,,,3990990.0
product_daily,,,,,,,,,,,,22.0,,2017-12-03,11.0,,20.0,0.0,1.0,1.0,,,,,,,,,,,,,,,,,,,,,3990990.0
product_daily,,,,,,,,,,,,35.0,,2017-11-25,30.0,,31.0,0.0,3.0,1.0,,,,,,,,,,,,,,,,,,,,,4091349.0
product_daily,,,,,,,,,,,,41.0,,2017-11-26,36.0,,35.0,1.0,3.0,2.0,,,,,,,,,,,,,,,,,,,,,4091349.0
product_daily,,,,,,,,,,,,28.0,,2017-11-27,26.0,,24.0,2.0,2.0,0.0,,,,,,,,,,,,,,,,,,,,,4091349.0
product_daily,,,,,,,,,,,,31.0,,2017-11-28,25.0,,29.0,1.0,1.0,0.0,,,,,,,,,,,,,,,,,,,,,4091349.0
product_daily,,,,,,,,,,,,29.0,,2017-11-29,25.0,,28.0,0.0,1.0,0.0,,,,,,,,,,,,,,,,,,,,,4091349.0
product_daily,,,,,,,,,,,,29.0,,2017-11-30,28.0,,25.0,1.0,2.0,1.0,,,,,,,,,,,,,,,,,,,,,4091349.0
product_daily,,,,,,,,,,,,45.0,,2017-12-01,36.0,,43.0,1.0,1.0,0.0,,,,,,,,,,,,,,,,,,,,,4091349.0
product_daily,,,,,,,,,,,,37.0,,2017-12-02,32.0,,33.0,2.0,2.0,0.0,,,,,,,,,,,,,,,,,,,,,4091349.0
product_daily,,,,,,,,,,,,30.0,,2017-12-03,26.0,,25.0,3.0,2.0,0.0,,,,,,,,,,,,,,,,,,,,,4091349.0
product_daily,,,,,,,,,,,,42.0,,2017-11-25,36.0,,41.0,0.0,1.0,0.0,,,,,,,,,,,,,,,,,,,,,4211339.0
product_daily,,,,,,,,,,,,50.0,,2017-11-26,46.0,,46.0,2.0,2.0,0.0,,,,,,,,,,,,,,,,,,,,,4211339.0
product_daily,,,,,,,,,,,,46.0,,2017-11-27,42.0,,45.0,1.0,0.0,0.0,,,,,,,,,,,,,,,,,,,,,4211339.0
product_daily,,,,,,,,,,,,41.0,,2017-11-28,40.0,,38.0,1.0,2.0,0.0,,,,,,,,,,,,,,,,,,,,,4211339.0
product_daily,,,,,,,,,,,,47.0,,2017-11-29,40.0,,43.0,2.0,2.0,0.0,,,,,,,,,,,,,,,,,,,,,4211339.0
product_daily,,,,,,,,,,,,50.0,,2017-11-30,48.0,,47.0,0.0,3.0,0.0,,,,,,,,,,,,,,,,,,,,,4211339.0
product_daily,,,,,,,,,,,,49.0,,2017-12-01,47.0,,47.0,2.0,0.0,0.0,,,,,,,,,,,,,,,,,,,,,4211339.0
product_daily,,,,,,,,,,,,47.0,,2017-12-02,44.0,,42.0,0.0,5.0,0.0,,,,,,,,,,,,,,,,,,,,,4211339.0
product_daily,,,,,,,,,,,,31.0,,2017-12-03,28.0,,28.0,1.0,2.0,0.0,,,,,,,,,,,,,,,,,,,,,4211339.0
product_daily,,,,,,,,,,,,22.0,,2017-11-25,15.0,,21.0,0.0,0.0,1.0,,,,,,,,,,,,,,,,,,,,,4293038.0
product_daily,,,,,,,,,,,,23.0,,2017-11-26,17.0,,21.0,0.0,2.0,0.0,,,,,,,,,,,,,,,,,,,,,4293038.0
product_daily,,,,,,,,,,,,19.0,,2017-11-27,17.0,,19.0,0.0,0.0,0.0,,,,,,,,,,,,,,,,,,,,,4293038.0
product_daily,,,,,,,,,,,,9.0,,2017-11-28,8.0,,8.0,0.0,1.0,0.0,,,,,,,,,,,,,,,,,,,,,4293038.0
product_daily,,,,,,,,,,,,26.0,,2017-11-29,15.0,,24.0,0.0,2.0,0.0,,,,,,,,,,,,,,,,,,,,,4293038.0
product_daily,,,,,,,,,,,,30.0,,2017-11-30,15.0,,28.0,0.0,1.0,1.0,,,,,,,,,,,,,,,,,,,,,4293038.0
product_daily,,,,,,,,,,,,14.0,,2017-12-01,12.0,,11.0,3.0,0.0,0.0,,,,,,,,,,,,,,,,,,,,,4293038.0
product_daily,,,,,,,,,,,,45.0,,2017-12-02,36.0,,41.0,2.0,1.0,1.0,,,,,,,,,,,,,,,,,,,,,4293038.0
product_daily,,,,,,,,,,,,21.0,,2017-12-03,20.0,,19.0,1.0,1.0,0.0,,,,,,,,,,,,,,,,,,,,,4293038.0
product_daily,,,,,,,,,,,,30.0,,2017-11-25,28.0,,25.0,0.0,3.0,2.0,,,,,,,,,,,,,,,,,,,,,4443059.0
product_daily,,,,,,,,,,,,47.0,,2017-11-26,37.0,,47.0,0.0,0.0,0.0,,,,,,,,,,,,,,,,,,,,,4443059.0
product_daily,,,,,,,,,,,,26.0,,2017-11-27,22.0,,24.0,0.0,1.0,1.0,,,,,,,,,,,,,,,,,,,,,4443059.0
product_daily,,,,,,,,,,,,30.0,,2017-11-28,28.0,,26.0,0.0,4.0,0.0,,,,,,,,,,,,,,,,,,,,,4443059.0
product_daily,,,,,,,,,,,,45.0,,2017-11-29,34.0,,40.0,1.0,2.0,2.0,,,,,,,,,,,,,,,,,,,,,4443059.0
product_daily,,,,,,,,,,,,48.0,,2017-11-30,45.0,,47.0,0.0,1.0,0.0,,,,,,,,,,,,,,,,,,,,,4443059.0
product_daily,,,,,,,,,,,,39.0,,2017-12-01,36.0,,35.0,1.0,1.0,2.0,,,,,,,,,,,,,,,,,,,,,4443059.0
product_daily,,,,,,,,,,,,40.0,,2017-12-02,34.0,,40.0,0.0,0.0,0.0,,,,,,,,,,,,,,,,,,,,,4443059.0
product_daily,,,,,,,,,,,,32.0,,2017-12-03,32.0,,29.0,1.0,2.0,0.0,,,,,,,,,,,,,,,,,,,,,4443059.0
product_daily,,,,,,,,,,,,28.0,,2017-11-25,23.0,,27.0,1.0,0.0,0.0,,,,,,,,,,,,,,,,,,,,,4491210.0
product_daily,,,,,,,,,,,,15.0,,2017-11-26,15.0,,14.0,0.0,1.0,0.0,,,,,,,,,,,,,,,,,,,,,4491210.0
product_daily,,,,,,,,,,,,29.0,,2017-11-27,23.0,,26.0,1.0,2.0,0.0,,,,,,,,,,,,,,,,,,,,,4491210.0
product_daily,,,,,,,,,,,,21.0,,2017-11-28,17.0,,20.0,0.0,0.0,1.0,,,,,,,,,,,,,,,,,,,,,4491210.0
product_daily,,,,,,,,,,,,18.0,,2017-11-29,14.0,,18.0,0.0,0.0,0.0,,,,,,,,,,,,,,,,,,,,,4491210.0
product_daily,,,,,,,,,,,,18.0,,2017-11-30,15.0,,18.0,0.0,0.0,0.0,,,,,,,,,,,,,,,,,,,,,4491210.0
product_daily,,,,,,,,,,,,21.0,,2017-12-01,16.0,,19.0,0.0,2.0,0.0,,,,,,,,,,,,,,,,,,,,,4491210.0
product_daily,,,,,,,,,,,,24.0,,2017-12-02,21.0,,22.0,2.0,0.0,0.0,,,,,,,,,,,,,,,,,,,,,4491210.0
product_daily,,,,,,,,,,,,26.0,,2017-12-03,21.0,,24.0,1.0,1.0,0.0,,,,,,,,,,,,,,,,,,,,,4491210.0
product_daily,,,,,,,,,,,,32.0,,2017-11-25,26.0,,29.0,1.0,2.0,0.0,,,,,,,,,,,,,,,,,,,,,4525461.0
product_daily,,,,,,,,,,,,15.0,,2017-11-26,13.0,,14.0,1.0,0.0,0.0,,,,,,,,,,,,,,,,,,,,,4525461.0
product_daily,,,,,,,,,,,,17.0,,2017-11-27,12.0,,16.0,0.0,1.0,0.0,,,,,,,,,,,,,,,,,,,,,4525461.0
product_daily,,,,,,,,,,,,21.0,,2017-11-28,17.0,,19.0,1.0,1.0,0.0,,,,,,,,,,,,,,,,,,,,,4525461.0
product_daily,,,,,,,,,,,,21.0,,2017-11-29,19.0,,21.0,0.0,0.0,0.0,,,,,,,,,,,,,,,,,,,,,4525461.0
product_daily,,,,,,,,,,,,17.0,,2017-11-30,14.0,,15.0,0.0,2.0,0.0,,,,,,,,,,,,,,,,,,,,,4525461.0
product_daily,,,,,,,,,,,,32.0,,2017-12-01,24.0,,30.0,0.0,2.0,0.0,,,,,,,,,,,,,,,,,,,,,4525461.0
product_daily,,,,,,,,,,,,25.0,,2017-12-02,21.0,,24.0,1.0,0.0,0.0,,,,,,,,,,,,,,,,,,,,,4525461.0
product_daily,,,,,,,,,,,,22.0,,2017-12-03,18.0,,22.0,0.0,0.0,0.0,,,,,,,,,,,,,,,,,,,,,4525461.0
product_daily,,,,,,,,,,,,16.0,,2017-11-25,13.0,,12.0,3.0,1.0,0.0,,,,,,,,,,,,,,,,,,,,,4550052.0
product_daily,,,,,,,,,,,,17.0,,2017-11-26,15.0,,15.0,1.0,1.0,0.0,,,,,,,,,,,,,,,,,,,,,4550052.0
product_daily,,,,,,,,,,,,16.0,,2017-11-27,14.0,,16.0,0.0,0.0,0.0,,,,,,,,,,,,,,,,,,,,,4550052.0
product_daily,,,,,,,,,,,,17.0,,2017-11-28,17.0,,15.0,0.0,2.0,0.0,,,,,,,,,,,,,,,,,,,,,4550052.0
product_daily,,,,,,,,,,,,22.0,,2017-11-29,20.0,,21.0,0.0,1.0,0.0,,,,,,,,,,,,,,,,,,,,,4550052.0
product_daily,,,,,,,,,,,,16.0,,2017-11-30,16.0,,15.0,1.0,0.0,0.0,,,,,,,,,,,,,,,,,,,,,4550052.0
product_daily,,,,,,,,,,,,29.0,,2017-12-01,27.0,,28.0,0.0,1.0,0.0,,,,,,,,,,,,,,,,,,,,,4550052.0
product_daily,,,,,,,,,,,,31.0,,2017-12-02,29.0,,30.0,0.0,0.0,1.0,,,,,,,,,,,,,,,,,,,,,4550052.0
product_daily,,,,,,,,,,,,26.0,,2017-12-03,25.0,,24.0,0.0,1.0,1.0,,,,,,,,,,,,,,,,,,,,,4550052.0
product_daily,,,,,,,,,,,,27.0,,2017-11-25,27.0,,26.0,1.0,0.0,0.0,,,,,,,,,,,,,,,,,,,,,4622270.0
product_daily,,,,,,,,,,,,24.0,,2017-11-26,24.0,,23.0,0.0,1.0,0.0,,,,,,,,,,,,,,,,,,,,,4622270.0
product_daily,,,,,,,,,,,,20.0,,2017-11-27,19.0,,19.0,0.0,1.0,0.0,,,,,,,,,,,,,,,,,,,,,4622270.0
product_daily,,,,,,,,,,,,21.0,,2017-11-28,20.0,,21.0,0.0,0.0,0.0,,,,,,,,,,,,,,,,,,,,,4622270.0
product_daily,,,,,,,,,,,,20.0,,2017-11-29,20.0,,19.0,1.0,0.0,0.0,,,,,,,,,,,,,,,,,,,,,4622270.0
product_daily,,,,,,,,,,,,31.0,,2017-11-30,31.0,,28.0,1.0,1.0,1.0,,,,,,,,,,,,,,,,,,,,,4622270.0
product_daily,,,,,,,,,,,,24.0,,2017-12-01,24.0,,22.0,1.0,1.0,0.0,,,,,,,,,,,,,,,,,,,,,4622270.0
product_daily,,,,,,,,,,,,28.0,,2017-12-02,27.0,,27.0,1.0,0.0,0.0,,,,,,,,,,,,,,,,,,,,,4622270.0
product_daily,,,,,,,,,,,,18.0,,2017-12-03,18.0,,18.0,0.0,0.0,0.0,,,,,,,,,,,,,,,,,,,,,4622270.0
product_daily,,,,,,,,,,,,39.0,,2017-11-25,32.0,,35.0,2.0,2.0,0.0,,,,,,,,,,,,,,,,,,,,,4649427.0
product_daily,,,,,,,,,,,,42.0,,2017-11-26,38.0,,40.0,0.0,2.0,0.0,,,,,,,,,,,,,,,,,,,,,4649427.0
product_daily,,,,,,,,,,,,24.0,,2017-11-27,24.0,,22.0,1.0,1.0,0.0,,,,,,,,,,,,,,,,,,,,,4649427.0
product_daily,,,,,,,,,,,,30.0,,2017-11-28,25.0,,26.0,1.0,3.0,0.0,,,,,,,,,,,,,,,,,,,,,4649427.0
product_daily,,,,,,,,,,,,41.0,,2017-11-29,34.0,,39.0,0.0,2.0,0.0,,,,,,,,,,,,,,,,,,,,,4649427.0
product_daily,,,,,,,,,,,,30.0,,2017-11-30,24.0,,27.0,0.0,3.0,0.0,,,,,,,,,,,,,,,,,,,,,4649427.0
product_daily,,,,,,,,,,,,48.0,,2017-12-01,39.0,,44.0,1.0,3.0,0.0,,,,,,,,,,,,,,,,,,,,,4649427.0
product_daily,,,,,,,,,,,,37.0,,2017-12-02,31.0,,30.0,2.0,5.0,0.0,,,,,,,,,,,,,,,,,,,,,4649427.0
product_daily,,,,,,,,,,,,38.0,,2017-12-03,31.0,,37.0,0.0,1.0,0.0,,,,,,,,,,,,,,,,,,,,,4649427.0
product_daily,,,,,,,,,,,,27.0,,2017-11-25,17.0,,26.0,1.0,0.0,0.0,,,,,,,,,,,,,,,,,,,,,4793966.0
product_daily,,,,,,,,,,,,18.0,,2017-11-26,15.0,,18.0,0.0,0.0,0.0,,,,,,,,,,,,,,,,,,,,,4793966.0
product_daily,,,,,,,,,,,,19.0,,2017-11-27,19.0,,18.0,1.0,0.0,0.0,,,,,,,,,,,,,,,,,,,,,4793966.0
product_daily,,,,,,,,,,,,14.0,,2017-11-28,13.0,,12.0,1.0,1.0,0.0,,,,,,,,,,,,,,,,,,,,,4793966.0
product_daily,,,,,,,,,,,,12.0,,2017-11-29,11.0,,12.0,0.0,0.0,0.0,,,,,,,,,,,,,,,,,,,,,4793966.0
product_daily,,,,,,,,,,,,20.0,,2017-11-30,19.0,,19.0,1.0,0.0,0.0,,,,,,,,,,,,,,,,,,,,,4793966.0
product_daily,,,,,,,,,,,,32.0,,2017-12-01,25.0,,27.0,1.0,4.0,0.0,,,,,,,,,,,,,,,,,,,,,4793966.0
product_daily,,,,,,,,,,,,35.0,,2017-12-02,29.0,,33.0,1.0,1.0,0.0,,,,,,,,,,,,,,,,,,,,,4793966.0
product_daily,,,,,,,,,,,,21.0,,2017-12-03,16.0,,20.0,1.0,0.0,0.0,,,,,,,,,,,,,,,,,,,,,4793966.0
product_daily,,,,,,,,,,,,25.0,,2017-11-25,19.0,,24.0,0.0,1.0,0.0,,,,,,,,,,,,,,,,,,,,,5128303.0
product_daily,,,,,,,,,,,,23.0,,2017-11-26,23.0,,21.0,1.0,1.0,0.0,,,,,,,,,,,,,,,,,,,,,5128303.0
product_daily,,,,,,,,,,,,22.0,,2017-11-27,18.0,,20.0,1.0,1.0,0.0,,,,,,,,,,,,,,,,,,,,,5128303.0
product_daily,,,,,,,,,,,,21.0,,2017-11-28,19.0,,20.0,0.0,1.0,0.0,,,,,,,,,,,,,,,,,,,,,5128303.0
product_daily,,,,,,,,,,,,34.0,,2017-11-29,27.0,,34.0,0.0,0.0,0.0,,,,,,,,,,,,,,,,,,,,,5128303.0
product_daily,,,,,,,,,,,,26.0,,2017-11-30,22.0,,25.0,1.0,0.0,0.0,,,,,,,,,,,,,,,,,,,,,5128303.0
product_daily,,,,,,,,,,,,35.0,,2017-12-01,28.0,,32.0,3.0,0.0,0.0,,,,,,,,,,,,,,,,,,,,,5128303.0
product_daily,,,,,,,,,,,,13.0,,2017-12-02,12.0,,13.0,0.0,0.0,0.0,,,,,,,,,,,,,,,,,,,,,5128303.0
product_daily,,,,,,,,,,,,19.0,,2017-12-03,14.0,,17.0,1.0,1.0,0.0,,,,,,,,,,,,,,,,,,,,,5128303.0
product_hourly,,,,,,,,,,,,17.0,,,16.0,,15.0,0.0,2.0,0.0,0.0,,,,,,,,,,,,,,,,,,,,59883.0
product_hourly,,,,,,,,,,,,15.0,,,15.0,,15.0,0.0,0.0,0.0,1.0,,,,,,,,,,,,,,,,,,,,59883.0
product_hourly,,,,,,,,,,,,10.0,,,10.0,,10.0,0.0,0.0,0.0,2.0,,,,,,,,,,,,,,,,,,,,59883.0
product_hourly,,,,,,,,,,,,10.0,,,10.0,,10.0,0.0,0.0,0.0,3.0,,,,,,,,,,,,,,,,,,,,59883.0
product_hourly,,,,,,,,,,,,21.0,,,20.0,,21.0,0.0,0.0,0.0,4.0,,,,,,,,,,,,,,,,,,,,59883.0
product_hourly,,,,,,,,,,,,22.0,,,22.0,,21.0,0.0,1.0,0.0,5.0,,,,,,,,,,,,,,,,,,,,59883.0
product_hourly,,,,,,,,,,,,16.0,,,15.0,,16.0,0.0,0.0,0.0,6.0,,,,,,,,,,,,,,,,,,,,59883.0
product_hourly,,,,,,,,,,,,17.0,,,17.0,,16.0,1.0,0.0,0.0,7.0,,,,,,,,,,,,,,,,,,,,59883.0
product_hourly,,,,,,,,,,,,26.0,,,26.0,,24.0,0.0,2.0,0.0,8.0,,,,,,,,,,,,,,,,,,,,59883.0
product_hourly,,,,,,,,,,,,16.0,,,16.0,,16.0,0.0,0.0,0.0,9.0,,,,,,,,,,,,,,,,,,,,59883.0
product_hourly,,,,,,,,,,,,14.0,,,14.0,,13.0,0.0,1.0,0.0,10.0,,,,,,,,,,,,,,,,,,,,59883.0
product_hourly,,,,,,,,,,,,21.0,,,21.0,,20.0,0.0,1.0,0.0,11.0,,,,,,,,,,,,,,,,,,,,59883.0
product_hourly,,,,,,,,,,,,27.0,,,27.0,,27.0,0.0,0.0,0.0,12.0,,,,,,,,,,,,,,,,,,,,59883.0
product_hourly,,,,,,,,,,,,42.0,,,41.0,,42.0,0.0,0.0,0.0,13.0,,,,,,,,,,,,,,,,,,,,59883.0
product_hourly,,,,,,,,,,,,36.0,,,36.0,,35.0,1.0,0.0,0.0,14.0,,,,,,,,,,,,,,,,,,,,59883.0
product_hourly,,,,,,,,,,,,33.0,,,32.0,,33.0,0.0,0.0,0.0,15.0,,,,,,,,,,,,,,,,,,,,59883.0
product_hourly,,,,,,,,,,,,11.0,,,11.0,,11.0,0.0,0.0,0.0,16.0,,,,,,,,,,,,,,,,,,,,59883.0
product_hourly,,,,,,,,,,,,6.0,,,6.0,,6.0,0.0,0.0,0.0,17.0,,,,,,,,,,,,,,,,,,,,59883.0
product_hourly,,,,,,,,,,,,2.0,,,2.0,,2.0,0.0,0.0,0.0,18.0,,,,,,,,,,,,,,,,,,,,59883.0
product_hourly,,,,,,,,,,,,10.0,,,10.0,,10.0,0.0,0.0,0.0,19.0,,,,,,,,,,,,,,,,,,,,59883.0
product_hourly,,,,,,,,,,,,2.0,,,2.0,,1.0,0.0,1.0,0.0,21.0,,,,,,,,,,,,,,,,,,,,59883.0
product_hourly,,,,,,,,,,,,6.0,,,6.0,,6.0,0.0,0.0,0.0,22.0,,,,,,,,,,,,,,,,,,,,59883.0
product_hourly,,,,,,,,,,,,9.0,,,9.0,,9.0,0.0,0.0,0.0,23.0,,,,,,,,,,,,,,,,,,,,59883.0
product_hourly,,,,,,,,,,,,3.0,,,3.0,,3.0,0.0,0.0,0.0,0.0,,,,,,,,,,,,,,,,,,,,105055.0
product_hourly,,,,,,,,,,,,10.0,,,10.0,,10.0,0.0,0.0,0.0,1.0,,,,,,,,,,,,,,,,,,,,105055.0
product_hourly,,,,,,,,,,,,6.0,,,6.0,,5.0,1.0,0.0,0.0,2.0,,,,,,,,,,,,,,,,,,,,105055.0
product_hourly,,,,,,,,,,,,11.0,,,11.0,,10.0,1.0,0.0,0.0,3.0,,,,,,,,,,,,,,,,,,,,105055.0
product_hourly,,,,,,,,,,,,11.0,,,10.0,,11.0,0.0,0.0,0.0,4.0,,,,,,,,,,,,,,,,,,,,105055.0
product_hourly,,,,,,,,,,,,11.0,,,11.0,,10.0,1.0,0.0,0.0,5.0,,,,,,,,,,,,,,,,,,,,105055.0
product_hourly,,,,,,,,,,,,11.0,,,11.0,,11.0,0.0,0.0,0.0,6.0,,,,,,,,,,,,,,,,,,,,105055.0
product_hourly,,,,,,,,,,,,7.0,,,7.0,,6.0,0.0,1.0,0.0,7.0,,,,,,,,,,,,,,,,,,,,105055.0
product_hourly,,,,,,,,,,,,11.0,,,10.0,,11.0,0.0,0.0,0.0,8.0,,,,,,,,,,,,,,,,,,,,105055.0
product_hourly,,,,,,,,,,,,12.0,,,10.0,,10.0,0.0,2.0,0.0,9.0,,,,,,,,,,,,,,,,,,,,105055.0
product_hourly,,,,,,,,,,,,9.0,,,9.0,,9.0,0.0,0.0,0.0,10.0,,,,,,,,,,,,,,,,,,,,105055.0
product_hourly,,,,,,,,,,,,12.0,,,12.0,,12.0,0.0,0.0,0.0,11.0,,,,,,,,,,,,,,,,,,,,105055.0
product_hourly,,,,,,,,,,,,16.0,,,16.0,,15.0,0.0,0.0,1.0,12.0,,,,,,,,,,,,,,,,,,,,105055.0
product_hourly,,,,,,,,,,,,16.0,,,16.0,,16.0,0.0,0.0,0.0,13.0,,,,,,,,,,,,,,,,,,,,105055.0
product_hourly,,,,,,,,,,,,20.0,,,19.0,,19.0,0.0,1.0,0.0,14.0,,,,,,,,,,,,,,,,,,,,105055.0
product_hourly,,,,,,,,,,,,17.0,,,14.0,,17.0,0.0,0.0,0.0,15.0,,,,,,,,,,,,,,,,,,,,105055.0
product_hourly,,,,,,,,,,,,4.0,,,4.0,,3.0,1.0,0.0,0.0,16.0,,,,,,,,,,,,,,,,,,,,105055.0
product_hourly,,,,,,,,,,,,2.0,,,2.0,,2.0,0.0,0.0,0.0,17.0,,,,,,,,,,,,,,,,,,,,105055.0
product_hourly,,,,,,,,,,,,2.0,,,2.0,,2.0,0.0,0.0,0.0,18.0,,,,,,,,,,,,,,,,,,,,105055.0
product_hourly,,,,,,,,,,,,2.0,,,2.0,,2.0,0.0,0.0,0.0,19.0,,,,,,,,,,,,,,,,,,,,105055.0
product_hourly,,,,,,,,,,,,1.0,,,1.0,,1.0,0.0,0.0,0.0,20.0,,,,,,,,,,,,,,,,,,,,105055.0
product_hourly,,,,,,,,,,,,1.0,,,1.0,,1.0,0.0,0.0,0.0,21.0,,,,,,,,,,,,,,,,,,,,105055.0
product_hourly,,,,,,,,,,,,1.0,,,1.0,,1.0,0.0,0.0,0.0,22.0,,,,,,,,,,,,,,,,,,,,105055.0
product_hourly,,,,,,,,,,,,5.0,,,5.0,,4.0,0.0,1.0,0.0,23.0,,,,,,,,,,,,,,,,,,,,105055.0
product_hourly,,,,,,,,,,,,12.0,,,10.0,,10.0,0.0,2.0,0.0,0.0,,,,,,,,,,,,,,,,,,,,138964.0
product_hourly,,,,,,,,,,,,23.0,,,16.0,,23.0,0.0,0.0,0.0,1.0,,,,,,,,,,,,,,,,,,,,138964.0
product_hourly,,,,,,,,,,,,8.0,,,7.0,,8.0,0.0,0.0,0.0,2.0,,,,,,,,,,,,,,,,,,,,138964.0
product_hourly,,,,,,,,,,,,15.0,,,15.0,,14.0,0.0,0.0,1.0,3.0,,,,,,,,,,,,,,,,,,,,138964.0
product_hourly,,,,,,,,,,,,20.0,,,16.0,,19.0,0.0,1.0,0.0,4.0,,,,,,,,,,,,,,,,,,,,138964.0
product_hourly,,,,,,,,,,,,19.0,,,19.0,,18.0,0.0,1.0,0.0,5.0,,,,,,,,,,,,,,,,,,,,138964.0
product_hourly,,,,,,,,,,,,26.0,,,22.0,,25.0,0.0,1.0,0.0,6.0,,,,,,,,,,,,,,,,,,,,138964.0
product_hourly,,,,,,,,,,,,21.0,,,17.0,,21.0,0.0,0.0,0.0,7.0,,,,,,,,,,,,,,,,,,,,138964.0
product_hourly,,,,,,,,,,,,26.0,,,23.0,,22.0,1.0,3.0,0.0,8.0,,,,,,,,,,,,,,,,,,,,138964.0
product_hourly,,,,,,,,,,,,29.0,,,23.0,,27.0,1.0,1.0,0.0,9.0,,,,,,,,,,,,,,,,,,,,138964.0
product_hourly,,,,,,,,,,,,32.0,,,29.0,,31.0,1.0,0.0,0.0,10.0,,,,,,,,,,,,,,,,,,,,138964.0
product_hourly,,,,,,,,,,,,47.0,,,37.0,,41.0,3.0,3.0,0.0,11.0,,,,,,,,,,,,,,,,,,,,138964.0
product_hourly,,,,,,,,,,,,40.0,,,38.0,,37.0,2.0,1.0,0.0,12.0,,,,,,,,,,,,,,,,,,,,138964.0
product_hourly,,,,,,,,,,,,55.0,,,44.0,,54.0,0.0,1.0,0.0,13.0,,,,,,,,,,,,,,,,,,,,138964.0
product_hourly,,,,,,,,,,,,33.0,,,29.0,,30.0,1.0,1.0,1.0,14.0,,,,,,,,,,,,,,,,,,,,138964.0
product_hourly,,,,,,,,,,,,19.0,,,19.0,,19.0,0.0,0.0,0.0,15.0,,,,,,,,,,,,,,,,,,,,138964.0
product_hourly,,,,,,,,,,,,5.0,,,5.0,,5.0,0.0,0.0,0.0,16.0,,,,,,,,,,,,,,,,,,,,138964.0
product_hourly,,,,,,,,,,,,2.0,,,2.0,,2.0,0.0,0.0,0.0,17.0,,,,,,,,,,,,,,,,,,,,138964.0
product_hourly,,,,,,,,,,,,2.0,,,1.0,,2.0,0.0,0.0,0.0,19.0,,,,,,,,,,,,,,,,,,,,138964.0
product_hourly,,,,,,,,,,,,1.0,,,1.0,,1.0,0.0,0.0,0.0,20.0,,,,,,,,,,,,,,,,,,,,138964.0
product_hourly,,,,,,,,,,,,1.0,,,1.0,,1.0,0.0,0.0,0.0,21.0,,,,,,,,,,,,,,,,,,,,138964.0
product_hourly,,,,,,,,,,,,10.0,,,9.0,,10.0,0.0,0.0,0.0,22.0,,,,,,,,,,,,,,,,,,,,138964.0
product_hourly,,,,,,,,,,,,15.0,,,15.0,,13.0,0.0,1.0,1.0,23.0,,,,,,,,,,,,,,,,,,,,138964.0
product_hourly,,,,,,,,,,,,5.0,,,5.0,,5.0,0.0,0.0,0.0,0.0,,,,,,,,,,,,,,,,,,,,181419.0
product_hourly,,,,,,,,,,,,7.0,,,7.0,,7.0,0.0,0.0,0.0,1.0,,,,,,,,,,,,,,,,,,,,181419.0
product_hourly,,,,,,,,,,,,13.0,,,12.0,,13.0,0.0,0.0,0.0,2.0,,,,,,,,,,,,,,,,,,,,181419.0
product_hourly,,,,,,,,,,,,12.0,,,8.0,,9.0,0.0,2.0,1.0,3.0,,,,,,,,,,,,,,,,,,,,181419.0
product_hourly,,,,,,,,,,,,16.0,,,10.0,,14.0,1.0,0.0,1.0,4.0,,,,,,,,,,,,,,,,,,,,181419.0
product_hourly,,,,,,,,,,,,9.0,,,8.0,,9.0,0.0,0.0,0.0,5.0,,,,,,,,,,,,,,,,,,,,181419.0
product_hourly,,,,,,,,,,,,5.0,,,5.0,,5.0,0.0,0.0,0.0,6.0,,,,,,,,,,,,,,,,,,,,181419.0
product_hourly,,,,,,,,,,,,15.0,,,12.0,,15.0,0.0,0.0,0.0,7.0,,,,,,,,,,,,,,,,,,,,181419.0
product_hourly,,,,,,,,,,,,20.0,,,12.0,,20.0,0.0,0.0,0.0,8.0,,,,,,,,,,,,,,,,,,,,181419.0
product_hourly,,,,,,,,,,,,2.0,,,1.0,,2.0,0.0,0.0,0.0,9.0,,,,,,,,,,,,,,,,,,,,181419.0
product_hourly,,,,,,,,,,,,9.0,,,9.0,,9.0,0.0,0.0,0.0,10.0,,,,,,,,,,,,,,,,,,,,181419.0
product_hourly,,,,,,,,,,,,12.0,,,9.0,,12.0,0.0,0.0,0.0,11.0,,,,,,,,,,,,,,,,,,,,181419.0
product_hourly,,,,,,,,,,,,11.0,,,8.0,,10.0,1.0,0.0,0.0,12.0,,,,,,,,,,,,,,,,,,,,181419.0
product_hourly,,,,,,,,,,,,21.0,,,15.0,,21.0,0.0,0.0,0.0,13.0,,,,,,,,,,,,,,,,,,,,181419.0
product_hourly,,,,,,,,,,,,11.0,,,10.0,,11.0,0.0,0.0,0.0,14.0,,,,,,,,,,,,,,,,,,,,181419.0
product_hourly,,,,,,,,,,,,9.0,,,8.0,,8.0,0.0,1.0,0.0,15.0,,,,,,,,,,,,,,,,,,,,181419.0
product_hourly,,,,,,,,,,,,10.0,,,10.0,,8.0,1.0,1.0,0.0,16.0,,,,,,,,,,,,,,,,,,,,181419.0
product_hourly,,,,,,,,,,,,2.0,,,2.0,,2.0,0.0,0.0,0.0,17.0,,,,,,,,,,,,,,,,,,,,181419.0
product_hourly,,,,,,,,,,,,3.0,,,2.0,,2.0,1.0,0.0,0.0,23.0,,,,,,,,,,,,,,,,,,,,181419.0
product_hourly,,,,,,,,,,,,5.0,,,5.0,,4.0,0.0,1.0,0.0,0.0,,,,,,,,,,,,,,,,,,,,207994.0
product_hourly,,,,,,,,,,,,9.0,,,9.0,,8.0,0.0,1.0,0.0,1.0,,,,,,,,,,,,,,,,,,,,207994.0
product_hourly,,,,,,,,,,,,8.0,,,8.0,,8.0,0.0,0.0,0.0,2.0,,,,,,,,,,,,,,,,,,,,207994.0
product_hourly,,,,,,,,,,,,6.0,,,6.0,,5.0,0.0,1.0,0.0,3.0,,,,,,,,,,,,,,,,,,,,207994.0
product_hourly,,,,,,,,,,,,13.0,,,12.0,,12.0,1.0,0.0,0.0,4.0,,,,,,,,,,,,,,,,,,,,207994.0
product_hourly,,,,,,,,,,,,9.0,,,8.0,,5.0,3.0,1.0,0.0,5.0,,,,,,,,,,,,,,,,,,,,207994.0
product_hourly,,,,,,,,,,,,8.0,,,7.0,,8.0,0.0,0.0,0.0,6.0,,,,,,,,,,,,,,,,,,,,207994.0
product_hourly,,,,,,,,,,,,8.0,,,8.0,,8.0,0.0,0.0,0.0,7.0,,,,,,,,,,,,,,,,,,,,207994.0
product_hourly,,,,,,,,,,,,11.0,,,11.0,,7.0,0.0,4.0,0.0,8.0,,,,,,,,,,,,,,,,,,,,207994.0
product_hourly,,,,,,,,,,,,20.0,,,15.0,,17.0,1.0,2.0,0.0,9.0,,,,,,,,,,,,,,,,,,,,207994.0
product_hourly,,,,,,,,,,,,10.0,,,8.0,,10.0,0.0,0.0,0.0,10.0,,,,,,,,,,,,,,,,,,,,207994.0
product_hourly,,,,,,,,,,,,11.0,,,10.0,,10.0,0.0,1.0,0.0,11.0,,,,,,,,,,,,,,,,,,,,207994.0
product_hourly,,,,,,,,,,,,10.0,,,10.0,,9.0,0.0,1.0,0.0,12.0,,,,,,,,,,,,,,,,,,,,207994.0
product_hourly,,,,,,,,,,,,17.0,,,17.0,,17.0,0.0,0.0,0.0,13.0,,,,,,,,,,,,,,,,,,,,207994.0
product_hourly,,,,,,,,,,,,18.0,,,16.0,,18.0,0.0,0.0,0.0,14.0,,,,,,,,,,,,,,,,,,,,207994.0
product_hourly,,,,,,,,,,,,11.0,,,10.0,,9.0,0.0,1.0,1.0,15.0,,,,,,,,,,,,,,,,,,,,207994.0
product_hourly,,,,,,,,,,,,6.0,,,6.0,,6.0,0.0,0.0,0.0,16.0,,,,,,,,,,,,,,,,,,,,207994.0
product_hourly,,,,,,,,,,,,1.0,,,1.0,,1.0,0.0,0.0,0.0,17.0,,,,,,,,,,,,,,,,,,,,207994.0
product_hourly,,,,,,,,,,,,1.0,,,1.0,,1.0,0.0,0.0,0.0,18.0,,,,,,,,,,,,,,,,,,,,207994.0
product_hourly,,,,,,,,,,,,3.0,,,3.0,,3.0,0.0,0.0,0.0,20.0,,,,,,,,,,,,,,,,,,,,207994.0
product_hourly,,,,,,,,,,,,1.0,,,1.0,,1.0,0.0,0.0,0.0,22.0,,,,,,,,,,,,,,,,,,,,207994.0
product_hourly,,,,,,,,,,,,1.0,,,1.0,,1.0,0.0,0.0,0.0,23.0,,,,,,,,,,,,,,,,,,,,207994.0
product_hourly,,,,,,,,,,,,12.0,,,11.0,,12.0,0.0,0.0,0.0,0.0,,,,,,,,,,,,,,,,,,,,232919.0
product_hourly,,,,,,,,,,,,6.0,,,5.0,,5.0,1.0,0.0,0.0,1.0,,,,,,,,,,,,,,,,,,,,232919.0
product_hourly,,,,,,,,,,,,8.0,,,8.0,,8.0,0.0,0.0,0.0,2.0,,,,,,,,,,,,,,,,,,,,232919.0
product_hourly,,,,,,,,,,,,7.0,,,6.0,,7.0,0.0,0.0,0.0,3.0,,,,,,,,,,,,,,,,,,,,232919.0
product_hourly,,,,,,,,,,,,6.0,,,6.0,,5.0,1.0,0.0,0.0,4.0,,,,,,,,,,,,,,,,,,,,232919.0
product_hourly,,,,,,,,,,,,8.0,,,6.0,,7.0,0.0,1.0,0.0,5.0,,,,,,,,,,,,,,,,,,,,232919.0
product_hourly,,,,,,,,,,,,8.0,,,7.0,,7.0,0.0,1.0,0.0,6.0,,,,,,,,,,,,,,,,,,,,232919.0
product_hourly,,,,,,,,,,,,13.0,,,8.0,,10.0,1.0,1.0,1.0,7.0,,,,,,,,,,,,,,,,,,,,232919.0
product_hourly,,,,,,,,,,,,8.0,,,7.0,,4.0,0.0,2.0,2.0,8.0,,,,,,,,,,,,,,,,,,,,232919.0
product_hourly,,,,,,,,,,,,12.0,,,10.0,,11.0,0.0,1.0,0.0,9.0,,,,,,,,,,,,,,,,,,,,232919.0
product_hourly,,,,,,,,,,,,12.0,,,11.0,,10.0,0.0,2.0,0.0,10.0,,,,,,,,,,,,,,,,,,,,232919.0
product_hourly,,,,,,,,,,,,6.0,,,6.0,,6.0,0.0,0.0,0.0,11.0,,,,,,,,,,,,,,,,,,,,232919.0
product_hourly,,,,,,,,,,,,18.0,,,10.0,,10.0,2.0,3.0,3.0,12.0,,,,,,,,,,,,,,,,,,,,232919.0
product_hourly,,,,,,,,,,,,31.0,,,19.0,,27.0,0.0,3.0,1.0,13.0,,,,,,,,,,,,,,,,,,,,232919.0
product_hourly,,,,,,,,,,,,14.0,,,12.0,,13.0,0.0,1.0,0.0,14.0,,,,,,,,,,,,,,,,,,,,232919.0
product_hourly,,,,,,,,,,,,8.0,,,8.0,,6.0,1.0,1.0,0.0,15.0,,,,,,,,,,,,,,,,,,,,232919.0
product_hourly,,,,,,,,,,,,2.0,,,2.0,,2.0,0.0,0.0,0.0,16.0,,,,,,,,,,,,,,,,,,,,232919.0
product_hourly,,,,,,,,,,,,5.0,,,4.0,,4.0,0.0,1.0,0.0,17.0,,,,,,,,,,,,,,,,,,,,232919.0
product_hourly,,,,,,,,,,,,1.0,,,1.0,,1.0,0.0,0.0,0.0,18.0,,,,,,,,,,,,,,,,,,,,232919.0
product_hourly,,,,,,,,,,,,1.0,,,1.0,,1.0,0.0,0.0,0.0,19.0,,,,,,,,,,,,,,,,,,,,232919.0
product_hourly,,,,,,,,,,,,1.0,,,1.0,,1.0,0.0,0.0,0.0,22.0,,,,,,,,,,,,,,,,,,,,232919.0
product_hourly,,,,,,,,,,,,8.0,,,8.0,,7.0,1.0,0.0,0.0,23.0,,,,,,,,,,,,,,,,,,,,232919.0
product_hourly,,,,,,,,,,,,7.0,,,7.0,,7.0,0.0,0.0,0.0,0.0,,,,,,,,,,,,,,,,,,,,240034.0
product_hourly,,,,,,,,,,,,7.0,,,7.0,,6.0,0.0,1.0,0.0,1.0,,,,,,,,,,,,,,,,,,,,240034.0
product_hourly,,,,,,,,,,,,14.0,,,12.0,,14.0,0.0,0.0,0.0,2.0,,,,,,,,,,,,,,,,,,,,240034.0
product_hourly,,,,,,,,,,,,11.0,,,11.0,,11.0,0.0,0.0,0.0,3.0,,,,,,,,,,,,,,,,,,,,240034.0
product_hourly,,,,,,,,,,,,10.0,,,10.0,,10.0,0.0,0.0,0.0,4.0,,,,,,,,,,,,,,,,,,,,240034.0
product_hourly,,,,,,,,,,,,15.0,,,15.0,,14.0,0.0,0.0,1.0,5.0,,,,,,,,,,,,,,,,,,,,240034.0
product_hourly,,,,,,,,,,,,14.0,,,14.0,,12.0,1.0,1.0,0.0,6.0,,,,,,,,,,,,,,,,,,,,240034.0
product_hourly,,,,,,,,,,,,11.0,,,10.0,,11.0,0.0,0.0,0.0,7.0,,,,,,,,,,,,,,,,,,,,240034.0
product_hourly,,,,,,,,,,,,14.0,,,14.0,,14.0,0.0,0.0,0.0,8.0,,,,,,,,,,,,,,,,,,,,240034.0
product_hourly,,,,,,,,,,,,8.0,,,8.0,,8.0,0.0,0.0,0.0,9.0,,,,,,,,,,,,,,,,,,,,240034.0
product_hourly,,,,,,,,,,,,11.0,,,11.0,,9.0,0.0,2.0,0.0,10.0,,,,,,,,,,,,,,,,,,,,240034.0
product_hourly,,,,,,,,,,,,7.0,,,5.0,,6.0,1.0,0.0,0.0,11.0,,,,,,,,,,,,,,,,,,,,240034.0
product_hourly,,,,,,,,,,,,18.0,,,18.0,,16.0,1.0,1.0,0.0,12.0,,,,,,,,,,,,,,,,,,,,240034.0
product_hourly,,,,,,,,,,,,20.0,,,18.0,,19.0,0.0,1.0,0.0,13.0,,,,,,,,,,,,,,,,,,,,240034.0
product_hourly,,,,,,,,,,,,21.0,,,21.0,,20.0,1.0,0.0,0.0,14.0,,,,,,,,,,,,,,,,,,,,240034.0
product_hourly,,,,,,,,,,,,17.0,,,17.0,,15.0,1.0,1.0,0.0,15.0,,,,,,,,,,,,,,,,,,,,240034.0
product_hourly,,,,,,,,,,,,6.0,,,6.0,,6.0,0.0,0.0,0.0,16.0,,,,,,,,,,,,,,,,,,,,240034.0
product_hourly,,,,,,,,,,,,1.0,,,1.0,,1.0,0.0,0.0,0.0,19.0,,,,,,,,,,,,,,,,,,,,240034.0
product_hourly,,,,,,,,,,,,1.0,,,1.0,,1.0,0.0,0.0,0.0,20.0,,,,,,,,,,,,,,,,,,,,240034.0
product_hourly,,,,,,,,,,,,2.0,,,2.0,,2.0,0.0,0.0,0.0,22.0,,,,,,,,,,,,,,,,,,,,240034.0
product_hourly,,,,,,,,,,,,2.0,,,2.0,,2.0,0.0,0.0,0.0,23.0,,,,,,,,,,,,,,,,,,,,240034.0
product_hourly,,,,,,,,,,,,11.0,,,9.0,,11.0,0.0,0.0,0.0,0.0,,,,,,,,,,,,,,,,,,,,250498.0
product_hourly,,,,,,,,,,,,10.0,,,9.0,,7.0,3.0,0.0,0.0,1.0,,,,,,,,,,,,,,,,,,,,250498.0
product_hourly,,,,,,,,,,,,5.0,,,5.0,,5.0,0.0,0.0,0.0,2.0,,,,,,,,,,,,,,,,,,,,250498.0
product_hourly,,,,,,,,,,,,17.0,,,14.0,,17.0,0.0,0.0,0.0,3.0,,,,,,,,,,,,,,,,,,,,250498.0
product_hourly,,,,,,,,,,,,8.0,,,7.0,,8.0,0.0,0.0,0.0,4.0,,,,,,,,,,,,,,,,,,,,250498.0
product_hourly,,,,,,,,,,,,9.0,,,9.0,,7.0,1.0,1.0,0.0,5.0,,,,,,,,,,,,,,,,,,,,250498.0
product_hourly,,,,,,,,,,,,9.0,,,9.0,,8.0,0.0,1.0,0.0,6.0,,,,,,,,,,,,,,,,,,,,250498.0
product_hourly,,,,,,,,,,,,8.0,,,8.0,,7.0,0.0,1.0,0.0,7.0,,,,,,,,,,,,,,,,,,,,250498.0
product_hourly,,,,,,,,,,,,14.0,,,11.0,,13.0,0.0,1.0,0.0,8.0,,,,,,,,,,,,,,,,,,,,250498.0
product_hourly,,,,,,,,,,,,3.0,,,3.0,,3.0,0.0,0.0,0.0,9.0,,,,,,,,,,,,,,,,,,,,250498.0
product_hourly,,,,,,,,,,,,11.0,,,8.0,,11.0,0.0,0.0,0.0,10.0,,,,,,,,,,,,,,,,,,,,250498.0
product_hourly,,,,,,,,,,,,17.0,,,15.0,,17.0,0.0,0.0,0.0,11.0,,,,,,,,,,,,,,,,,,,,250498.0
product_hourly,,,,,,,,,,,,11.0,,,11.0,,11.0,0.0,0.0,0.0,12.0,,,,,,,,,,,,,,,,,,,,250498.0
product_hourly,,,,,,,,,,,,13.0,,,13.0,,13.0,0.0,0.0,0.0,13.0,,,,,,,,,,,,,,,,,,,,250498.0
product_hourly,,,,,,,,,,,,18.0,,,18.0,,18.0,0.0,0.0,0.0,14.0,,,,,,,,,,,,,,,,,,,,250498.0
product_hourly,,,,,,,,,,,,9.0,,,9.0,,9.0,0.0,0.0,0.0,15.0,,,,,,,,,,,,,,,,,,,,250498.0
product_hourly,,,,,,,,,,,,3.0,,,3.0,,3.0,0.0,0.0,0.0,16.0,,,,,,,,,,,,,,,,,,,,250498.0
product_hourly,,,,,,,,,,,,4.0,,,4.0,,3.0,0.0,1.0,0.0,17.0,,,,,,,,,,,,,,,,,,,,250498.0
product_hourly,,,,,,,,,,,,4.0,,,2.0,,4.0,0.0,0.0,0.0,19.0,,,,,,,,,,,,,,,,,,,,250498.0
product_hourly,,,,,,,,,,,,4.0,,,1.0,,4.0,0.0,0.0,0.0,20.0,,,,,,,,,,,,,,,,,,,,250498.0
product_hourly,,,,,,,,,,,,4.0,,,3.0,,3.0,1.0,0.0,0.0,22.0,,,,,,,,,,,,,,,,,,,,250498.0
product_hourly,,,,,,,,,,,,3.0,,,3.0,,2.0,1.0,0.0,0.0,23.0,,,,,,,,,,,,,,,,,,,,250498.0
product_hourly,,,,,,,,,,,,4.0,,,4.0,,4.0,0.0,0.0,0.0,0.0,,,,,,,,,,,,,,,,,,,,297610.0
product_hourly,,,,,,,,,,,,15.0,,,11.0,,13.0,0.0,2.0,0.0,1.0,,,,,,,,,,,,,,,,,,,,297610.0
product_hourly,,,,,,,,,,,,8.0,,,8.0,,7.0,1.0,0.0,0.0,2.0,,,,,,,,,,,,,,,,,,,,297610.0
product_hourly,,,,,,,,,,,,10.0,,,8.0,,10.0,0.0,0.0,0.0,3.0,,,,,,,,,,,,,,,,,,,,297610.0
product_hourly,,,,,,,,,,,,13.0,,,10.0,,12.0,0.0,1.0,0.0,4.0,,,,,,,,,,,,,,,,,,,,297610.0
product_hourly,,,,,,,,,,,,17.0,,,12.0,,15.0,1.0,1.0,0.0,5.0,,,,,,,,,,,,,,,,,,,,297610.0
product_hourly,,,,,,,,,,,,21.0,,,12.0,,19.0,1.0,1.0,0.0,6.0,,,,,,,,,,,,,,,,,,,,297610.0
product_hourly,,,,,,,,,,,,14.0,,,12.0,,12.0,0.0,1.0,1.0,7.0,,,,,,,,,,,,,,,,,,,,297610.0
product_hourly,,,,,,,,,,,,21.0,,,15.0,,20.0,1.0,0.0,0.0,8.0,,,,,,,,,,,,,,,,,,,,297610.0
product_hourly,,,,,,,,,,,,12.0,,,10.0,,9.0,0.0,3.0,0.0,9.0,,,,,,,,,,,,,,,,,,,,297610.0
product_hourly,,,,,,,,,,,,20.0,,,14.0,,18.0,1.0,1.0,0.0,10.0,,,,,,,,,,,,,,,,,,,,297610.0
product_hourly,,,,,,,,,,,,11.0,,,10.0,,8.0,1.0,2.0,0.0,11.0,,,,,,,,,,,,,,,,,,,,297610.0
product_hourly,,,,,,,,,,,,16.0,,,13.0,,15.0,0.0,0.0,1.0,12.0,,,,,,,,,,,,,,,,,,,,297610.0
product_hourly,,,,,,,,,,,,16.0,,,13.0,,15.0,1.0,0.0,0.0,13.0,,,,,,,,,,,,,,,,,,,,297610.0
product_hourly,,,,,,,,,,,,17.0,,,13.0,,15.0,0.0,2.0,0.0,14.0,,,,,,,,,,,,,,,,,,,,297610.0
product_hourly,,,,,,,,,,,,17.0,,,13.0,,15.0,1.0,1.0,0.0,15.0,,,,,,,,,,,,,,,,,,,,297610.0
product_hourly,,,,,,,,,,,,2.0,,,1.0,,2.0,0.0,0.0,0.0,16.0,,,,,,,,,,,,,,,,,,,,297610.0
product_hourly,,,,,,,,,,,,1.0,,,1.0,,1.0,0.0,0.0,0.0,17.0,,,,,,,,,,,,,,,,,,,,297610.0
product_hourly,,,,,,,,,,,,1.0,,,1.0,,1.0,0.0,0.0,0.0,18.0,,,,,,,,,,,,,,,,,,,,297610.0
product_hourly,,,,,,,,,,,,1.0,,,1.0,,1.0,0.0,0.0,0.0,20.0,,,,,,,,,,,,,,,,,,,,297610.0
product_hourly,,,,,,,,,,,,2.0,,,1.0,,2.0,0.0,0.0,0.0,21.0,,,,,,,,,,,,,,,,,,,,297610.0
product_hourly,,,,,,,,,,,,1.0,,,1.0,,1.0,0.0,0.0,0.0,22.0,,,,,,,,,,,,,,,,,,,,297610.0
product_hourly,,,,,,,,,,,,1.0,,,1.0,,1.0,0.0,0.0,0.0,23.0,,,,,,,,,,,,,,,,,,,,297610.0
product_hourly,,,,,,,,,,,,8.0,,,7.0,,7.0,0.0,0.0,1.0,0.0,,,,,,,,,,,,,,,,,,,,320169.0
product_hourly,,,,,,,,,,,,14.0,,,13.0,,13.0,0.0,1.0,0.0,1.0,,,,,,,,,,,,,,,,,,,,320169.0
product_hourly,,,,,,,,,,,,6.0,,,5.0,,6.0,0.0,0.0,0.0,2.0,,,,,,,,,,,,,,,,,,,,320169.0
product_hourly,,,,,,,,,,,,18.0,,,15.0,,17.0,1.0,0.0,0.0,3.0,,,,,,,,,,,,,,,,,,,,320169.0
product_hourly,,,,,,,,,,,,15.0,,,15.0,,15.0,0.0,0.0,0.0,4.0,,,,,,,,,,,,,,,,,,,,320169.0
product_hourly,,,,,,,,,,,,7.0,,,6.0,,6.0,0.0,0.0,1.0,5.0,,,,,,,,,,,,,,,,,,,,320169.0
product_hourly,,,,,,,,,,,,7.0,,,7.0,,6.0,0.0,0.0,1.0,6.0,,,,,,,,,,,,,,,,,,,,320169.0
product_hourly,,,,,,,,,,,,7.0,,,7.0,,7.0,0.0,0.0,0.0,7.0,,,,,,,,,,,,,,,,,,,,320169.0
product_hourly,,,,,,,,,,,,10.0,,,9.0,,8.0,0.0,0.0,2.0,8.0,,,,,,,,,,,,,,,,,,,,320169.0
product_hourly,,,,,,,,,,,,8.0,,,8.0,,7.0,0.0,0.0,1.0,9.0,,,,,,,,,,,,,,,,,,,,320169.0
product_hourly,,,,,,,,,,,,16.0,,,14.0,,16.0,0.0,0.0,0.0,10.0,,,,,,,,,,,,,,,,,,,,320169.0
product_hourly,,,,,,,,,,,,7.0,,,7.0,,6.0,0.0,1.0,0.0,11.0,,,,,,,,,,,,,,,,,,,,320169.0
product_hourly,,,,,,,,,,,,19.0,,,18.0,,19.0,0.0,0.0,0.0,12.0,,,,,,,,,,,,,,,,,,,,320169.0
product_hourly,,,,,,,,,,,,6.0,,,6.0,,6.0,0.0,0.0,0.0,13.0,,,,,,,,,,,,,,,,,,,,320169.0
product_hourly,,,,,,,,,,,,12.0,,,9.0,,12.0,0.0,0.0,0.0,14.0,,,,,,,,,,,,,,,,,,,,320169.0
product_hourly,,,,,,,,,,,,7.0,,,7.0,,6.0,0.0,0.0,1.0,15.0,,,,,,,,,,,,,,,,,,,,320169.0
product_hourly,,,,,,,,,,,,3.0,,,3.0,,3.0,0.0,0.0,0.0,16.0,,,,,,,,,,,,,,,,,,,,320169.0
product_hourly,,,,,,,,,,,,1.0,,,1.0,,1.0,0.0,0.0,0.0,20.0,,,,,,,,,,,,,,,,,,,,320169.0
product_hourly,,,,,,,,,,,,1.0,,,1.0,,1.0,0.0,0.0,0.0,21.0,,,,,,,,,,,,,,,,,,,,320169.0
product_hourly,,,,,,,,,,,,5.0,,,5.0,,5.0,0.0,0.0,0.0,22.0,,,,,,,,,,,,,,,,,,,,320169.0
product_hourly,,,,,,,,,,,,11.0,,,11.0,,11.0,0.0,0.0,0.0,23.0,,,,,,,,,,,,,,,,,,,,320169.0
product_hourly,,,,,,,,,,,,12.0,,,9.0,,12.0,0.0,0.0,0.0,0.0,,,,,,,,,,,,,,,,,,,,342576.0
product_hourly,,,,,,,,,,,,7.0,,,7.0,,7.0,0.0,0.0,0.0,1.0,,,,,,,,,,,,,,,,,,,,342576.0
product_hourly,,,,,,,,,,,,16.0,,,15.0,,15.0,1.0,0.0,0.0,2.0,,,,,,,,,,,,,,,,,,,,342576.0
product_hourly,,,,,,,,,,,,10.0,,,9.0,,9.0,0.0,1.0,0.0,3.0,,,,,,,,,,,,,,,,,,,,342576.0
product_hourly,,,,,,,,,,,,10.0,,,8.0,,10.0,0.0,0.0,0.0,4.0,,,,,,,,,,,,,,,,,,,,342576.0
product_hourly,,,,,,,,,,,,12.0,,,12.0,,11.0,0.0,1.0,0.0,5.0,,,,,,,,,,,,,,,,,,,,342576.0
product_hourly,,,,,,,,,,,,12.0,,,10.0,,10.0,1.0,1.0,0.0,6.0,,,,,,,,,,,,,,,,,,,,342576.0
product_hourly,,,,,,,,,,,,7.0,,,6.0,,6.0,0.0,1.0,0.0,7.0,,,,,,,,,,,,,,,,,,,,342576.0
product_hourly,,,,,,,,,,,,9.0,,,9.0,,8.0,0.0,1.0,0.0,8.0,,,,,,,,,,,,,,,,,,,,342576.0
product_hourly,,,,,,,,,,,,15.0,,,15.0,,14.0,1.0,0.0,0.0,9.0,,,,,,,,,,,,,,,,,,,,342576.0
product_hourly,,,,,,,,,,,,8.0,,,8.0,,8.0,0.0,0.0,0.0,10.0,,,,,,,,,,,,,,,,,,,,342576.0
product_hourly,,,,,,,,,,,,9.0,,,6.0,,9.0,0.0,0.0,0.0,11.0,,,,,,,,,,,,,,,,,,,,342576.0
product_hourly,,,,,,,,,,,,15.0,,,9.0,,15.0,0.0,0.0,0.0,12.0,,,,,,,,,,,,,,,,,,,,342576.0
product_hourly,,,,,,,,,,,,16.0,,,15.0,,16.0,0.0,0.0,0.0,13.0,,,,,,,,,,,,,,,,,,,,342576.0
product_hourly,,,,,,,,,,,,19.0,,,18.0,,16.0,1.0,2.0,0.0,14.0,,,,,,,,,,,,,,,,,,,,342576.0
product_hourly,,,,,,,,,,,,18.0,,,17.0,,16.0,1.0,1.0,0.0,15.0,,,,,,,,,,,,,,,,,,,,342576.0
product_hourly,,,,,,,,,,,,4.0,,,4.0,,3.0,1.0,0.0,0.0,16.0,,,,,,,,,,,,,,,,,,,,342576.0
product_hourly,,,,,,,,,,,,5.0,,,2.0,,5.0,0.0,0.0,0.0,17.0,,,,,,,,,,,,,,,,,,,,342576.0
product_hourly,,,,,,,,,,,,4.0,,,4.0,,4.0,0.0,0.0,0.0,18.0,,,,,,,,,,,,,,,,,,,,342576.0
product_hourly,,,,,,,,,,,,1.0,,,1.0,,1.0,0.0,0.0,0.0,20.0,,,,,,,,,,,,,,,,,,,,342576.0
product_hourly,,,,,,,,,,,,2.0,,,2.0,,2.0,0.0,0.0,0.0,22.0,,,,,,,,,,,,,,,,,,,,342576.0
product_hourly,,,,,,,,,,,,2.0,,,2.0,,2.0,0.0,0.0,0.0,23.0,,,,,,,,,,,,,,,,,,,,342576.0
product_hourly,,,,,,,,,,,,6.0,,,6.0,,6.0,0.0,0.0,0.0,0.0,,,,,,,,,,,,,,,,,,,,363858.0
product_hourly,,,,,,,,,,,,13.0,,,13.0,,12.0,1.0,0.0,0.0,1.0,,,,,,,,,,,,,,,,,,,,363858.0
product_hourly,,,,,,,,,,,,9.0,,,9.0,,8.0,1.0,0.0,0.0,2.0,,,,,,,,,,,,,,,,,,,,363858.0
product_hourly,,,,,,,,,,,,9.0,,,9.0,,9.0,0.0,0.0,0.0,3.0,,,,,,,,,,,,,,,,,,,,363858.0
product_hourly,,,,,,,,,,,,10.0,,,9.0,,10.0,0.0,0.0,0.0,4.0,,,,,,,,,,,,,,,,,,,,363858.0
product_hourly,,,,,,,,,,,,7.0,,,6.0,,7.0,0.0,0.0,0.0,5.0,,,,,,,,,,,,,,,,,,,,363858.0
product_hourly,,,,,,,,,,,,8.0,,,8.0,,8.0,0.0,0.0,0.0,6.0,,,,,,,,,,,,,,,,,,,,363858.0
product_hourly,,,,,,,,,,,,11.0,,,11.0,,9.0,0.0,1.0,1.0,7.0,,,,,,,,,,,,,,,,,,,,363858.0
product_hourly,,,,,,,,,,,,8.0,,,8.0,,8.0,0.0,0.0,0.0,8.0,,,,,,,,,,,,,,,,,,,,363858.0
product_hourly,,,,,,,,,,,,10.0,,,9.0,,9.0,0.0,1.0,0.0,9.0,,,,,,,,,,,,,,,,,,,,363858.0
product_hourly,,,,,,,,,,,,12.0,,,11.0,,10.0,0.0,2.0,0.0,10.0,,,,,,,,,,,,,,,,,,,,363858.0
product_hourly,,,,,,,,,,,,19.0,,,17.0,,15.0,0.0,2.0,2.0,11.0,,,,,,,,,,,,,,,,,,,,363858.0
product_hourly,,,,,,,,,,,,24.0,,,20.0,,23.0,0.0,1.0,0.0,12.0,,,,,,,,,,,,,,,,,,,,363858.0
product_hourly,,,,,,,,,,,,18.0,,,18.0,,17.0,0.0,1.0,0.0,13.0,,,,,,,,,,,,,,,,,,,,363858.0
product_hourly,,,,,,,,,,,,23.0,,,21.0,,21.0,0.0,2.0,0.0,14.0,,,,,,,,,,,,,,,,,,,,363858.0
product_hourly,,,,,,,,,,,,16.0,,,14.0,,14.0,2.0,0.0,0.0,15.0,,,,,,,,,,,,,,,,,,,,363858.0
product_hourly,,,,,,,,,,,,5.0,,,5.0,,3.0,0.0,2.0,0.0,16.0,,,,,,,,,,,,,,,,,,,,363858.0
product_hourly,,,,,,,,,,,,7.0,,,6.0,,6.0,0.0,1.0,0.0,17.0,,,,,,,,,,,,,,,,,,,,363858.0
product_hourly,,,,,,,,,,,,1.0,,,1.0,,1.0,0.0,0.0,0.0,18.0,,,,,,,,,,,,,,,,,,,,363858.0
product_hourly,,,,,,,,,,,,3.0,,,3.0,,2.0,1.0,0.0,0.0,19.0,,,,,,,,,,,,,,,,,,,,363858.0
product_hourly,,,,,,,,,,,,1.0,,,1.0,,1.0,0.0,0.0,0.0,20.0,,,,,,,,,,,,,,,,,,,,363858.0
product_hourly,,,,,,,,,,,,3.0,,,2.0,,3.0,0.0,0.0,0.0,21.0,,,,,,,,,,,,,,,,,,,,363858.0
product_hourly,,,,,,,,,,,,2.0,,,2.0,,1.0,0.0,1.0,0.0,22.0,,,,,,,,,,,,,,,,,,,,363858.0
product_hourly,,,,,,,,,,,,8.0,,,8.0,,7.0,1.0,0.0,0.0,23.0,,,,,,,,,,,,,,,,,,,,363858.0
product_hourly,,,,,,,,,,,,12.0,,,10.0,,12.0,0.0,0.0,0.0,0.0,,,,,,,,,,,,,,,,,,,,393880.0
product_hourly,,,,,,,,,,,,6.0,,,5.0,,5.0,1.0,0.0,0.0,1.0,,,,,,,,,,,,,,,,,,,,393880.0
product_hourly,,,,,,,,,,,,9.0,,,7.0,,8.0,0.0,0.0,1.0,2.0,,,,,,,,,,,,,,,,,,,,393880.0
product_hourly,,,,,,,,,,,,12.0,,,8.0,,11.0,0.0,1.0,0.0,3.0,,,,,,,,,,,,,,,,,,,,393880.0
product_hourly,,,,,,,,,,,,8.0,,,6.0,,7.0,1.0,0.0,0.0,4.0,,,,,,,,,,,,,,,,,,,,393880.0
product_hourly,,,,,,,,,,,,6.0,,,4.0,,6.0,0.0,0.0,0.0,5.0,,,,,,,,,,,,,,,,,,,,393880.0
product_hourly,,,,,,,,,,,,9.0,,,8.0,,9.0,0.0,0.0,0.0,6.0,,,,,,,,,,,,,,,,,,,,393880.0
product_hourly,,,,,,,,,,,,6.0,,,6.0,,5.0,0.0,1.0,0.0,7.0,,,,,,,,,,,,,,,,,,,,393880.0
product_hourly,,,,,,,,,,,,9.0,,,9.0,,8.0,0.0,1.0,0.0,8.0,,,,,,,,,,,,,,,,,,,,393880.0
product_hourly,,,,,,,,,,,,10.0,,,10.0,,9.0,0.0,1.0,0.0,9.0,,,,,,,,,,,,,,,,,,,,393880.0
product_hourly,,,,,,,,,,,,11.0,,,8.0,,10.0,0.0,1.0,0.0,10.0,,,,,,,,,,,,,,,,,,,,393880.0
product_hourly,,,,,,,,,,,,11.0,,,9.0,,10.0,1.0,0.0,0.0,11.0,,,,,,,,,,,,,,,,,,,,393880.0
product_hourly,,,,,,,,,,,,10.0,,,10.0,,9.0,1.0,0.0,0.0,12.0,,,,,,,,,,,,,,,,,,,,393880.0
product_hourly,,,,,,,,,,,,26.0,,,22.0,,25.0,0.0,1.0,0.0,13.0,,,,,,,,,,,,,,,,,,,,393880.0
product_hourly,,,,,,,,,,,,29.0,,,23.0,,25.0,2.0,2.0,0.0,14.0,,,,,,,,,,,,,,,,,,,,393880.0
product_hourly,,,,,,,,,,,,13.0,,,12.0,,12.0,0.0,1.0,0.0,15.0,,,,,,,,,,,,,,,,,,,,393880.0
product_hourly,,,,,,,,,,,,2.0,,,2.0,,1.0,0.0,1.0,0.0,16.0,,,,,,,,,,,,,,,,,,,,393880.0
product_hourly,,,,,,,,,,,,1.0,,,1.0,,1.0,0.0,0.0,0.0,17.0,,,,,,,,,,,,,,,,,,,,393880.0
product_hourly,,,,,,,,,,,,3.0,,,3.0,,3.0,0.0,0.0,0.0,18.0,,,,,,,,,,,,,,,,,,,,393880.0
product_hourly,,,,,,,,,,,,1.0,,,1.0,,1.0,0.0,0.0,0.0,19.0,,,,,,,,,,,,,,,,,,,,393880.0
product_hourly,,,,,,,,,,,,3.0,,,3.0,,2.0,0.0,1.0,0.0,22.0,,,,,,,,,,,,,,,,,,,,393880.0
product_hourly,,,,,,,,,,,,8.0,,,8.0,,6.0,0.0,2.0,0.0,23.0,,,,,,,,,,,,,,,,,,,,393880.0
product_hourly,,,,,,,,,,,,9.0,,,8.0,,8.0,0.0,1.0,0.0,0.0,,,,,,,,,,,,,,,,,,,,395399.0
product_hourly,,,,,,,,,,,,10.0,,,10.0,,9.0,0.0,1.0,0.0,1.0,,,,,,,,,,,,,,,,,,,,395399.0
product_hourly,,,,,,,,,,,,16.0,,,14.0,,12.0,1.0,1.0,2.0,2.0,,,,,,,,,,,,,,,,,,,,395399.0
product_hourly,,,,,,,,,,,,12.0,,,11.0,,11.0,0.0,0.0,1.0,3.0,,,,,,,,,,,,,,,,,,,,395399.0
product_hourly,,,,,,,,,,,,6.0,,,6.0,,6.0,0.0,0.0,0.0,4.0,,,,,,,,,,,,,,,,,,,,395399.0
product_hourly,,,,,,,,,,,,9.0,,,8.0,,8.0,0.0,1.0,0.0,5.0,,,,,,,,,,,,,,,,,,,,395399.0
product_hourly,,,,,,,,,,,,32.0,,,22.0,,28.0,0.0,2.0,2.0,6.0,,,,,,,,,,,,,,,,,,,,395399.0
product_hourly,,,,,,,,,,,,13.0,,,13.0,,11.0,1.0,1.0,0.0,7.0,,,,,,,,,,,,,,,,,,,,395399.0
product_hourly,,,,,,,,,,,,10.0,,,10.0,,8.0,0.0,1.0,1.0,8.0,,,,,,,,,,,,,,,,,,,,395399.0
product_hourly,,,,,,,,,,,,7.0,,,6.0,,7.0,0.0,0.0,0.0,9.0,,,,,,,,,,,,,,,,,,,,395399.0
product_hourly,,,,,,,,,,,,6.0,,,5.0,,3.0,0.0,3.0,0.0,10.0,,,,,,,,,,,,,,,,,,,,395399.0
product_hourly,,,,,,,,,,,,14.0,,,13.0,,13.0,0.0,1.0,0.0,11.0,,,,,,,,,,,,,,,,,,,,395399.0
product_hourly,,,,,,,,,,,,19.0,,,14.0,,19.0,0.0,0.0,0.0,12.0,,,,,,,,,,,,,,,,,,,,395399.0
product_hourly,,,,,,,,,,,,27.0,,,21.0,,22.0,1.0,3.0,1.0,13.0,,,,,,,,,,,,,,,,,,,,395399.0
product_hourly,,,,,,,,,,,,12.0,,,12.0,,11.0,0.0,1.0,0.0,14.0,,,,,,,,,,,,,,,,,,,,395399.0
product_hourly,,,,,,,,,,,,17.0,,,14.0,,14.0,0.0,3.0,0.0,15.0,,,,,,,,,,,,,,,,,,,,395399.0
product_hourly,,,,,,,,,,,,6.0,,,5.0,,6.0,0.0,0.0,0.0,16.0,,,,,,,,,,,,,,,,,,,,395399.0
product_hourly,,,,,,,,,,,,2.0,,,2.0,,2.0,0.0,0.0,0.0,17.0,,,,,,,,,,,,,,,,,,,,395399.0
product_hourly,,,,,,,,,,,,2.0,,,2.0,,2.0,0.0,0.0,0.0,20.0,,,,,,,,,,,,,,,,,,,,395399.0
product_hourly,,,,,,,,,,,,8.0,,,3.0,,7.0,1.0,0.0,0.0,21.0,,,,,,,,,,,,,,,,,,,,395399.0
product_hourly,,,,,,,,,,,,3.0,,,3.0,,3.0,0.0,0.0,0.0,22.0,,,,,,,,,,,,,,,,,,,,395399.0
product_hourly,,,,,,,,,,,,3.0,,,3.0,,3.0,0.0,0.0,0.0,23.0,,,,,,,,,,,,,,,,,,,,395399.0
product_hourly,,,,,,,,,,,,7.0,,,7.0,,7.0,0.0,0.0,0.0,0.0,,,,,,,,,,,,,,,,,,,,602041.0
product_hourly,,,,,,,,,,,,8.0,,,5.0,,7.0,0.0,0.0,1.0,1.0,,,,,,,,,,,,,,,,,,,,602041.0
product_hourly,,,,,,,,,,,,13.0,,,11.0,,10.0,0.0,3.0,0.0,2.0,,,,,,,,,,,,,,,,,,,,602041.0
product_hourly,,,,,,,,,,,,20.0,,,19.0,,19.0,0.0,1.0,0.0,3.0,,,,,,,,,,,,,,,,,,,,602041.0
product_hourly,,,,,,,,,,,,7.0,,,7.0,,7.0,0.0,0.0,0.0,4.0,,,,,,,,,,,,,,,,,,,,602041.0
product_hourly,,,,,,,,,,,,7.0,,,6.0,,7.0,0.0,0.0,0.0,5.0,,,,,,,,,,,,,,,,,,,,602041.0
product_hourly,,,,,,,,,,,,12.0,,,10.0,,10.0,2.0,0.0,0.0,6.0,,,,,,,,,,,,,,,,,,,,602041.0
product_hourly,,,,,,,,,,,,8.0,,,7.0,,7.0,0.0,1.0,0.0,7.0,,,,,,,,,,,,,,,,,,,,602041.0
product_hourly,,,,,,,,,,,,13.0,,,13.0,,13.0,0.0,0.0,0.0,8.0,,,,,,,,,,,,,,,,,,,,602041.0
product_hourly,,,,,,,,,,,,15.0,,,15.0,,15.0,0.0,0.0,0.0,9.0,,,,,,,,,,,,,,,,,,,,602041.0
product_hourly,,,,,,,,,,,,15.0,,,14.0,,13.0,1.0,1.0,0.0,10.0,,,,,,,,,,,,,,,,,,,,602041.0
product_hourly,,,,,,,,,,,,8.0,,,8.0,,8.0,0.0,0.0,0.0,11.0,,,,,,,,,,,,,,,,,,,,602041.0
product_hourly,,,,,,,,,,,,17.0,,,16.0,,16.0,1.0,0.0,0.0,12.0,,,,,,,,,,,,,,,,,,,,602041.0
product_hourly,,,,,,,,,,,,20.0,,,18.0,,20.0,0.0,0.0,0.0,13.0,,,,,,,,,,,,,,,,,,,,602041.0
product_hourly,,,,,,,,,,,,21.0,,,21.0,,18.0,1.0,2.0,0.0,14.0,,,,,,,,,,,,,,,,,,,,602041.0
product_hourly,,,,,,,,,,,,15.0,,,15.0,,13.0,0.0,2.0,0.0,15.0,,,,,,,,,,,,,,,,,,,,602041.0
product_hourly,,,,,,,,,,,,5.0,,,5.0,,5.0,0.0,0.0,0.0,16.0,,,,,,,,,,,,,,,,,,,,602041.0
product_hourly,,,,,,,,,,,,3.0,,,2.0,,2.0,0.0,1.0,0.0,17.0,,,,,,,,,,,,,,,,,,,,602041.0
product_hourly,,,,,,,,,,,,2.0,,,2.0,,1.0,1.0,0.0,0.0,18.0,,,,,,,,,,,,,,,,,,,,602041.0
product_hourly,,,,,,,,,,,,2.0,,,2.0,,2.0,0.0,0.0,0.0,19.0,,,,,,,,,,,,,,,,,,,,602041.0
product_hourly,,,,,,,,,,,,2.0,,,2.0,,2.0,0.0,0.0,0.0,20.0,,,,,,,,,,,,,,,,,,,,602041.0
product_hourly,,,,,,,,,,,,1.0,,,1.0,,1.0,0.0,0.0,0.0,21.0,,,,,,,,,,,,,,,,,,,,602041.0
product_hourly,,,,,,,,,,,,3.0,,,3.0,,3.0,0.0,0.0,0.0,22.0,,,,,,,,,,,,,,,,,,,,602041.0
product_hourly,,,,,,,,,,,,11.0,,,8.0,,11.0,0.0,0.0,0.0,23.0,,,,,,,,,,,,,,,,,,,,602041.0
product_hourly,,,,,,,,,,,,10.0,,,10.0,,9.0,0.0,1.0,0.0,0.0,,,,,,,,,,,,,,,,,,,,640975.0
product_hourly,,,,,,,,,,,,20.0,,,19.0,,17.0,2.0,1.0,0.0,1.0,,,,,,,,,,,,,,,,,,,,640975.0
product_hourly,,,,,,,,,,,,15.0,,,15.0,,14.0,1.0,0.0,0.0,2.0,,,,,,,,,,,,,,,,,,,,640975.0
product_hourly,,,,,,,,,,,,16.0,,,15.0,,16.0,0.0,0.0,0.0,3.0,,,,,,,,,,,,,,,,,,,,640975.0
product_hourly,,,,,,,,,,,,15.0,,,14.0,,14.0,1.0,0.0,0.0,4.0,,,,,,,,,,,,,,,,,,,,640975.0
product_hourly,,,,,,,,,,,,12.0,,,12.0,,12.0,0.0,0.0,0.0,5.0,,,,,,,,,,,,,,,,,,,,640975.0
product_hourly,,,,,,,,,,,,16.0,,,13.0,,14.0,0.0,2.0,0.0,6.0,,,,,,,,,,,,,,,,,,,,640975.0
product_hourly,,,,,,,,,,,,7.0,,,7.0,,6.0,0.0,1.0,0.0,7.0,,,,,,,,,,,,,,,,,,,,640975.0
product_hourly,,,,,,,,,,,,17.0,,,17.0,,15.0,2.0,0.0,0.0,8.0,,,,,,,,,,,,,,,,,,,,640975.0
product_hourly,,,,,,,,,,,,18.0,,,17.0,,18.0,0.0,0.0,0.0,9.0,,,,,,,,,,,,,,,,,,,,640975.0
product_hourly,,,,,,,,,,,,8.0,,,8.0,,8.0,0.0,0.0,0.0,10.0,,,,,,,,,,,,,,,,,,,,640975.0
product_hourly,,,,,,,,,,,,9.0,,,8.0,,9.0,0.0,0.0,0.0,11.0,,,,,,,,,,,,,,,,,,,,640975.0
product_hourly,,,,,,,,,,,,22.0,,,20.0,,21.0,1.0,0.0,0.0,12.0,,,,,,,,,,,,,,,,,,,,640975.0
product_hourly,,,,,,,,,,,,14.0,,,14.0,,13.0,1.0,0.0,0.0,13.0,,,,,,,,,,,,,,,,,,,,640975.0
product_hourly,,,,,,,,,,,,25.0,,,24.0,,24.0,0.0,1.0,0.0,14.0,,,,,,,,,,,,,,,,,,,,640975.0
product_hourly,,,,,,,,,,,,14.0,,,14.0,,11.0,2.0,1.0,0.0,15.0,,,,,,,,,,,,,,,,,,,,640975.0
product_hourly,,,,,,,,,,,,14.0,,,13.0,,14.0,0.0,0.0,0.0,16.0,,,,,,,,,,,,,,,,,,,,640975.0
product_hourly,,,,,,,,,,,,3.0,,,3.0,,3.0,0.0,0.0,0.0,17.0,,,,,,,,,,,,,,,,,,,,640975.0
product_hourly,,,,,,,,,,,,5.0,,,5.0,,4.0,0.0,1.0,0.0,18.0,,,,,,,,,,,,,,,,,,,,640975.0
product_hourly,,,,,,,,,,,,1.0,,,1.0,,1.0,0.0,0.0,0.0,19.0,,,,,,,,,,,,,,,,,,,,640975.0
product_hourly,,,,,,,,,,,,1.0,,,1.0,,1.0,0.0,0.0,0.0,21.0,,,,,,,,,,,,,,,,,,,,640975.0
product_hourly,,,,,,,,,,,,6.0,,,6.0,,5.0,1.0,0.0,0.0,22.0,,,,,,,,,,,,,,,,,,,,640975.0
product_hourly,,,,,,,,,,,,8.0,,,7.0,,8.0,0.0,0.0,0.0,23.0,,,,,,,,,,,,,,,,,,,,640975.0
product_hourly,,,,,,,,,,,,5.0,,,4.0,,5.0,0.0,0.0,0.0,0.0,,,,,,,,,,,,,,,,,,,,705557.0
product_hourly,,,,,,,,,,,,11.0,,,9.0,,11.0,0.0,0.0,0.0,1.0,,,,,,,,,,,,,,,,,,,,705557.0
product_hourly,,,,,,,,,,,,22.0,,,15.0,,16.0,2.0,1.0,3.0,2.0,,,,,,,,,,,,,,,,,,,,705557.0
product_hourly,,,,,,,,,,,,15.0,,,15.0,,11.0,0.0,3.0,1.0,3.0,,,,,,,,,,,,,,,,,,,,705557.0
product_hourly,,,,,,,,,,,,20.0,,,16.0,,16.0,0.0,4.0,0.0,4.0,,,,,,,,,,,,,,,,,,,,705557.0
product_hourly,,,,,,,,,,,,18.0,,,17.0,,15.0,0.0,2.0,1.0,5.0,,,,,,,,,,,,,,,,,,,,705557.0
product_hourly,,,,,,,,,,,,18.0,,,15.0,,18.0,0.0,0.0,0.0,6.0,,,,,,,,,,,,,,,,,,,,705557.0
product_hourly,,,,,,,,,,,,20.0,,,13.0,,18.0,0.0,0.0,2.0,7.0,,,,,,,,,,,,,,,,,,,,705557.0
product_hourly,,,,,,,,,,,,14.0,,,13.0,,12.0,0.0,2.0,0.0,8.0,,,,,,,,,,,,,,,,,,,,705557.0
product_hourly,,,,,,,,,,,,20.0,,,18.0,,19.0,0.0,1.0,0.0,9.0,,,,,,,,,,,,,,,,,,,,705557.0
product_hourly,,,,,,,,,,,,14.0,,,12.0,,11.0,0.0,2.0,1.0,10.0,,,,,,,,,,,,,,,,,,,,705557.0
product_hourly,,,,,,,,,,,,21.0,,,13.0,,15.0,2.0,2.0,2.0,11.0,,,,,,,,,,,,,,,,,,,,705557.0
product_hourly,,,,,,,,,,,,14.0,,,12.0,,12.0,0.0,2.0,0.0,12.0,,,,,,,,,,,,,,,,,,,,705557.0
product_hourly,,,,,,,,,,,,20.0,,,18.0,,18.0,1.0,1.0,0.0,13.0,,,,,,,,,,,,,,,,,,,,705557.0
product_hourly,,,,,,,,,,,,31.0,,,23.0,,28.0,0.0,1.0,2.0,14.0,,,,,,,,,,,,,,,,,,,,705557.0
product_hourly,,,,,,,,,,,,20.0,,,17.0,,15.0,0.0,5.0,0.0,15.0,,,,,,,,,,,,,,,,,,,,705557.0
product_hourly,,,,,,,,,,,,7.0,,,5.0,,7.0,0.0,0.0,0.0,16.0,,,,,,,,,,,,,,,,,,,,705557.0
product_hourly,,,,,,,,,,,,2.0,,,2.0,,2.0,0.0,0.0,0.0,18.0,,,,,,,,,,,,,,,,,,,,705557.0
product_hourly,,,,,,,,,,,,4.0,,,4.0,,3.0,0.0,1.0,0.0,19.0,,,,,,,,,,,,,,,,,,,,705557.0
product_hourly,,,,,,,,,,,,1.0,,,1.0,,1.0,0.0,0.0,0.0,20.0,,,,,,,,,,,,,,,,,,,,705557.0
product_hourly,,,,,,,,,,,,6.0,,,5.0,,4.0,0.0,0.0,2.0,22.0,,,,,,,,,,,,,,,,,,,,705557.0
product_hourly,,,,,,,,,,,,5.0,,,2.0,,4.0,0.0,0.0,1.0,23.0,,,,,,,,,,,,,,,,,,,,705557.0
product_hourly,,,,,,,,,,,,16.0,,,13.0,,16.0,0.0,0.0,0.0,0.0,,,,,,,,,,,,,,,,,,,,726505.0
product_hourly,,,,,,,,,,,,9.0,,,8.0,,9.0,0.0,0.0,0.0,1.0,,,,,,,,,,,,,,,,,,,,726505.0
product_hourly,,,,,,,,,,,,11.0,,,6.0,,11.0,0.0,0.0,0.0,2.0,,,,,,,,,,,,,,,,,,,,726505.0
product_hourly,,,,,,,,,,,,13.0,,,12.0,,12.0,0.0,0.0,1.0,3.0,,,,,,,,,,,,,,,,,,,,726505.0
product_hourly,,,,,,,,,,,,10.0,,,8.0,,10.0,0.0,0.0,0.0,4.0,,,,,,,,,,,,,,,,,,,,726505.0
product_hourly,,,,,,,,,,,,8.0,,,8.0,,8.0,0.0,0.0,0.0,5.0,,,,,,,,,,,,,,,,,,,,726505.0
product_hourly,,,,,,,,,,,,7.0,,,7.0,,7.0,0.0,0.0,0.0,6.0,,,,,,,,,,,,,,,,,,,,726505.0
product_hourly,,,,,,,,,,,,8.0,,,8.0,,6.0,1.0,1.0,0.0,7.0,,,,,,,,,,,,,,,,,,,,726505.0
product_hourly,,,,,,,,,,,,9.0,,,9.0,,9.0,0.0,0.0,0.0,8.0,,,,,,,,,,,,,,,,,,,,726505.0
product_hourly,,,,,,,,,,,,12.0,,,11.0,,11.0,0.0,1.0,0.0,9.0,,,,,,,,,,,,,,,,,,,,726505.0
product_hourly,,,,,,,,,,,,6.0,,,6.0,,5.0,0.0,1.0,0.0,10.0,,,,,,,,,,,,,,,,,,,,726505.0
product_hourly,,,,,,,,,,,,11.0,,,11.0,,10.0,0.0,1.0,0.0,11.0,,,,,,,,,,,,,,,,,,,,726505.0
product_hourly,,,,,,,,,,,,25.0,,,20.0,,19.0,0.0,3.0,3.0,12.0,,,,,,,,,,,,,,,,,,,,726505.0
product_hourly,,,,,,,,,,,,9.0,,,9.0,,5.0,0.0,2.0,2.0,13.0,,,,,,,,,,,,,,,,,,,,726505.0
product_hourly,,,,,,,,,,,,16.0,,,13.0,,14.0,0.0,2.0,0.0,14.0,,,,,,,,,,,,,,,,,,,,726505.0
product_hourly,,,,,,,,,,,,16.0,,,13.0,,15.0,0.0,1.0,0.0,15.0,,,,,,,,,,,,,,,,,,,,726505.0
product_hourly,,,,,,,,,,,,2.0,,,2.0,,2.0,0.0,0.0,0.0,16.0,,,,,,,,,,,,,,,,,,,,726505.0
product_hourly,,,,,,,,,,,,3.0,,,2.0,,3.0,0.0,0.0,0.0,17.0,,,,,,,,,,,,,,,,,,,,726505.0
product_hourly,,,,,,,,,,,,1.0,,,1.0,,1.0,0.0,0.0,0.0,20.0,,,,,,,,,,,,,,,,,,,,726505.0
product_hourly,,,,,,,,,,,,2.0,,,2.0,,2.0,0.0,0.0,0.0,22.0,,,,,,,,,,,,,,,,,,,,726505.0
product_hourly,,,,,,,,,,,,9.0,,,7.0,,8.0,0.0,1.0,0.0,23.0,,,,,,,,,,,,,,,,,,,,726505.0
product_hourly,,,,,,,,,,,,7.0,,,7.0,,6.0,1.0,0.0,0.0,0.0,,,,,,,,,,,,,,,,,,,,740947.0
product_hourly,,,,,,,,,,,,10.0,,,8.0,,9.0,0.0,1.0,0.0,1.0,,,,,,,,,,,,,,,,,,,,740947.0
product_hourly,,,,,,,,,,,,8.0,,,6.0,,8.0,0.0,0.0,0.0,2.0,,,,,,,,,,,,,,,,,,,,740947.0
product_hourly,,,,,,,,,,,,14.0,,,12.0,,11.0,0.0,1.0,2.0,3.0,,,,,,,,,,,,,,,,,,,,740947.0
product_hourly,,,,,,,,,,,,14.0,,,14.0,,11.0,2.0,1.0,0.0,4.0,,,,,,,,,,,,,,,,,,,,740947.0
product_hourly,,,,,,,,,,,,9.0,,,7.0,,8.0,1.0,0.0,0.0,5.0,,,,,,,,,,,,,,,,,,,,740947.0
product_hourly,,,,,,,,,,,,12.0,,,12.0,,10.0,0.0,2.0,0.0,6.0,,,,,,,,,,,,,,,,,,,,740947.0
product_hourly,,,,,,,,,,,,14.0,,,14.0,,11.0,2.0,1.0,0.0,7.0,,,,,,,,,,,,,,,,,,,,740947.0
product_hourly,,,,,,,,,,,,11.0,,,10.0,,7.0,2.0,1.0,1.0,8.0,,,,,,,,,,,,,,,,,,,,740947.0
product_hourly,,,,,,,,,,,,6.0,,,6.0,,5.0,1.0,0.0,0.0,9.0,,,,,,,,,,,,,,,,,,,,740947.0
product_hourly,,,,,,,,,,,,6.0,,,6.0,,6.0,0.0,0.0,0.0,10.0,,,,,,,,,,,,,,,,,,,,740947.0
product_hourly,,,,,,,,,,,,6.0,,,5.0,,5.0,0.0,1.0,0.0,11.0,,,,,,,,,,,,,,,,,,,,740947.0
product_hourly,,,,,,,,,,,,16.0,,,14.0,,14.0,0.0,1.0,1.0,12.0,,,,,,,,,,,,,,,,,,,,740947.0
product_hourly,,,,,,,,,,,,16.0,,,16.0,,12.0,1.0,2.0,1.0,13.0,,,,,,,,,,,,,,,,,,,,740947.0
product_hourly,,,,,,,,,,,,19.0,,,17.0,,15.0,1.0,3.0,0.0,14.0,,,,,,,,,,,,,,,,,,,,740947.0
product_hourly,,,,,,,,,,,,9.0,,,9.0,,7.0,1.0,0.0,1.0,15.0,,,,,,,,,,,,,,,,,,,,740947.0
product_hourly,,,,,,,,,,,,4.0,,,4.0,,3.0,0.0,0.0,1.0,16.0,,,,,,,,,,,,,,,,,,,,740947.0
product_hourly,,,,,,,,,,,,4.0,,,3.0,,2.0,0.0,1.0,1.0,19.0,,,,,,,,,,,,,,,,,,,,740947.0
product_hourly,,,,,,,,,,,,3.0,,,3.0,,3.0,0.0,0.0,0.0,20.0,,,,,,,,,,,,,,,,,,,,740947.0
product_hourly,,,,,,,,,,,,3.0,,,3.0,,3.0,0.0,0.0,0.0,21.0,,,,,,,,,,,,,,,,,,,,740947.0
product_hourly,,,,,,,,,,,,3.0,,,3.0,,3.0,0.0,0.0,0.0,22.0,,,,,,,,,,,,,,,,,,,,740947.0
product_hourly,,,,,,,,,,,,6.0,,,6.0,,5.0,1.0,0.0,0.0,23.0,,,,,,,,,,,,,,,,,,,,740947.0
product_hourly,,,,,,,,,,,,3.0,,,3.0,,3.0,0.0,0.0,0.0,0.0,,,,,,,,,,,,,,,,,,,,775348.0
product_hourly,,,,,,,,,,,,12.0,,,12.0,,12.0,0.0,0.0,0.0,1.0,,,,,,,,,,,,,,,,,,,,775348.0
product_hourly,,,,,,,,,,,,6.0,,,6.0,,6.0,0.0,0.0,0.0,2.0,,,,,,,,,,,,,,,,,,,,775348.0
product_hourly,,,,,,,,,,,,7.0,,,7.0,,7.0,0.0,0.0,0.0,3.0,,,,,,,,,,,,,,,,,,,,775348.0
product_hourly,,,,,,,,,,,,8.0,,,8.0,,8.0,0.0,0.0,0.0,4.0,,,,,,,,,,,,,,,,,,,,775348.0
product_hourly,,,,,,,,,,,,18.0,,,18.0,,18.0,0.0,0.0,0.0,5.0,,,,,,,,,,,,,,,,,,,,775348.0
product_hourly,,,,,,,,,,,,6.0,,,6.0,,6.0,0.0,0.0,0.0,6.0,,,,,,,,,,,,,,,,,,,,775348.0
product_hourly,,,,,,,,,,,,9.0,,,9.0,,9.0,0.0,0.0,0.0,7.0,,,,,,,,,,,,,,,,,,,,775348.0
product_hourly,,,,,,,,,,,,18.0,,,17.0,,16.0,1.0,1.0,0.0,8.0,,,,,,,,,,,,,,,,,,,,775348.0
product_hourly,,,,,,,,,,,,12.0,,,12.0,,12.0,0.0,0.0,0.0,9.0,,,,,,,,,,,,,,,,,,,,775348.0
product_hourly,,,,,,,,,,,,8.0,,,8.0,,8.0,0.0,0.0,0.0,10.0,,,,,,,,,,,,,,,,,,,,775348.0
product_hourly,,,,,,,,,,,,12.0,,,12.0,,12.0,0.0,0.0,0.0,11.0,,,,,,,,,,,,,,,,,,,,775348.0
product_hourly,,,,,,,,,,,,10.0,,,10.0,,10.0,0.0,0.0,0.0,12.0,,,,,,,,,,,,,,,,,,,,775348.0
product_hourly,,,,,,,,,,,,19.0,,,19.0,,18.0,0.0,1.0,0.0,13.0,,,,,,,,,,,,,,,,,,,,775348.0
product_hourly,,,,,,,,,,,,16.0,,,15.0,,16.0,0.0,0.0,0.0,14.0,,,,,,,,,,,,,,,,,,,,775348.0
product_hourly,,,,,,,,,,,,15.0,,,15.0,,14.0,0.0,1.0,0.0,15.0,,,,,,,,,,,,,,,,,,,,775348.0
product_hourly,,,,,,,,,,,,9.0,,,9.0,,9.0,0.0,0.0,0.0,16.0,,,,,,,,,,,,,,,,,,,,775348.0
product_hourly,,,,,,,,,,,,4.0,,,4.0,,4.0,0.0,0.0,0.0,17.0,,,,,,,,,,,,,,,,,,,,775348.0
product_hourly,,,,,,,,,,,,1.0,,,1.0,,0.0,0.0,1.0,0.0,18.0,,,,,,,,,,,,,,,,,,,,775348.0
product_hourly,,,,,,,,,,,,1.0,,,1.0,,1.0,0.0,0.0,0.0,21.0,,,,,,,,,,,,,,,,,,,,775348.0
product_hourly,,,,,,,,,,,,2.0,,,2.0,,2.0,0.0,0.0,0.0,22.0,,,,,,,,,,,,,,,,,,,,775348.0
product_hourly,,,,,,,,,,,,2.0,,,2.0,,2.0,0.0,0.0,0.0,23.0,,,,,,,,,,,,,,,,,,,,775348.0
product_hourly,,,,,,,,,,,,33.0,,,32.0,,32.0,0.0,1.0,0.0,0.0,,,,,,,,,,,,,,,,,,,,812879.0
product_hourly,,,,,,,,,,,,26.0,,,23.0,,24.0,2.0,0.0,0.0,1.0,,,,,,,,,,,,,,,,,,,,812879.0
product_hourly,,,,,,,,,,,,44.0,,,32.0,,42.0,0.0,2.0,0.0,2.0,,,,,,,,,,,,,,,,,,,,812879.0
product_hourly,,,,,,,,,,,,31.0,,,26.0,,26.0,2.0,2.0,1.0,3.0,,,,,,,,,,,,,,,,,,,,812879.0
product_hourly,,,,,,,,,,,,37.0,,,28.0,,32.0,2.0,3.0,0.0,4.0,,,,,,,,,,,,,,,,,,,,812879.0
product_hourly,,,,,,,,,,,,34.0,,,33.0,,29.0,3.0,2.0,0.0,5.0,,,,,,,,,,,,,,,,,,,,812879.0
product_hourly,,,,,,,,,,,,33.0,,,30.0,,31.0,2.0,0.0,0.0,6.0,,,,,,,,,,,,,,,,,,,,812879.0
product_hourly,,,,,,,,,,,,30.0,,,24.0,,29.0,0.0,1.0,0.0,7.0,,,,,,,,,,,,,,,,,,,,812879.0
product_hourly,,,,,,,,,,,,49.0,,,43.0,,47.0,0.0,2.0,0.0,8.0,,,,,,,,,,,,,,,,,,,,812879.0
product_hourly,,,,,,,,,,,,25.0,,,24.0,,23.0,1.0,0.0,1.0,9.0,,,,,,,,,,,,,,,,,,,,812879.0
product_hourly,,,,,,,,,,,,36.0,,,32.0,,33.0,1.0,2.0,0.0,10.0,,,,,,,,,,,,,,,,,,,,812879.0
product_hourly,,,,,,,,,,,,33.0,,,28.0,,30.0,1.0,2.0,0.0,11.0,,,,,,,,,,,,,,,,,,,,812879.0
product_hourly,,,,,,,,,,,,51.0,,,45.0,,49.0,1.0,1.0,0.0,12.0,,,,,,,,,,,,,,,,,,,,812879.0
product_hourly,,,,,,,,,,,,54.0,,,39.0,,51.0,2.0,1.0,0.0,13.0,,,,,,,,,,,,,,,,,,,,812879.0
product_hourly,,,,,,,,,,,,47.0,,,41.0,,43.0,0.0,4.0,0.0,14.0,,,,,,,,,,,,,,,,,,,,812879.0
product_hourly,,,,,,,,,,,,41.0,,,32.0,,40.0,0.0,1.0,0.0,15.0,,,,,,,,,,,,,,,,,,,,812879.0
product_hourly,,,,,,,,,,,,24.0,,,20.0,,22.0,1.0,1.0,0.0,16.0,,,,,,,,,,,,,,,,,,,,812879.0
product_hourly,,,,,,,,,,,,3.0,,,3.0,,3.0,0.0,0.0,0.0,17.0,,,,,,,,,,,,,,,,,,,,812879.0
product_hourly,,,,,,,,,,,,5.0,,,5.0,,5.0,0.0,0.0,0.0,18.0,,,,,,,,,,,,,,,,,,,,812879.0
product_hourly,,,,,,,,,,,,5.0,,,5.0,,5.0,0.0,0.0,0.0,19.0,,,,,,,,,,,,,,,,,,,,812879.0
product_hourly,,,,,,,,,,,,1.0,,,1.0,,1.0,0.0,0.0,0.0,20.0,,,,,,,,,,,,,,,,,,,,812879.0
product_hourly,,,,,,,,,,,,12.0,,,10.0,,11.0,0.0,1.0,0.0,21.0,,,,,,,,,,,,,,,,,,,,812879.0
product_hourly,,,,,,,,,,,,7.0,,,7.0,,6.0,0.0,1.0,0.0,22.0,,,,,,,,,,,,,,,,,,,,812879.0
product_hourly,,,,,,,,,,,,22.0,,,22.0,,21.0,0.0,1.0,0.0,23.0,,,,,,,,,,,,,,,,,,,,812879.0
product_hourly,,,,,,,,,,,,3.0,,,3.0,,2.0,0.0,1.0,0.0,0.0,,,,,,,,,,,,,,,,,,,,866111.0
product_hourly,,,,,,,,,,,,17.0,,,14.0,,16.0,0.0,1.0,0.0,1.0,,,,,,,,,,,,,,,,,,,,866111.0
product_hourly,,,,,,,,,,,,7.0,,,7.0,,6.0,0.0,1.0,0.0,2.0,,,,,,,,,,,,,,,,,,,,866111.0
product_hourly,,,,,,,,,,,,16.0,,,16.0,,14.0,2.0,0.0,0.0,3.0,,,,,,,,,,,,,,,,,,,,866111.0
product_hourly,,,,,,,,,,,,6.0,,,6.0,,6.0,0.0,0.0,0.0,4.0,,,,,,,,,,,,,,,,,,,,866111.0
product_hourly,,,,,,,,,,,,14.0,,,12.0,,13.0,1.0,0.0,0.0,5.0,,,,,,,,,,,,,,,,,,,,866111.0
product_hourly,,,,,,,,,,,,10.0,,,7.0,,10.0,0.0,0.0,0.0,6.0,,,,,,,,,,,,,,,,,,,,866111.0
product_hourly,,,,,,,,,,,,13.0,,,12.0,,13.0,0.0,0.0,0.0,7.0,,,,,,,,,,,,,,,,,,,,866111.0
product_hourly,,,,,,,,,,,,5.0,,,5.0,,5.0,0.0,0.0,0.0,8.0,,,,,,,,,,,,,,,,,,,,866111.0
product_hourly,,,,,,,,,,,,8.0,,,7.0,,8.0,0.0,0.0,0.0,9.0,,,,,,,,,,,,,,,,,,,,866111.0
product_hourly,,,,,,,,,,,,14.0,,,11.0,,13.0,0.0,1.0,0.0,10.0,,,,,,,,,,,,,,,,,,,,866111.0
product_hourly,,,,,,,,,,,,17.0,,,15.0,,15.0,0.0,2.0,0.0,11.0,,,,,,,,,,,,,,,,,,,,866111.0
product_hourly,,,,,,,,,,,,16.0,,,15.0,,16.0,0.0,0.0,0.0,12.0,,,,,,,,,,,,,,,,,,,,866111.0
product_hourly,,,,,,,,,,,,24.0,,,19.0,,23.0,0.0,1.0,0.0,13.0,,,,,,,,,,,,,,,,,,,,866111.0
product_hourly,,,,,,,,,,,,24.0,,,17.0,,21.0,1.0,2.0,0.0,14.0,,,,,,,,,,,,,,,,,,,,866111.0
product_hourly,,,,,,,,,,,,10.0,,,9.0,,10.0,0.0,0.0,0.0,15.0,,,,,,,,,,,,,,,,,,,,866111.0
product_hourly,,,,,,,,,,,,3.0,,,3.0,,3.0,0.0,0.0,0.0,16.0,,,,,,,,,,,,,,,,,,,,866111.0
product_hourly,,,,,,,,,,,,1.0,,,1.0,,1.0,0.0,0.0,0.0,18.0,,,,,,,,,,,,,,,,,,,,866111.0
product_hourly,,,,,,,,,,,,2.0,,,2.0,,2.0,0.0,0.0,0.0,19.0,,,,,,,,,,,,,,,,,,,,866111.0
product_hourly,,,,,,,,,,,,1.0,,,1.0,,1.0,0.0,0.0,0.0,21.0,,,,,,,,,,,,,,,,,,,,866111.0
product_hourly,,,,,,,,,,,,5.0,,,5.0,,5.0,0.0,0.0,0.0,22.0,,,,,,,,,,,,,,,,,,,,866111.0
product_hourly,,,,,,,,,,,,2.0,,,2.0,,2.0,0.0,0.0,0.0,23.0,,,,,,,,,,,,,,,,,,,,866111.0
product_hourly,,,,,,,,,,,,16.0,,,11.0,,15.0,0.0,1.0,0.0,0.0,,,,,,,,,,,,,,,,,,,,987143.0
product_hourly,,,,,,,,,,,,14.0,,,14.0,,14.0,0.0,0.0,0.0,1.0,,,,,,,,,,,,,,,,,,,,987143.0
product_hourly,,,,,,,,,,,,15.0,,,15.0,,13.0,2.0,0.0,0.0,2.0,,,,,,,,,,,,,,,,,,,,987143.0
product_hourly,,,,,,,,,,,,24.0,,,23.0,,21.0,1.0,2.0,0.0,3.0,,,,,,,,,,,,,,,,,,,,987143.0
product_hourly,,,,,,,,,,,,14.0,,,14.0,,12.0,1.0,1.0,0.0,4.0,,,,,,,,,,,,,,,,,,,,987143.0
product_hourly,,,,,,,,,,,,17.0,,,16.0,,17.0,0.0,0.0,0.0,5.0,,,,,,,,,,,,,,,,,,,,987143.0
product_hourly,,,,,,,,,,,,24.0,,,21.0,,22.0,1.0,1.0,0.0,6.0,,,,,,,,,,,,,,,,,,,,987143.0
product_hourly,,,,,,,,,,,,16.0,,,15.0,,15.0,1.0,0.0,0.0,7.0,,,,,,,,,,,,,,,,,,,,987143.0
product_hourly,,,,,,,,,,,,23.0,,,21.0,,20.0,1.0,2.0,0.0,8.0,,,,,,,,,,,,,,,,,,,,987143.0
product_hourly,,,,,,,,,,,,12.0,,,12.0,,11.0,0.0,1.0,0.0,9.0,,,,,,,,,,,,,,,,,,,,987143.0
product_hourly,,,,,,,,,,,,10.0,,,10.0,,10.0,0.0,0.0,0.0,10.0,,,,,,,,,,,,,,,,,,,,987143.0
product_hourly,,,,,,,,,,,,30.0,,,23.0,,29.0,0.0,1.0,0.0,11.0,,,,,,,,,,,,,,,,,,,,987143.0
product_hourly,,,,,,,,,,,,18.0,,,15.0,,15.0,1.0,2.0,0.0,12.0,,,,,,,,,,,,,,,,,,,,987143.0
product_hourly,,,,,,,,,,,,26.0,,,23.0,,25.0,0.0,1.0,0.0,13.0,,,,,,,,,,,,,,,,,,,,987143.0
product_hourly,,,,,,,,,,,,28.0,,,24.0,,27.0,0.0,1.0,0.0,14.0,,,,,,,,,,,,,,,,,,,,987143.0
product_hourly,,,,,,,,,,,,31.0,,,27.0,,28.0,2.0,1.0,0.0,15.0,,,,,,,,,,,,,,,,,,,,987143.0
product_hourly,,,,,,,,,,,,17.0,,,16.0,,15.0,1.0,1.0,0.0,16.0,,,,,,,,,,,,,,,,,,,,987143.0
product_hourly,,,,,,,,,,,,4.0,,,3.0,,4.0,0.0,0.0,0.0,17.0,,,,,,,,,,,,,,,,,,,,987143.0
product_hourly,,,,,,,,,,,,2.0,,,2.0,,2.0,0.0,0.0,0.0,18.0,,,,,,,,,,,,,,,,,,,,987143.0
product_hourly,,,,,,,,,,,,1.0,,,1.0,,1.0,0.0,0.0,0.0,19.0,,,,,,,,,,,,,,,,,,,,987143.0
product_hourly,,,,,,,,,,,,2.0,,,2.0,,2.0,0.0,0.0,0.0,20.0,,,,,,,,,,,,,,,,,,,,987143.0
product_hourly,,,,,,,,,,,,1.0,,,1.0,,1.0,0.0,0.0,0.0,21.0,,,,,,,,,,,,,,,,,,,,987143.0
product_hourly,,,,,,,,,,,,3.0,,,3.0,,2.0,0.0,1.0,0.0,22.0,,,,,,,,,,,,,,,,,,,,987143.0
product_hourly,,,,,,,,,,,,6.0,,,4.0,,5.0,0.0,1.0,0.0,23.0,,,,,,,,,,,,,,,,,,,,987143.0
product_hourly,,,,,,,,,,,,8.0,,,8.0,,8.0,0.0,0.0,0.0,0.0,,,,,,,,,,,,,,,,,,,,1154789.0
product_hourly,,,,,,,,,,,,13.0,,,12.0,,12.0,0.0,1.0,0.0,1.0,,,,,,,,,,,,,,,,,,,,1154789.0
product_hourly,,,,,,,,,,,,8.0,,,8.0,,7.0,0.0,1.0,0.0,2.0,,,,,,,,,,,,,,,,,,,,1154789.0
product_hourly,,,,,,,,,,,,15.0,,,10.0,,12.0,1.0,1.0,1.0,3.0,,,,,,,,,,,,,,,,,,,,1154789.0
product_hourly,,,,,,,,,,,,9.0,,,9.0,,9.0,0.0,0.0,0.0,4.0,,,,,,,,,,,,,,,,,,,,1154789.0
product_hourly,,,,,,,,,,,,4.0,,,4.0,,3.0,1.0,0.0,0.0,5.0,,,,,,,,,,,,,,,,,,,,1154789.0
product_hourly,,,,,,,,,,,,9.0,,,9.0,,7.0,2.0,0.0,0.0,6.0,,,,,,,,,,,,,,,,,,,,1154789.0
product_hourly,,,,,,,,,,,,10.0,,,9.0,,9.0,0.0,0.0,1.0,7.0,,,,,,,,,,,,,,,,,,,,1154789.0
product_hourly,,,,,,,,,,,,12.0,,,10.0,,11.0,0.0,1.0,0.0,8.0,,,,,,,,,,,,,,,,,,,,1154789.0
product_hourly,,,,,,,,,,,,9.0,,,8.0,,9.0,0.0,0.0,0.0,9.0,,,,,,,,,,,,,,,,,,,,1154789.0
product_hourly,,,,,,,,,,,,4.0,,,4.0,,4.0,0.0,0.0,0.0,10.0,,,,,,,,,,,,,,,,,,,,1154789.0
product_hourly,,,,,,,,,,,,7.0,,,7.0,,7.0,0.0,0.0,0.0,11.0,,,,,,,,,,,,,,,,,,,,1154789.0
product_hourly,,,,,,,,,,,,12.0,,,10.0,,12.0,0.0,0.0,0.0,12.0,,,,,,,,,,,,,,,,,,,,1154789.0
product_hourly,,,,,,,,,,,,11.0,,,10.0,,11.0,0.0,0.0,0.0,13.0,,,,,,,,,,,,,,,,,,,,1154789.0
product_hourly,,,,,,,,,,,,19.0,,,19.0,,16.0,0.0,2.0,1.0,14.0,,,,,,,,,,,,,,,,,,,,1154789.0
product_hourly,,,,,,,,,,,,14.0,,,14.0,,13.0,0.0,1.0,0.0,15.0,,,,,,,,,,,,,,,,,,,,1154789.0
product_hourly,,,,,,,,,,,,6.0,,,6.0,,6.0,0.0,0.0,0.0,16.0,,,,,,,,,,,,,,,,,,,,1154789.0
product_hourly,,,,,,,,,,,,6.0,,,4.0,,3.0,1.0,2.0,0.0,17.0,,,,,,,,,,,,,,,,,,,,1154789.0
product_hourly,,,,,,,,,,,,4.0,,,4.0,,4.0,0.0,0.0,0.0,18.0,,,,,,,,,,,,,,,,,,,,1154789.0
product_hourly,,,,,,,,,,,,1.0,,,1.0,,1.0,0.0,0.0,0.0,19.0,,,,,,,,,,,,,,,,,,,,1154789.0
product_hourly,,,,,,,,,,,,2.0,,,2.0,,2.0,0.0,0.0,0.0,20.0,,,,,,,,,,,,,,,,,,,,1154789.0
product_hourly,,,,,,,,,,,,2.0,,,2.0,,2.0,0.0,0.0,0.0,21.0,,,,,,,,,,,,,,,,,,,,1154789.0
product_hourly,,,,,,,,,,,,2.0,,,2.0,,1.0,1.0,0.0,0.0,22.0,,,,,,,,,,,,,,,,,,,,1154789.0
product_hourly,,,,,,,,,,,,6.0,,,6.0,,6.0,0.0,0.0,0.0,23.0,,,,,,,,,,,,,,,,,,,,1154789.0
product_hourly,,,,,,,,,,,,8.0,,,8.0,,7.0,0.0,1.0,0.0,0.0,,,,,,,,,,,,,,,,,,,,1164931.0
product_hourly,,,,,,,,,,,,9.0,,,9.0,,7.0,0.0,2.0,0.0,1.0,,,,,,,,,,,,,,,,,,,,1164931.0
product_hourly,,,,,,,,,,,,20.0,,,19.0,,16.0,2.0,2.0,0.0,2.0,,,,,,,,,,,,,,,,,,,,1164931.0
product_hourly,,,,,,,,,,,,6.0,,,6.0,,5.0,0.0,1.0,0.0,3.0,,,,,,,,,,,,,,,,,,,,1164931.0
product_hourly,,,,,,,,,,,,15.0,,,15.0,,15.0,0.0,0.0,0.0,4.0,,,,,,,,,,,,,,,,,,,,1164931.0
product_hourly,,,,,,,,,,,,19.0,,,19.0,,18.0,1.0,0.0,0.0,5.0,,,,,,,,,,,,,,,,,,,,1164931.0
product_hourly,,,,,,,,,,,,10.0,,,10.0,,9.0,0.0,1.0,0.0,6.0,,,,,,,,,,,,,,,,,,,,1164931.0
product_hourly,,,,,,,,,,,,10.0,,,10.0,,8.0,1.0,1.0,0.0,7.0,,,,,,,,,,,,,,,,,,,,1164931.0
product_hourly,,,,,,,,,,,,11.0,,,9.0,,10.0,0.0,1.0,0.0,8.0,,,,,,,,,,,,,,,,,,,,1164931.0
product_hourly,,,,,,,,,,,,7.0,,,7.0,,6.0,0.0,1.0,0.0,9.0,,,,,,,,,,,,,,,,,,,,1164931.0
product_hourly,,,,,,,,,,,,6.0,,,6.0,,5.0,1.0,0.0,0.0,10.0,,,,,,,,,,,,,,,,,,,,1164931.0
product_hourly,,,,,,,,,,,,14.0,,,14.0,,14.0,0.0,0.0,0.0,11.0,,,,,,,,,,,,,,,,,,,,1164931.0
product_hourly,,,,,,,,,,,,23.0,,,23.0,,21.0,1.0,1.0,0.0,12.0,,,,,,,,,,,,,,,,,,,,1164931.0
product_hourly,,,,,,,,,,,,15.0,,,15.0,,14.0,1.0,0.0,0.0,13.0,,,,,,,,,,,,,,,,,,,,1164931.0
product_hourly,,,,,,,,,,,,18.0,,,16.0,,15.0,0.0,3.0,0.0,14.0,,,,,,,,,,,,,,,,,,,,1164931.0
product_hourly,,,,,,,,,,,,12.0,,,12.0,,9.0,2.0,1.0,0.0,15.0,,,,,,,,,,,,,,,,,,,,1164931.0
product_hourly,,,,,,,,,,,,4.0,,,4.0,,4.0,0.0,0.0,0.0,16.0,,,,,,,,,,,,,,,,,,,,1164931.0
product_hourly,,,,,,,,,,,,4.0,,,4.0,,3.0,0.0,1.0,0.0,17.0,,,,,,,,,,,,,,,,,,,,1164931.0
product_hourly,,,,,,,,,,,,1.0,,,1.0,,1.0,0.0,0.0,0.0,19.0,,,,,,,,,,,,,,,,,,,,1164931.0
product_hourly,,,,,,,,,,,,1.0,,,1.0,,1.0,0.0,0.0,0.0,20.0,,,,,,,,,,,,,,,,,,,,1164931.0
product_hourly,,,,,,,,,,,,1.0,,,1.0,,1.0,0.0,0.0,0.0,21.0,,,,,,,,,,,,,,,,,,,,1164931.0
product_hourly,,,,,,,,,,,,6.0,,,6.0,,5.0,0.0,1.0,0.0,23.0,,,,,,,,,,,,,,,,,,,,1164931.0
product_hourly,,,,,,,,,,,,9.0,,,8.0,,9.0,0.0,0.0,0.0,0.0,,,,,,,,,,,,,,,,,,,,1223110.0
product_hourly,,,,,,,,,,,,17.0,,,13.0,,16.0,0.0,1.0,0.0,1.0,,,,,,,,,,,,,,,,,,,,1223110.0
product_hourly,,,,,,,,,,,,15.0,,,14.0,,14.0,0.0,1.0,0.0,2.0,,,,,,,,,,,,,,,,,,,,1223110.0
product_hourly,,,,,,,,,,,,10.0,,,9.0,,10.0,0.0,0.0,0.0,3.0,,,,,,,,,,,,,,,,,,,,1223110.0
product_hourly,,,,,,,,,,,,15.0,,,14.0,,15.0,0.0,0.0,0.0,4.0,,,,,,,,,,,,,,,,,,,,1223110.0
product_hourly,,,,,,,,,,,,8.0,,,8.0,,7.0,1.0,0.0,0.0,5.0,,,,,,,,,,,,,,,,,,,,1223110.0
product_hourly,,,,,,,,,,,,17.0,,,15.0,,16.0,0.0,1.0,0.0,6.0,,,,,,,,,,,,,,,,,,,,1223110.0
product_hourly,,,,,,,,,,,,13.0,,,11.0,,12.0,0.0,1.0,0.0,7.0,,,,,,,,,,,,,,,,,,,,1223110.0
product_hourly,,,,,,,,,,,,13.0,,,13.0,,13.0,0.0,0.0,0.0,8.0,,,,,,,,,,,,,,,,,,,,1223110.0
product_hourly,,,,,,,,,,,,16.0,,,14.0,,15.0,0.0,1.0,0.0,9.0,,,,,,,,,,,,,,,,,,,,1223110.0
product_hourly,,,,,,,,,,,,8.0,,,8.0,,8.0,0.0,0.0,0.0,10.0,,,,,,,,,,,,,,,,,,,,1223110.0
product_hourly,,,,,,,,,,,,19.0,,,18.0,,16.0,1.0,2.0,0.0,11.0,,,,,,,,,,,,,,,,,,,,1223110.0
product_hourly,,,,,,,,,,,,24.0,,,22.0,,22.0,0.0,2.0,0.0,12.0,,,,,,,,,,,,,,,,,,,,1223110.0
product_hourly,,,,,,,,,,,,23.0,,,23.0,,23.0,0.0,0.0,0.0,13.0,,,,,,,,,,,,,,,,,,,,1223110.0
product_hourly,,,,,,,,,,,,19.0,,,17.0,,18.0,1.0,0.0,0.0,14.0,,,,,,,,,,,,,,,,,,,,1223110.0
product_hourly,,,,,,,,,,,,12.0,,,12.0,,12.0,0.0,0.0,0.0,15.0,,,,,,,,,,,,,,,,,,,,1223110.0
product_hourly,,,,,,,,,,,,7.0,,,5.0,,6.0,1.0,0.0,0.0,16.0,,,,,,,,,,,,,,,,,,,,1223110.0
product_hourly,,,,,,,,,,,,6.0,,,6.0,,6.0,0.0,0.0,0.0,17.0,,,,,,,,,,,,,,,,,,,,1223110.0
product_hourly,,,,,,,,,,,,1.0,,,1.0,,1.0,0.0,0.0,0.0,18.0,,,,,,,,,,,,,,,,,,,,1223110.0
product_hourly,,,,,,,,,,,,1.0,,,1.0,,1.0,0.0,0.0,0.0,19.0,,,,,,,,,,,,,,,,,,,,1223110.0
product_hourly,,,,,,,,,,,,2.0,,,1.0,,2.0,0.0,0.0,0.0,20.0,,,,,,,,,,,,,,,,,,,,1223110.0
product_hourly,,,,,,,,,,,,1.0,,,1.0,,1.0,0.0,0.0,0.0,21.0,,,,,,,,,,,,,,,,,,,,1223110.0
product_hourly,,,,,,,,,,,,8.0,,,7.0,,6.0,0.0,2.0,0.0,22.0,,,,,,,,,,,,,,,,,,,,1223110.0
product_hourly,,,,,,,,,,,,6.0,,,5.0,,5.0,0.0,1.0,0.0,23.0,,,,,,,,,,,,,,,,,,,,1223110.0
product_hourly,,,,,,,,,,,,6.0,,,6.0,,6.0,0.0,0.0,0.0,0.0,,,,,,,,,,,,,,,,,,,,1402604.0
product_hourly,,,,,,,,,,,,9.0,,,8.0,,7.0,0.0,1.0,1.0,1.0,,,,,,,,,,,,,,,,,,,,1402604.0
product_hourly,,,,,,,,,,,,10.0,,,10.0,,9.0,1.0,0.0,0.0,2.0,,,,,,,,,,,,,,,,,,,,1402604.0
product_hourly,,,,,,,,,,,,17.0,,,10.0,,14.0,0.0,2.0,1.0,3.0,,,,,,,,,,,,,,,,,,,,1402604.0
product_hourly,,,,,,,,,,,,13.0,,,12.0,,12.0,0.0,1.0,0.0,4.0,,,,,,,,,,,,,,,,,,,,1402604.0
product_hourly,,,,,,,,,,,,11.0,,,11.0,,10.0,0.0,1.0,0.0,5.0,,,,,,,,,,,,,,,,,,,,1402604.0
product_hourly,,,,,,,,,,,,8.0,,,8.0,,8.0,0.0,0.0,0.0,6.0,,,,,,,,,,,,,,,,,,,,1402604.0
product_hourly,,,,,,,,,,,,13.0,,,12.0,,11.0,0.0,2.0,0.0,7.0,,,,,,,,,,,,,,,,,,,,1402604.0
product_hourly,,,,,,,,,,,,11.0,,,10.0,,9.0,1.0,1.0,0.0,8.0,,,,,,,,,,,,,,,,,,,,1402604.0
product_hourly,,,,,,,,,,,,13.0,,,11.0,,13.0,0.0,0.0,0.0,9.0,,,,,,,,,,,,,,,,,,,,1402604.0
product_hourly,,,,,,,,,,,,12.0,,,11.0,,12.0,0.0,0.0,0.0,10.0,,,,,,,,,,,,,,,,,,,,1402604.0
product_hourly,,,,,,,,,,,,17.0,,,15.0,,15.0,0.0,2.0,0.0,11.0,,,,,,,,,,,,,,,,,,,,1402604.0
product_hourly,,,,,,,,,,,,17.0,,,15.0,,12.0,0.0,4.0,1.0,12.0,,,,,,,,,,,,,,,,,,,,1402604.0
product_hourly,,,,,,,,,,,,12.0,,,10.0,,12.0,0.0,0.0,0.0,13.0,,,,,,,,,,,,,,,,,,,,1402604.0
product_hourly,,,,,,,,,,,,26.0,,,23.0,,22.0,1.0,3.0,0.0,14.0,,,,,,,,,,,,,,,,,,,,1402604.0
product_hourly,,,,,,,,,,,,12.0,,,10.0,,8.0,2.0,1.0,1.0,15.0,,,,,,,,,,,,,,,,,,,,1402604.0
product_hourly,,,,,,,,,,,,11.0,,,6.0,,8.0,0.0,2.0,1.0,16.0,,,,,,,,,,,,,,,,,,,,1402604.0
product_hourly,,,,,,,,,,,,4.0,,,4.0,,4.0,0.0,0.0,0.0,17.0,,,,,,,,,,,,,,,,,,,,1402604.0
product_hourly,,,,,,,,,,,,4.0,,,4.0,,4.0,0.0,0.0,0.0,18.0,,,,,,,,,,,,,,,,,,,,1402604.0
product_hourly,,,,,,,,,,,,1.0,,,1.0,,1.0,0.0,0.0,0.0,21.0,,,,,,,,,,,,,,,,,,,,1402604.0
product_hourly,,,,,,,,,,,,2.0,,,2.0,,1.0,0.0,1.0,0.0,22.0,,,,,,,,,,,,,,,,,,,,1402604.0
product_hourly,,,,,,,,,,,,5.0,,,5.0,,5.0,0.0,0.0,0.0,23.0,,,,,,,,,,,,,,,,,,,,1402604.0
product_hourly,,,,,,,,,,,,11.0,,,8.0,,10.0,0.0,1.0,0.0,0.0,,,,,,,,,,,,,,,,,,,,1444258.0
product_hourly,,,,,,,,,,,,7.0,,,7.0,,6.0,0.0,1.0,0.0,1.0,,,,,,,,,,,,,,,,,,,,1444258.0
product_hourly,,,,,,,,,,,,12.0,,,10.0,,11.0,0.0,1.0,0.0,2.0,,,,,,,,,,,,,,,,,,,,1444258.0
product_hourly,,,,,,,,,,,,16.0,,,15.0,,15.0,0.0,0.0,1.0,3.0,,,,,,,,,,,,,,,,,,,,1444258.0
product_hourly,,,,,,,,,,,,16.0,,,14.0,,14.0,0.0,1.0,1.0,4.0,,,,,,,,,,,,,,,,,,,,1444258.0
product_hourly,,,,,,,,,,,,14.0,,,14.0,,14.0,0.0,0.0,0.0,5.0,,,,,,,,,,,,,,,,,,,,1444258.0
product_hourly,,,,,,,,,,,,10.0,,,10.0,,8.0,0.0,2.0,0.0,6.0,,,,,,,,,,,,,,,,,,,,1444258.0
product_hourly,,,,,,,,,,,,14.0,,,14.0,,12.0,0.0,2.0,0.0,7.0,,,,,,,,,,,,,,,,,,,,1444258.0
product_hourly,,,,,,,,,,,,11.0,,,10.0,,11.0,0.0,0.0,0.0,8.0,,,,,,,,,,,,,,,,,,,,1444258.0
product_hourly,,,,,,,,,,,,17.0,,,11.0,,13.0,0.0,2.0,2.0,9.0,,,,,,,,,,,,,,,,,,,,1444258.0
product_hourly,,,,,,,,,,,,13.0,,,11.0,,11.0,1.0,0.0,1.0,10.0,,,,,,,,,,,,,,,,,,,,1444258.0
product_hourly,,,,,,,,,,,,11.0,,,11.0,,11.0,0.0,0.0,0.0,11.0,,,,,,,,,,,,,,,,,,,,1444258.0
product_hourly,,,,,,,,,,,,10.0,,,10.0,,9.0,0.0,1.0,0.0,12.0,,,,,,,,,,,,,,,,,,,,1444258.0
product_hourly,,,,,,,,,,,,37.0,,,34.0,,33.0,1.0,2.0,1.0,13.0,,,,,,,,,,,,,,,,,,,,1444258.0
product_hourly,,,,,,,,,,,,20.0,,,18.0,,19.0,0.0,0.0,1.0,14.0,,,,,,,,,,,,,,,,,,,,1444258.0
product_hourly,,,,,,,,,,,,13.0,,,12.0,,12.0,0.0,1.0,0.0,15.0,,,,,,,,,,,,,,,,,,,,1444258.0
product_hourly,,,,,,,,,,,,4.0,,,4.0,,2.0,1.0,0.0,1.0,16.0,,,,,,,,,,,,,,,,,,,,1444258.0
product_hourly,,,,,,,,,,,,2.0,,,2.0,,2.0,0.0,0.0,0.0,17.0,,,,,,,,,,,,,,,,,,,,1444258.0
product_hourly,,,,,,,,,,,,1.0,,,1.0,,1.0,0.0,0.0,0.0,18.0,,,,,,,,,,,,,,,,,,,,1444258.0
product_hourly,,,,,,,,,,,,2.0,,,2.0,,2.0,0.0,0.0,0.0,19.0,,,,,,,,,,,,,,,,,,,,1444258.0
product_hourly,,,,,,,,,,,,1.0,,,1.0,,1.0,0.0,0.0,0.0,20.0,,,,,,,,,,,,,,,,,,,,1444258.0
product_hourly,,,,,,,,,,,,1.0,,,1.0,,1.0,0.0,0.0,0.0,21.0,,,,,,,,,,,,,,,,,,,,1444258.0
product_hourly,,,,,,,,,,,,3.0,,,3.0,,3.0,0.0,0.0,0.0,22.0,,,,,,,,,,,,,,,,,,,,1444258.0
product_hourly,,,,,,,,,,,,7.0,,,6.0,,4.0,0.0,1.0,2.0,23.0,,,,,,,,,,,,,,,,,,,,1444258.0
product_hourly,,,,,,,,,,,,6.0,,,5.0,,6.0,0.0,0.0,0.0,0.0,,,,,,,,,,,,,,,,,,,,1457948.0
product_hourly,,,,,,,,,,,,13.0,,,10.0,,12.0,0.0,0.0,1.0,1.0,,,,,,,,,,,,,,,,,,,,1457948.0
product_hourly,,,,,,,,,,,,9.0,,,8.0,,9.0,0.0,0.0,0.0,2.0,,,,,,,,,,,,,,,,,,,,1457948.0
product_hourly,,,,,,,,,,,,13.0,,,12.0,,9.0,3.0,1.0,0.0,3.0,,,,,,,,,,,,,,,,,,,,1457948.0
product_hourly,,,,,,,,,,,,11.0,,,7.0,,10.0,0.0,1.0,0.0,4.0,,,,,,,,,,,,,,,,,,,,1457948.0
product_hourly,,,,,,,,,,,,7.0,,,7.0,,7.0,0.0,0.0,0.0,5.0,,,,,,,,,,,,,,,,,,,,1457948.0
product_hourly,,,,,,,,,,,,11.0,,,10.0,,11.0,0.0,0.0,0.0,6.0,,,,,,,,,,,,,,,,,,,,1457948.0
product_hourly,,,,,,,,,,,,12.0,,,9.0,,11.0,0.0,1.0,0.0,7.0,,,,,,,,,,,,,,,,,,,,1457948.0
product_hourly,,,,,,,,,,,,7.0,,,6.0,,4.0,1.0,2.0,0.0,8.0,,,,,,,,,,,,,,,,,,,,1457948.0
product_hourly,,,,,,,,,,,,7.0,,,6.0,,7.0,0.0,0.0,0.0,9.0,,,,,,,,,,,,,,,,,,,,1457948.0
product_hourly,,,,,,,,,,,,14.0,,,13.0,,14.0,0.0,0.0,0.0,10.0,,,,,,,,,,,,,,,,,,,,1457948.0
product_hourly,,,,,,,,,,,,17.0,,,14.0,,16.0,0.0,1.0,0.0,11.0,,,,,,,,,,,,,,,,,,,,1457948.0
product_hourly,,,,,,,,,,,,17.0,,,14.0,,16.0,1.0,0.0,0.0,12.0,,,,,,,,,,,,,,,,,,,,1457948.0
product_hourly,,,,,,,,,,,,14.0,,,10.0,,12.0,1.0,1.0,0.0,13.0,,,,,,,,,,,,,,,,,,,,1457948.0
product_hourly,,,,,,,,,,,,15.0,,,15.0,,15.0,0.0,0.0,0.0,14.0,,,,,,,,,,,,,,,,,,,,1457948.0
product_hourly,,,,,,,,,,,,7.0,,,5.0,,7.0,0.0,0.0,0.0,15.0,,,,,,,,,,,,,,,,,,,,1457948.0
product_hourly,,,,,,,,,,,,3.0,,,3.0,,3.0,0.0,0.0,0.0,16.0,,,,,,,,,,,,,,,,,,,,1457948.0
product_hourly,,,,,,,,,,,,2.0,,,2.0,,2.0,0.0,0.0,0.0,17.0,,,,,,,,,,,,,,,,,,,,1457948.0
product_hourly,,,,,,,,,,,,1.0,,,1.0,,1.0,0.0,0.0,0.0,21.0,,,,,,,,,,,,,,,,,,,,1457948.0
product_hourly,,,,,,,,,,,,3.0,,,3.0,,3.0,0.0,0.0,0.0,22.0,,,,,,,,,,,,,,,,,,,,1457948.0
product_hourly,,,,,,,,,,,,4.0,,,4.0,,4.0,0.0,0.0,0.0,23.0,,,,,,,,,,,,,,,,,,,,1457948.0
product_hourly,,,,,,,,,,,,6.0,,,4.0,,6.0,0.0,0.0,0.0,0.0,,,,,,,,,,,,,,,,,,,,1459442.0
product_hourly,,,,,,,,,,,,10.0,,,6.0,,10.0,0.0,0.0,0.0,1.0,,,,,,,,,,,,,,,,,,,,1459442.0
product_hourly,,,,,,,,,,,,13.0,,,11.0,,13.0,0.0,0.0,0.0,2.0,,,,,,,,,,,,,,,,,,,,1459442.0
product_hourly,,,,,,,,,,,,16.0,,,12.0,,15.0,1.0,0.0,0.0,3.0,,,,,,,,,,,,,,,,,,,,1459442.0
product_hourly,,,,,,,,,,,,7.0,,,7.0,,7.0,0.0,0.0,0.0,4.0,,,,,,,,,,,,,,,,,,,,1459442.0
product_hourly,,,,,,,,,,,,11.0,,,8.0,,9.0,2.0,0.0,0.0,5.0,,,,,,,,,,,,,,,,,,,,1459442.0
product_hourly,,,,,,,,,,,,11.0,,,8.0,,11.0,0.0,0.0,0.0,6.0,,,,,,,,,,,,,,,,,,,,1459442.0
product_hourly,,,,,,,,,,,,16.0,,,13.0,,14.0,1.0,1.0,0.0,7.0,,,,,,,,,,,,,,,,,,,,1459442.0
product_hourly,,,,,,,,,,,,8.0,,,7.0,,8.0,0.0,0.0,0.0,8.0,,,,,,,,,,,,,,,,,,,,1459442.0
product_hourly,,,,,,,,,,,,7.0,,,7.0,,7.0,0.0,0.0,0.0,9.0,,,,,,,,,,,,,,,,,,,,1459442.0
product_hourly,,,,,,,,,,,,7.0,,,7.0,,6.0,0.0,1.0,0.0,10.0,,,,,,,,,,,,,,,,,,,,1459442.0
product_hourly,,,,,,,,,,,,12.0,,,11.0,,12.0,0.0,0.0,0.0,11.0,,,,,,,,,,,,,,,,,,,,1459442.0
product_hourly,,,,,,,,,,,,7.0,,,7.0,,7.0,0.0,0.0,0.0,12.0,,,,,,,,,,,,,,,,,,,,1459442.0
product_hourly,,,,,,,,,,,,12.0,,,11.0,,11.0,0.0,1.0,0.0,13.0,,,,,,,,,,,,,,,,,,,,1459442.0
product_hourly,,,,,,,,,,,,16.0,,,14.0,,13.0,2.0,1.0,0.0,14.0,,,,,,,,,,,,,,,,,,,,1459442.0
product_hourly,,,,,,,,,,,,14.0,,,14.0,,13.0,0.0,1.0,0.0,15.0,,,,,,,,,,,,,,,,,,,,1459442.0
product_hourly,,,,,,,,,,,,5.0,,,5.0,,3.0,0.0,2.0,0.0,16.0,,,,,,,,,,,,,,,,,,,,1459442.0
product_hourly,,,,,,,,,,,,1.0,,,1.0,,1.0,0.0,0.0,0.0,17.0,,,,,,,,,,,,,,,,,,,,1459442.0
product_hourly,,,,,,,,,,,,1.0,,,1.0,,1.0,0.0,0.0,0.0,18.0,,,,,,,,,,,,,,,,,,,,1459442.0
product_hourly,,,,,,,,,,,,1.0,,,1.0,,1.0,0.0,0.0,0.0,19.0,,,,,,,,,,,,,,,,,,,,1459442.0
product_hourly,,,,,,,,,,,,1.0,,,1.0,,1.0,0.0,0.0,0.0,21.0,,,,,,,,,,,,,,,,,,,,1459442.0
product_hourly,,,,,,,,,,,,2.0,,,2.0,,2.0,0.0,0.0,0.0,22.0,,,,,,,,,,,,,,,,,,,,1459442.0
product_hourly,,,,,,,,,,,,4.0,,,3.0,,3.0,0.0,1.0,0.0,23.0,,,,,,,,,,,,,,,,,,,,1459442.0
product_hourly,,,,,,,,,,,,12.0,,,11.0,,11.0,0.0,1.0,0.0,0.0,,,,,,,,,,,,,,,,,,,,1535294.0
product_hourly,,,,,,,,,,,,8.0,,,8.0,,8.0,0.0,0.0,0.0,1.0,,,,,,,,,,,,,,,,,,,,1535294.0
product_hourly,,,,,,,,,,,,19.0,,,16.0,,18.0,1.0,0.0,0.0,2.0,,,,,,,,,,,,,,,,,,,,1535294.0
product_hourly,,,,,,,,,,,,24.0,,,20.0,,24.0,0.0,0.0,0.0,3.0,,,,,,,,,,,,,,,,,,,,1535294.0
product_hourly,,,,,,,,,,,,28.0,,,27.0,,23.0,1.0,4.0,0.0,4.0,,,,,,,,,,,,,,,,,,,,1535294.0
product_hourly,,,,,,,,,,,,25.0,,,25.0,,23.0,1.0,1.0,0.0,5.0,,,,,,,,,,,,,,,,,,,,1535294.0
product_hourly,,,,,,,,,,,,27.0,,,25.0,,26.0,1.0,0.0,0.0,6.0,,,,,,,,,,,,,,,,,,,,1535294.0
product_hourly,,,,,,,,,,,,21.0,,,19.0,,19.0,1.0,0.0,1.0,7.0,,,,,,,,,,,,,,,,,,,,1535294.0
product_hourly,,,,,,,,,,,,37.0,,,34.0,,34.0,2.0,1.0,0.0,8.0,,,,,,,,,,,,,,,,,,,,1535294.0
product_hourly,,,,,,,,,,,,31.0,,,27.0,,20.0,2.0,5.0,4.0,9.0,,,,,,,,,,,,,,,,,,,,1535294.0
product_hourly,,,,,,,,,,,,25.0,,,21.0,,22.0,1.0,1.0,1.0,10.0,,,,,,,,,,,,,,,,,,,,1535294.0
product_hourly,,,,,,,,,,,,20.0,,,18.0,,16.0,2.0,2.0,0.0,11.0,,,,,,,,,,,,,,,,,,,,1535294.0
product_hourly,,,,,,,,,,,,27.0,,,24.0,,22.0,1.0,2.0,2.0,12.0,,,,,,,,,,,,,,,,,,,,1535294.0
product_hourly,,,,,,,,,,,,30.0,,,29.0,,27.0,0.0,3.0,0.0,13.0,,,,,,,,,,,,,,,,,,,,1535294.0
product_hourly,,,,,,,,,,,,43.0,,,39.0,,34.0,2.0,4.0,3.0,14.0,,,,,,,,,,,,,,,,,,,,1535294.0
product_hourly,,,,,,,,,,,,26.0,,,26.0,,23.0,1.0,2.0,0.0,15.0,,,,,,,,,,,,,,,,,,,,1535294.0
product_hourly,,,,,,,,,,,,10.0,,,9.0,,9.0,0.0,1.0,0.0,16.0,,,,,,,,,,,,,,,,,,,,1535294.0
product_hourly,,,,,,,,,,,,2.0,,,2.0,,2.0,0.0,0.0,0.0,17.0,,,,,,,,,,,,,,,,,,,,1535294.0
product_hourly,,,,,,,,,,,,2.0,,,2.0,,1.0,0.0,1.0,0.0,18.0,,,,,,,,,,,,,,,,,,,,1535294.0
product_hourly,,,,,,,,,,,,4.0,,,4.0,,3.0,0.0,1.0,0.0,19.0,,,,,,,,,,,,,,,,,,,,1535294.0
product_hourly,,,,,,,,,,,,3.0,,,3.0,,3.0,0.0,0.0,0.0,20.0,,,,,,,,,,,,,,,,,,,,1535294.0
product_hourly,,,,,,,,,,,,4.0,,,3.0,,3.0,1.0,0.0,0.0,21.0,,,,,,,,,,,,,,,,,,,,1535294.0
product_hourly,,,,,,,,,,,,2.0,,,2.0,,2.0,0.0,0.0,0.0,22.0,,,,,,,,,,,,,,,,,,,,1535294.0
product_hourly,,,,,,,,,,,,16.0,,,15.0,,13.0,1.0,1.0,1.0,23.0,,,,,,,,,,,,,,,,,,,,1535294.0
product_hourly,,,,,,,,,,,,6.0,,,6.0,,6.0,0.0,0.0,0.0,0.0,,,,,,,,,,,,,,,,,,,,1541734.0
product_hourly,,,,,,,,,,,,7.0,,,7.0,,6.0,0.0,1.0,0.0,1.0,,,,,,,,,,,,,,,,,,,,1541734.0
product_hourly,,,,,,,,,,,,3.0,,,3.0,,2.0,0.0,1.0,0.0,2.0,,,,,,,,,,,,,,,,,,,,1541734.0
product_hourly,,,,,,,,,,,,7.0,,,7.0,,6.0,0.0,1.0,0.0,3.0,,,,,,,,,,,,,,,,,,,,1541734.0
product_hourly,,,,,,,,,,,,11.0,,,10.0,,9.0,1.0,1.0,0.0,4.0,,,,,,,,,,,,,,,,,,,,1541734.0
product_hourly,,,,,,,,,,,,11.0,,,8.0,,11.0,0.0,0.0,0.0,5.0,,,,,,,,,,,,,,,,,,,,1541734.0
product_hourly,,,,,,,,,,,,15.0,,,14.0,,14.0,1.0,0.0,0.0,6.0,,,,,,,,,,,,,,,,,,,,1541734.0
product_hourly,,,,,,,,,,,,10.0,,,9.0,,10.0,0.0,0.0,0.0,7.0,,,,,,,,,,,,,,,,,,,,1541734.0
product_hourly,,,,,,,,,,,,5.0,,,4.0,,4.0,1.0,0.0,0.0,8.0,,,,,,,,,,,,,,,,,,,,1541734.0
product_hourly,,,,,,,,,,,,10.0,,,9.0,,8.0,0.0,2.0,0.0,9.0,,,,,,,,,,,,,,,,,,,,1541734.0
product_hourly,,,,,,,,,,,,7.0,,,6.0,,7.0,0.0,0.0,0.0,10.0,,,,,,,,,,,,,,,,,,,,1541734.0
product_hourly,,,,,,,,,,,,28.0,,,21.0,,28.0,0.0,0.0,0.0,11.0,,,,,,,,,,,,,,,,,,,,1541734.0
product_hourly,,,,,,,,,,,,22.0,,,20.0,,21.0,0.0,1.0,0.0,12.0,,,,,,,,,,,,,,,,,,,,1541734.0
product_hourly,,,,,,,,,,,,20.0,,,17.0,,19.0,0.0,1.0,0.0,13.0,,,,,,,,,,,,,,,,,,,,1541734.0
product_hourly,,,,,,,,,,,,16.0,,,16.0,,15.0,0.0,1.0,0.0,14.0,,,,,,,,,,,,,,,,,,,,1541734.0
product_hourly,,,,,,,,,,,,9.0,,,8.0,,9.0,0.0,0.0,0.0,15.0,,,,,,,,,,,,,,,,,,,,1541734.0
product_hourly,,,,,,,,,,,,3.0,,,3.0,,3.0,0.0,0.0,0.0,16.0,,,,,,,,,,,,,,,,,,,,1541734.0
product_hourly,,,,,,,,,,,,2.0,,,2.0,,1.0,0.0,1.0,0.0,17.0,,,,,,,,,,,,,,,,,,,,1541734.0
product_hourly,,,,,,,,,,,,3.0,,,3.0,,3.0,0.0,0.0,0.0,18.0,,,,,,,,,,,,,,,,,,,,1541734.0
product_hourly,,,,,,,,,,,,1.0,,,1.0,,1.0,0.0,0.0,0.0,19.0,,,,,,,,,,,,,,,,,,,,1541734.0
product_hourly,,,,,,,,,,,,1.0,,,1.0,,1.0,0.0,0.0,0.0,20.0,,,,,,,,,,,,,,,,,,,,1541734.0
product_hourly,,,,,,,,,,,,1.0,,,1.0,,1.0,0.0,0.0,0.0,21.0,,,,,,,,,,,,,,,,,,,,1541734.0
product_hourly,,,,,,,,,,,,2.0,,,2.0,,1.0,1.0,0.0,0.0,22.0,,,,,,,,,,,,,,,,,,,,1541734.0
product_hourly,,,,,,,,,,,,4.0,,,4.0,,4.0,0.0,0.0,0.0,23.0,,,,,,,,,,,,,,,,,,,,1541734.0
product_hourly,,,,,,,,,,,,16.0,,,16.0,,16.0,0.0,0.0,0.0,0.0,,,,,,,,,,,,,,,,,,,,1583704.0
product_hourly,,,,,,,,,,,,14.0,,,12.0,,11.0,1.0,2.0,0.0,1.0,,,,,,,,,,,,,,,,,,,,1583704.0
product_hourly,,,,,,,,,,,,23.0,,,21.0,,20.0,1.0,2.0,0.0,2.0,,,,,,,,,,,,,,,,,,,,1583704.0
product_hourly,,,,,,,,,,,,16.0,,,16.0,,15.0,0.0,1.0,0.0,3.0,,,,,,,,,,,,,,,,,,,,1583704.0
product_hourly,,,,,,,,,,,,14.0,,,14.0,,14.0,0.0,0.0,0.0,4.0,,,,,,,,,,,,,,,,,,,,1583704.0
product_hourly,,,,,,,,,,,,12.0,,,12.0,,11.0,1.0,0.0,0.0,5.0,,,,,,,,,,,,,,,,,,,,1583704.0
product_hourly,,,,,,,,,,,,27.0,,,22.0,,25.0,1.0,0.0,1.0,6.0,,,,,,,,,,,,,,,,,,,,1583704.0
product_hourly,,,,,,,,,,,,13.0,,,13.0,,12.0,1.0,0.0,0.0,7.0,,,,,,,,,,,,,,,,,,,,1583704.0
product_hourly,,,,,,,,,,,,20.0,,,18.0,,19.0,1.0,0.0,0.0,8.0,,,,,,,,,,,,,,,,,,,,1583704.0
product_hourly,,,,,,,,,,,,13.0,,,13.0,,11.0,1.0,1.0,0.0,9.0,,,,,,,,,,,,,,,,,,,,1583704.0
product_hourly,,,,,,,,,,,,23.0,,,22.0,,21.0,1.0,1.0,0.0,10.0,,,,,,,,,,,,,,,,,,,,1583704.0
product_hourly,,,,,,,,,,,,19.0,,,18.0,,18.0,1.0,0.0,0.0,11.0,,,,,,,,,,,,,,,,,,,,1583704.0
product_hourly,,,,,,,,,,,,20.0,,,18.0,,19.0,1.0,0.0,0.0,12.0,,,,,,,,,,,,,,,,,,,,1583704.0
product_hourly,,,,,,,,,,,,33.0,,,32.0,,30.0,0.0,3.0,0.0,13.0,,,,,,,,,,,,,,,,,,,,1583704.0
product_hourly,,,,,,,,,,,,16.0,,,16.0,,13.0,0.0,2.0,1.0,14.0,,,,,,,,,,,,,,,,,,,,1583704.0
product_hourly,,,,,,,,,,,,27.0,,,26.0,,23.0,2.0,2.0,0.0,15.0,,,,,,,,,,,,,,,,,,,,1583704.0
product_hourly,,,,,,,,,,,,12.0,,,12.0,,11.0,1.0,0.0,0.0,16.0,,,,,,,,,,,,,,,,,,,,1583704.0
product_hourly,,,,,,,,,,,,4.0,,,3.0,,4.0,0.0,0.0,0.0,17.0,,,,,,,,,,,,,,,,,,,,1583704.0
product_hourly,,,,,,,,,,,,1.0,,,1.0,,1.0,0.0,0.0,0.0,18.0,,,,,,,,,,,,,,,,,,,,1583704.0
product_hourly,,,,,,,,,,,,1.0,,,1.0,,1.0,0.0,0.0,0.0,19.0,,,,,,,,,,,,,,,,,,,,1583704.0
product_hourly,,,,,,,,,,,,1.0,,,1.0,,1.0,0.0,0.0,0.0,20.0,,,,,,,,,,,,,,,,,,,,1583704.0
product_hourly,,,,,,,,,,,,1.0,,,1.0,,1.0,0.0,0.0,0.0,21.0,,,,,,,,,,,,,,,,,,,,1583704.0
product_hourly,,,,,,,,,,,,2.0,,,2.0,,2.0,0.0,0.0,0.0,22.0,,,,,,,,,,,,,,,,,,,,1583704.0
product_hourly,,,,,,,,,,,,8.0,,,8.0,,8.0,0.0,0.0,0.0,23.0,,,,,,,,,,,,,,,,,,,,1583704.0
product_hourly,,,,,,,,,,,,1.0,,,1.0,,1.0,0.0,0.0,0.0,0.0,,,,,,,,,,,,,,,,,,,,1591862.0
product_hourly,,,,,,,,,,,,1.0,,,1.0,,1.0,0.0,0.0,0.0,1.0,,,,,,,,,,,,,,,,,,,,1591862.0
product_hourly,,,,,,,,,,,,351.0,,,271.0,,351.0,0.0,0.0,0.0,7.0,,,,,,,,,,,,,,,,,,,,1591862.0
product_hourly,,,,,,,,,,,,1.0,,,1.0,,1.0,0.0,0.0,0.0,13.0,,,,,,,,,,,,,,,,,,,,1591862.0
product_hourly,,,,,,,,,,,,10.0,,,10.0,,9.0,1.0,0.0,0.0,0.0,,,,,,,,,,,,,,,,,,,,1684440.0
product_hourly,,,,,,,,,,,,10.0,,,9.0,,9.0,0.0,1.0,0.0,1.0,,,,,,,,,,,,,,,,,,,,1684440.0
product_hourly,,,,,,,,,,,,9.0,,,6.0,,8.0,0.0,1.0,0.0,2.0,,,,,,,,,,,,,,,,,,,,1684440.0
product_hourly,,,,,,,,,,,,10.0,,,7.0,,5.0,0.0,2.0,3.0,3.0,,,,,,,,,,,,,,,,,,,,1684440.0
product_hourly,,,,,,,,,,,,4.0,,,4.0,,4.0,0.0,0.0,0.0,4.0,,,,,,,,,,,,,,,,,,,,1684440.0
product_hourly,,,,,,,,,,,,9.0,,,9.0,,6.0,0.0,3.0,0.0,5.0,,,,,,,,,,,,,,,,,,,,1684440.0
product_hourly,,,,,,,,,,,,4.0,,,4.0,,4.0,0.0,0.0,0.0,6.0,,,,,,,,,,,,,,,,,,,,1684440.0
product_hourly,,,,,,,,,,,,12.0,,,10.0,,10.0,0.0,2.0,0.0,7.0,,,,,,,,,,,,,,,,,,,,1684440.0
product_hourly,,,,,,,,,,,,8.0,,,8.0,,6.0,1.0,0.0,1.0,8.0,,,,,,,,,,,,,,,,,,,,1684440.0
product_hourly,,,,,,,,,,,,12.0,,,11.0,,9.0,0.0,3.0,0.0,9.0,,,,,,,,,,,,,,,,,,,,1684440.0
product_hourly,,,,,,,,,,,,18.0,,,12.0,,14.0,1.0,1.0,2.0,10.0,,,,,,,,,,,,,,,,,,,,1684440.0
product_hourly,,,,,,,,,,,,10.0,,,10.0,,10.0,0.0,0.0,0.0,11.0,,,,,,,,,,,,,,,,,,,,1684440.0
product_hourly,,,,,,,,,,,,14.0,,,14.0,,8.0,2.0,4.0,0.0,12.0,,,,,,,,,,,,,,,,,,,,1684440.0
product_hourly,,,,,,,,,,,,13.0,,,13.0,,10.0,1.0,2.0,0.0,13.0,,,,,,,,,,,,,,,,,,,,1684440.0
product_hourly,,,,,,,,,,,,24.0,,,19.0,,16.0,2.0,3.0,3.0,14.0,,,,,,,,,,,,,,,,,,,,1684440.0
product_hourly,,,,,,,,,,,,10.0,,,8.0,,9.0,0.0,1.0,0.0,15.0,,,,,,,,,,,,,,,,,,,,1684440.0
product_hourly,,,,,,,,,,,,6.0,,,6.0,,6.0,0.0,0.0,0.0,16.0,,,,,,,,,,,,,,,,,,,,1684440.0
product_hourly,,,,,,,,,,,,1.0,,,1.0,,1.0,0.0,0.0,0.0,18.0,,,,,,,,,,,,,,,,,,,,1684440.0
product_hourly,,,,,,,,,,,,4.0,,,4.0,,3.0,0.0,1.0,0.0,19.0,,,,,,,,,,,,,,,,,,,,1684440.0
product_hourly,,,,,,,,,,,,2.0,,,2.0,,1.0,0.0,1.0,0.0,23.0,,,,,,,,,,,,,,,,,,,,1684440.0
product_hourly,,,,,,,,,,,,14.0,,,9.0,,13.0,0.0,1.0,0.0,0.0,,,,,,,,,,,,,,,,,,,,1699547.0
product_hourly,,,,,,,,,,,,11.0,,,9.0,,10.0,1.0,0.0,0.0,1.0,,,,,,,,,,,,,,,,,,,,1699547.0
product_hourly,,,,,,,,,,,,12.0,,,9.0,,11.0,0.0,1.0,0.0,2.0,,,,,,,,,,,,,,,,,,,,1699547.0
product_hourly,,,,,,,,,,,,7.0,,,7.0,,7.0,0.0,0.0,0.0,3.0,,,,,,,,,,,,,,,,,,,,1699547.0
product_hourly,,,,,,,,,,,,13.0,,,13.0,,13.0,0.0,0.0,0.0,4.0,,,,,,,,,,,,,,,,,,,,1699547.0
product_hourly,,,,,,,,,,,,10.0,,,9.0,,9.0,0.0,1.0,0.0,5.0,,,,,,,,,,,,,,,,,,,,1699547.0
product_hourly,,,,,,,,,,,,7.0,,,7.0,,7.0,0.0,0.0,0.0,6.0,,,,,,,,,,,,,,,,,,,,1699547.0
product_hourly,,,,,,,,,,,,18.0,,,18.0,,17.0,0.0,1.0,0.0,7.0,,,,,,,,,,,,,,,,,,,,1699547.0
product_hourly,,,,,,,,,,,,16.0,,,16.0,,16.0,0.0,0.0,0.0,8.0,,,,,,,,,,,,,,,,,,,,1699547.0
product_hourly,,,,,,,,,,,,6.0,,,6.0,,6.0,0.0,0.0,0.0,9.0,,,,,,,,,,,,,,,,,,,,1699547.0
product_hourly,,,,,,,,,,,,15.0,,,11.0,,14.0,1.0,0.0,0.0,10.0,,,,,,,,,,,,,,,,,,,,1699547.0
product_hourly,,,,,,,,,,,,10.0,,,10.0,,9.0,1.0,0.0,0.0,11.0,,,,,,,,,,,,,,,,,,,,1699547.0
product_hourly,,,,,,,,,,,,15.0,,,14.0,,15.0,0.0,0.0,0.0,12.0,,,,,,,,,,,,,,,,,,,,1699547.0
product_hourly,,,,,,,,,,,,19.0,,,17.0,,16.0,2.0,1.0,0.0,13.0,,,,,,,,,,,,,,,,,,,,1699547.0
product_hourly,,,,,,,,,,,,17.0,,,17.0,,16.0,1.0,0.0,0.0,14.0,,,,,,,,,,,,,,,,,,,,1699547.0
product_hourly,,,,,,,,,,,,11.0,,,11.0,,11.0,0.0,0.0,0.0,15.0,,,,,,,,,,,,,,,,,,,,1699547.0
product_hourly,,,,,,,,,,,,7.0,,,6.0,,5.0,0.0,2.0,0.0,16.0,,,,,,,,,,,,,,,,,,,,1699547.0
product_hourly,,,,,,,,,,,,1.0,,,1.0,,1.0,0.0,0.0,0.0,17.0,,,,,,,,,,,,,,,,,,,,1699547.0
product_hourly,,,,,,,,,,,,1.0,,,1.0,,1.0,0.0,0.0,0.0,18.0,,,,,,,,,,,,,,,,,,,,1699547.0
product_hourly,,,,,,,,,,,,2.0,,,2.0,,2.0,0.0,0.0,0.0,19.0,,,,,,,,,,,,,,,,,,,,1699547.0
product_hourly,,,,,,,,,,,,1.0,,,1.0,,1.0,0.0,0.0,0.0,20.0,,,,,,,,,,,,,,,,,,,,1699547.0
product_hourly,,,,,,,,,,,,1.0,,,1.0,,1.0,0.0,0.0,0.0,21.0,,,,,,,,,,,,,,,,,,,,1699547.0
product_hourly,,,,,,,,,,,,2.0,,,2.0,,2.0,0.0,0.0,0.0,22.0,,,,,,,,,,,,,,,,,,,,1699547.0
product_hourly,,,,,,,,,,,,4.0,,,4.0,,3.0,0.0,1.0,0.0,23.0,,,,,,,,,,,,,,,,,,,,1699547.0
product_hourly,,,,,,,,,,,,8.0,,,8.0,,7.0,0.0,1.0,0.0,0.0,,,,,,,,,,,,,,,,,,,,1773536.0
product_hourly,,,,,,,,,,,,10.0,,,10.0,,10.0,0.0,0.0,0.0,1.0,,,,,,,,,,,,,,,,,,,,1773536.0
product_hourly,,,,,,,,,,,,18.0,,,13.0,,17.0,0.0,1.0,0.0,2.0,,,,,,,,,,,,,,,,,,,,1773536.0
product_hourly,,,,,,,,,,,,18.0,,,14.0,,18.0,0.0,0.0,0.0,3.0,,,,,,,,,,,,,,,,,,,,1773536.0
product_hourly,,,,,,,,,,,,12.0,,,10.0,,12.0,0.0,0.0,0.0,4.0,,,,,,,,,,,,,,,,,,,,1773536.0
product_hourly,,,,,,,,,,,,8.0,,,8.0,,8.0,0.0,0.0,0.0,5.0,,,,,,,,,,,,,,,,,,,,1773536.0
product_hourly,,,,,,,,,,,,14.0,,,11.0,,14.0,0.0,0.0,0.0,6.0,,,,,,,,,,,,,,,,,,,,1773536.0
product_hourly,,,,,,,,,,,,10.0,,,10.0,,10.0,0.0,0.0,0.0,7.0,,,,,,,,,,,,,,,,,,,,1773536.0
product_hourly,,,,,,,,,,,,6.0,,,6.0,,6.0,0.0,0.0,0.0,8.0,,,,,,,,,,,,,,,,,,,,1773536.0
product_hourly,,,,,,,,,,,,5.0,,,5.0,,4.0,0.0,0.0,1.0,9.0,,,,,,,,,,,,,,,,,,,,1773536.0
product_hourly,,,,,,,,,,,,12.0,,,11.0,,11.0,0.0,1.0,0.0,10.0,,,,,,,,,,,,,,,,,,,,1773536.0
product_hourly,,,,,,,,,,,,15.0,,,14.0,,13.0,0.0,2.0,0.0,11.0,,,,,,,,,,,,,,,,,,,,1773536.0
product_hourly,,,,,,,,,,,,12.0,,,11.0,,12.0,0.0,0.0,0.0,12.0,,,,,,,,,,,,,,,,,,,,1773536.0
product_hourly,,,,,,,,,,,,25.0,,,20.0,,24.0,0.0,0.0,1.0,13.0,,,,,,,,,,,,,,,,,,,,1773536.0
product_hourly,,,,,,,,,,,,16.0,,,13.0,,15.0,0.0,1.0,0.0,14.0,,,,,,,,,,,,,,,,,,,,1773536.0
product_hourly,,,,,,,,,,,,12.0,,,11.0,,12.0,0.0,0.0,0.0,15.0,,,,,,,,,,,,,,,,,,,,1773536.0
product_hourly,,,,,,,,,,,,4.0,,,4.0,,4.0,0.0,0.0,0.0,16.0,,,,,,,,,,,,,,,,,,,,1773536.0
product_hourly,,,,,,,,,,,,2.0,,,2.0,,2.0,0.0,0.0,0.0,17.0,,,,,,,,,,,,,,,,,,,,1773536.0
product_hourly,,,,,,,,,,,,1.0,,,1.0,,1.0,0.0,0.0,0.0,18.0,,,,,,,,,,,,,,,,,,,,1773536.0
product_hourly,,,,,,,,,,,,3.0,,,3.0,,3.0,0.0,0.0,0.0,19.0,,,,,,,,,,,,,,,,,,,,1773536.0
product_hourly,,,,,,,,,,,,1.0,,,1.0,,1.0,0.0,0.0,0.0,21.0,,,,,,,,,,,,,,,,,,,,1773536.0
product_hourly,,,,,,,,,,,,4.0,,,4.0,,4.0,0.0,0.0,0.0,22.0,,,,,,,,,,,,,,,,,,,,1773536.0
product_hourly,,,,,,,,,,,,9.0,,,6.0,,8.0,0.0,1.0,0.0,23.0,,,,,,,,,,,,,,,,,,,,1773536.0
product_hourly,,,,,,,,,,,,12.0,,,11.0,,12.0,0.0,0.0,0.0,0.0,,,,,,,,,,,,,,,,,,,,1819353.0
product_hourly,,,,,,,,,,,,8.0,,,8.0,,8.0,0.0,0.0,0.0,1.0,,,,,,,,,,,,,,,,,,,,1819353.0
product_hourly,,,,,,,,,,,,8.0,,,8.0,,7.0,0.0,1.0,0.0,2.0,,,,,,,,,,,,,,,,,,,,1819353.0
product_hourly,,,,,,,,,,,,11.0,,,11.0,,10.0,0.0,0.0,1.0,3.0,,,,,,,,,,,,,,,,,,,,1819353.0
product_hourly,,,,,,,,,,,,9.0,,,9.0,,8.0,1.0,0.0,0.0,4.0,,,,,,,,,,,,,,,,,,,,1819353.0
product_hourly,,,,,,,,,,,,18.0,,,18.0,,18.0,0.0,0.0,0.0,5.0,,,,,,,,,,,,,,,,,,,,1819353.0
product_hourly,,,,,,,,,,,,15.0,,,15.0,,15.0,0.0,0.0,0.0,6.0,,,,,,,,,,,,,,,,,,,,1819353.0
product_hourly,,,,,,,,,,,,9.0,,,9.0,,9.0,0.0,0.0,0.0,7.0,,,,,,,,,,,,,,,,,,,,1819353.0
product_hourly,,,,,,,,,,,,12.0,,,12.0,,11.0,0.0,1.0,0.0,8.0,,,,,,,,,,,,,,,,,,,,1819353.0
product_hourly,,,,,,,,,,,,13.0,,,13.0,,12.0,0.0,1.0,0.0,9.0,,,,,,,,,,,,,,,,,,,,1819353.0
product_hourly,,,,,,,,,,,,10.0,,,9.0,,10.0,0.0,0.0,0.0,10.0,,,,,,,,,,,,,,,,,,,,1819353.0
product_hourly,,,,,,,,,,,,7.0,,,7.0,,7.0,0.0,0.0,0.0,11.0,,,,,,,,,,,,,,,,,,,,1819353.0
product_hourly,,,,,,,,,,,,14.0,,,13.0,,12.0,1.0,1.0,0.0,12.0,,,,,,,,,,,,,,,,,,,,1819353.0
product_hourly,,,,,,,,,,,,13.0,,,13.0,,12.0,0.0,0.0,1.0,13.0,,,,,,,,,,,,,,,,,,,,1819353.0
product_hourly,,,,,,,,,,,,16.0,,,15.0,,14.0,0.0,2.0,0.0,14.0,,,,,,,,,,,,,,,,,,,,1819353.0
product_hourly,,,,,,,,,,,,15.0,,,15.0,,13.0,0.0,2.0,0.0,15.0,,,,,,,,,,,,,,,,,,,,1819353.0
product_hourly,,,,,,,,,,,,7.0,,,7.0,,6.0,0.0,1.0,0.0,16.0,,,,,,,,,,,,,,,,,,,,1819353.0
product_hourly,,,,,,,,,,,,1.0,,,1.0,,1.0,0.0,0.0,0.0,18.0,,,,,,,,,,,,,,,,,,,,1819353.0
product_hourly,,,,,,,,,,,,1.0,,,1.0,,1.0,0.0,0.0,0.0,19.0,,,,,,,,,,,,,,,,,,,,1819353.0
product_hourly,,,,,,,,,,,,1.0,,,1.0,,1.0,0.0,0.0,0.0,21.0,,,,,,,,,,,,,,,,,,,,1819353.0
product_hourly,,,,,,,,,,,,3.0,,,3.0,,3.0,0.0,0.0,0.0,22.0,,,,,,,,,,,,,,,,,,,,1819353.0
product_hourly,,,,,,,,,,,,7.0,,,7.0,,7.0,0.0,0.0,0.0,23.0,,,,,,,,,,,,,,,,,,,,1819353.0
product_hourly,,,,,,,,,,,,8.0,,,8.0,,8.0,0.0,0.0,0.0,0.0,,,,,,,,,,,,,,,,,,,,1864347.0
product_hourly,,,,,,,,,,,,9.0,,,8.0,,8.0,1.0,0.0,0.0,1.0,,,,,,,,,,,,,,,,,,,,1864347.0
product_hourly,,,,,,,,,,,,13.0,,,11.0,,11.0,1.0,1.0,0.0,2.0,,,,,,,,,,,,,,,,,,,,1864347.0
product_hourly,,,,,,,,,,,,8.0,,,7.0,,6.0,1.0,1.0,0.0,3.0,,,,,,,,,,,,,,,,,,,,1864347.0
product_hourly,,,,,,,,,,,,8.0,,,7.0,,8.0,0.0,0.0,0.0,4.0,,,,,,,,,,,,,,,,,,,,1864347.0
product_hourly,,,,,,,,,,,,21.0,,,20.0,,19.0,2.0,0.0,0.0,5.0,,,,,,,,,,,,,,,,,,,,1864347.0
product_hourly,,,,,,,,,,,,13.0,,,11.0,,13.0,0.0,0.0,0.0,6.0,,,,,,,,,,,,,,,,,,,,1864347.0
product_hourly,,,,,,,,,,,,10.0,,,9.0,,9.0,1.0,0.0,0.0,7.0,,,,,,,,,,,,,,,,,,,,1864347.0
product_hourly,,,,,,,,,,,,14.0,,,8.0,,13.0,1.0,0.0,0.0,8.0,,,,,,,,,,,,,,,,,,,,1864347.0
product_hourly,,,,,,,,,,,,7.0,,,7.0,,7.0,0.0,0.0,0.0,9.0,,,,,,,,,,,,,,,,,,,,1864347.0
product_hourly,,,,,,,,,,,,3.0,,,3.0,,3.0,0.0,0.0,0.0,10.0,,,,,,,,,,,,,,,,,,,,1864347.0
product_hourly,,,,,,,,,,,,13.0,,,9.0,,13.0,0.0,0.0,0.0,11.0,,,,,,,,,,,,,,,,,,,,1864347.0
product_hourly,,,,,,,,,,,,12.0,,,12.0,,11.0,1.0,0.0,0.0,12.0,,,,,,,,,,,,,,,,,,,,1864347.0
product_hourly,,,,,,,,,,,,13.0,,,12.0,,13.0,0.0,0.0,0.0,13.0,,,,,,,,,,,,,,,,,,,,1864347.0
product_hourly,,,,,,,,,,,,17.0,,,17.0,,16.0,1.0,0.0,0.0,14.0,,,,,,,,,,,,,,,,,,,,1864347.0
product_hourly,,,,,,,,,,,,12.0,,,12.0,,11.0,0.0,1.0,0.0,15.0,,,,,,,,,,,,,,,,,,,,1864347.0
product_hourly,,,,,,,,,,,,8.0,,,8.0,,8.0,0.0,0.0,0.0,16.0,,,,,,,,,,,,,,,,,,,,1864347.0
product_hourly,,,,,,,,,,,,3.0,,,2.0,,2.0,1.0,0.0,0.0,17.0,,,,,,,,,,,,,,,,,,,,1864347.0
product_hourly,,,,,,,,,,,,3.0,,,3.0,,3.0,0.0,0.0,0.0,18.0,,,,,,,,,,,,,,,,,,,,1864347.0
product_hourly,,,,,,,,,,,,1.0,,,1.0,,1.0,0.0,0.0,0.0,19.0,,,,,,,,,,,,,,,,,,,,1864347.0
product_hourly,,,,,,,,,,,,4.0,,,4.0,,4.0,0.0,0.0,0.0,23.0,,,,,,,,,,,,,,,,,,,,1864347.0
product_hourly,,,,,,,,,,,,12.0,,,11.0,,10.0,0.0,2.0,0.0,0.0,,,,,,,,,,,,,,,,,,,,1886236.0
product_hourly,,,,,,,,,,,,2.0,,,2.0,,2.0,0.0,0.0,0.0,1.0,,,,,,,,,,,,,,,,,,,,1886236.0
product_hourly,,,,,,,,,,,,11.0,,,10.0,,11.0,0.0,0.0,0.0,2.0,,,,,,,,,,,,,,,,,,,,1886236.0
product_hourly,,,,,,,,,,,,21.0,,,19.0,,20.0,0.0,1.0,0.0,3.0,,,,,,,,,,,,,,,,,,,,1886236.0
product_hourly,,,,,,,,,,,,8.0,,,8.0,,8.0,0.0,0.0,0.0,4.0,,,,,,,,,,,,,,,,,,,,1886236.0
product_hourly,,,,,,,,,,,,14.0,,,13.0,,14.0,0.0,0.0,0.0,5.0,,,,,,,,,,,,,,,,,,,,1886236.0
product_hourly,,,,,,,,,,,,6.0,,,6.0,,6.0,0.0,0.0,0.0,6.0,,,,,,,,,,,,,,,,,,,,1886236.0
product_hourly,,,,,,,,,,,,13.0,,,12.0,,11.0,0.0,2.0,0.0,7.0,,,,,,,,,,,,,,,,,,,,1886236.0
product_hourly,,,,,,,,,,,,7.0,,,7.0,,6.0,1.0,0.0,0.0,8.0,,,,,,,,,,,,,,,,,,,,1886236.0
product_hourly,,,,,,,,,,,,10.0,,,8.0,,9.0,0.0,1.0,0.0,9.0,,,,,,,,,,,,,,,,,,,,1886236.0
product_hourly,,,,,,,,,,,,8.0,,,7.0,,8.0,0.0,0.0,0.0,10.0,,,,,,,,,,,,,,,,,,,,1886236.0
product_hourly,,,,,,,,,,,,22.0,,,16.0,,21.0,0.0,1.0,0.0,11.0,,,,,,,,,,,,,,,,,,,,1886236.0
product_hourly,,,,,,,,,,,,20.0,,,18.0,,18.0,1.0,1.0,0.0,12.0,,,,,,,,,,,,,,,,,,,,1886236.0
product_hourly,,,,,,,,,,,,22.0,,,19.0,,17.0,1.0,4.0,0.0,13.0,,,,,,,,,,,,,,,,,,,,1886236.0
product_hourly,,,,,,,,,,,,12.0,,,12.0,,11.0,0.0,0.0,1.0,14.0,,,,,,,,,,,,,,,,,,,,1886236.0
product_hourly,,,,,,,,,,,,4.0,,,4.0,,4.0,0.0,0.0,0.0,15.0,,,,,,,,,,,,,,,,,,,,1886236.0
product_hourly,,,,,,,,,,,,5.0,,,5.0,,5.0,0.0,0.0,0.0,16.0,,,,,,,,,,,,,,,,,,,,1886236.0
product_hourly,,,,,,,,,,,,2.0,,,2.0,,2.0,0.0,0.0,0.0,17.0,,,,,,,,,,,,,,,,,,,,1886236.0
product_hourly,,,,,,,,,,,,1.0,,,1.0,,1.0,0.0,0.0,0.0,19.0,,,,,,,,,,,,,,,,,,,,1886236.0
product_hourly,,,,,,,,,,,,2.0,,,2.0,,2.0,0.0,0.0,0.0,20.0,,,,,,,,,,,,,,,,,,,,1886236.0
product_hourly,,,,,,,,,,,,3.0,,,3.0,,3.0,0.0,0.0,0.0,21.0,,,,,,,,,,,,,,,,,,,,1886236.0
product_hourly,,,,,,,,,,,,3.0,,,3.0,,3.0,0.0,0.0,0.0,22.0,,,,,,,,,,,,,,,,,,,,1886236.0
product_hourly,,,,,,,,,,,,5.0,,,5.0,,5.0,0.0,0.0,0.0,23.0,,,,,,,,,,,,,,,,,,,,1886236.0
product_hourly,,,,,,,,,,,,12.0,,,12.0,,11.0,1.0,0.0,0.0,0.0,,,,,,,,,,,,,,,,,,,,1951985.0
product_hourly,,,,,,,,,,,,7.0,,,7.0,,6.0,0.0,1.0,0.0,1.0,,,,,,,,,,,,,,,,,,,,1951985.0
product_hourly,,,,,,,,,,,,16.0,,,15.0,,15.0,1.0,0.0,0.0,2.0,,,,,,,,,,,,,,,,,,,,1951985.0
product_hourly,,,,,,,,,,,,10.0,,,10.0,,9.0,0.0,1.0,0.0,3.0,,,,,,,,,,,,,,,,,,,,1951985.0
product_hourly,,,,,,,,,,,,11.0,,,11.0,,10.0,0.0,1.0,0.0,4.0,,,,,,,,,,,,,,,,,,,,1951985.0
product_hourly,,,,,,,,,,,,12.0,,,12.0,,11.0,0.0,1.0,0.0,5.0,,,,,,,,,,,,,,,,,,,,1951985.0
product_hourly,,,,,,,,,,,,14.0,,,14.0,,14.0,0.0,0.0,0.0,6.0,,,,,,,,,,,,,,,,,,,,1951985.0
product_hourly,,,,,,,,,,,,16.0,,,16.0,,16.0,0.0,0.0,0.0,7.0,,,,,,,,,,,,,,,,,,,,1951985.0
product_hourly,,,,,,,,,,,,17.0,,,17.0,,17.0,0.0,0.0,0.0,8.0,,,,,,,,,,,,,,,,,,,,1951985.0
product_hourly,,,,,,,,,,,,10.0,,,10.0,,10.0,0.0,0.0,0.0,9.0,,,,,,,,,,,,,,,,,,,,1951985.0
product_hourly,,,,,,,,,,,,9.0,,,9.0,,8.0,0.0,1.0,0.0,10.0,,,,,,,,,,,,,,,,,,,,1951985.0
product_hourly,,,,,,,,,,,,16.0,,,15.0,,13.0,1.0,2.0,0.0,11.0,,,,,,,,,,,,,,,,,,,,1951985.0
product_hourly,,,,,,,,,,,,14.0,,,12.0,,12.0,1.0,1.0,0.0,12.0,,,,,,,,,,,,,,,,,,,,1951985.0
product_hourly,,,,,,,,,,,,15.0,,,15.0,,14.0,1.0,0.0,0.0,13.0,,,,,,,,,,,,,,,,,,,,1951985.0
product_hourly,,,,,,,,,,,,13.0,,,13.0,,13.0,0.0,0.0,0.0,14.0,,,,,,,,,,,,,,,,,,,,1951985.0
product_hourly,,,,,,,,,,,,18.0,,,15.0,,16.0,1.0,1.0,0.0,15.0,,,,,,,,,,,,,,,,,,,,1951985.0
product_hourly,,,,,,,,,,,,9.0,,,9.0,,9.0,0.0,0.0,0.0,16.0,,,,,,,,,,,,,,,,,,,,1951985.0
product_hourly,,,,,,,,,,,,3.0,,,3.0,,3.0,0.0,0.0,0.0,17.0,,,,,,,,,,,,,,,,,,,,1951985.0
product_hourly,,,,,,,,,,,,4.0,,,4.0,,3.0,0.0,1.0,0.0,18.0,,,,,,,,,,,,,,,,,,,,1951985.0
product_hourly,,,,,,,,,,,,2.0,,,2.0,,2.0,0.0,0.0,0.0,19.0,,,,,,,,,,,,,,,,,,,,1951985.0
product_hourly,,,,,,,,,,,,1.0,,,1.0,,1.0,0.0,0.0,0.0,20.0,,,,,,,,,,,,,,,,,,,,1951985.0
product_hourly,,,,,,,,,,,,3.0,,,3.0,,3.0,0.0,0.0,0.0,21.0,,,,,,,,,,,,,,,,,,,,1951985.0
product_hourly,,,,,,,,,,,,6.0,,,6.0,,5.0,1.0,0.0,0.0,22.0,,,,,,,,,,,,,,,,,,,,1951985.0
product_hourly,,,,,,,,,,,,8.0,,,8.0,,8.0,0.0,0.0,0.0,23.0,,,,,,,,,,,,,,,,,,,,1951985.0
product_hourly,,,,,,,,,,,,10.0,,,9.0,,10.0,0.0,0.0,0.0,0.0,,,,,,,,,,,,,,,,,,,,1962765.0
product_hourly,,,,,,,,,,,,2.0,,,2.0,,1.0,1.0,0.0,0.0,1.0,,,,,,,,,,,,,,,,,,,,1962765.0
product_hourly,,,,,,,,,,,,10.0,,,6.0,,10.0,0.0,0.0,0.0,2.0,,,,,,,,,,,,,,,,,,,,1962765.0
product_hourly,,,,,,,,,,,,7.0,,,6.0,,5.0,0.0,2.0,0.0,3.0,,,,,,,,,,,,,,,,,,,,1962765.0
product_hourly,,,,,,,,,,,,12.0,,,11.0,,12.0,0.0,0.0,0.0,4.0,,,,,,,,,,,,,,,,,,,,1962765.0
product_hourly,,,,,,,,,,,,8.0,,,8.0,,8.0,0.0,0.0,0.0,5.0,,,,,,,,,,,,,,,,,,,,1962765.0
product_hourly,,,,,,,,,,,,14.0,,,14.0,,13.0,1.0,0.0,0.0,6.0,,,,,,,,,,,,,,,,,,,,1962765.0
product_hourly,,,,,,,,,,,,9.0,,,9.0,,9.0,0.0,0.0,0.0,7.0,,,,,,,,,,,,,,,,,,,,1962765.0
product_hourly,,,,,,,,,,,,10.0,,,9.0,,10.0,0.0,0.0,0.0,8.0,,,,,,,,,,,,,,,,,,,,1962765.0
product_hourly,,,,,,,,,,,,12.0,,,9.0,,12.0,0.0,0.0,0.0,9.0,,,,,,,,,,,,,,,,,,,,1962765.0
product_hourly,,,,,,,,,,,,12.0,,,11.0,,10.0,1.0,1.0,0.0,10.0,,,,,,,,,,,,,,,,,,,,1962765.0
product_hourly,,,,,,,,,,,,16.0,,,10.0,,15.0,0.0,0.0,1.0,11.0,,,,,,,,,,,,,,,,,,,,1962765.0
product_hourly,,,,,,,,,,,,19.0,,,14.0,,18.0,0.0,1.0,0.0,12.0,,,,,,,,,,,,,,,,,,,,1962765.0
product_hourly,,,,,,,,,,,,18.0,,,13.0,,17.0,0.0,0.0,1.0,13.0,,,,,,,,,,,,,,,,,,,,1962765.0
product_hourly,,,,,,,,,,,,10.0,,,9.0,,9.0,0.0,0.0,1.0,14.0,,,,,,,,,,,,,,,,,,,,1962765.0
product_hourly,,,,,,,,,,,,8.0,,,7.0,,7.0,0.0,1.0,0.0,15.0,,,,,,,,,,,,,,,,,,,,1962765.0
product_hourly,,,,,,,,,,,,6.0,,,4.0,,5.0,0.0,0.0,1.0,16.0,,,,,,,,,,,,,,,,,,,,1962765.0
product_hourly,,,,,,,,,,,,1.0,,,1.0,,1.0,0.0,0.0,0.0,17.0,,,,,,,,,,,,,,,,,,,,1962765.0
product_hourly,,,,,,,,,,,,1.0,,,1.0,,1.0,0.0,0.0,0.0,18.0,,,,,,,,,,,,,,,,,,,,1962765.0
product_hourly,,,,,,,,,,,,1.0,,,1.0,,1.0,0.0,0.0,0.0,19.0,,,,,,,,,,,,,,,,,,,,1962765.0
product_hourly,,,,,,,,,,,,3.0,,,2.0,,1.0,1.0,1.0,0.0,21.0,,,,,,,,,,,,,,,,,,,,1962765.0
product_hourly,,,,,,,,,,,,6.0,,,5.0,,5.0,0.0,1.0,0.0,22.0,,,,,,,,,,,,,,,,,,,,1962765.0
product_hourly,,,,,,,,,,,,11.0,,,10.0,,11.0,0.0,0.0,0.0,23.0,,,,,,,,,,,,,,,,,,,,1962765.0
product_hourly,,,,,,,,,,,,6.0,,,6.0,,5.0,0.0,1.0,0.0,0.0,,,,,,,,,,,,,,,,,,,,1989476.0
product_hourly,,,,,,,,,,,,7.0,,,7.0,,7.0,0.0,0.0,0.0,1.0,,,,,,,,,,,,,,,,,,,,1989476.0
product_hourly,,,,,,,,,,,,8.0,,,7.0,,8.0,0.0,0.0,0.0,2.0,,,,,,,,,,,,,,,,,,,,1989476.0
product_hourly,,,,,,,,,,,,4.0,,,4.0,,4.0,0.0,0.0,0.0,3.0,,,,,,,,,,,,,,,,,,,,1989476.0
product_hourly,,,,,,,,,,,,6.0,,,5.0,,5.0,0.0,1.0,0.0,4.0,,,,,,,,,,,,,,,,,,,,1989476.0
product_hourly,,,,,,,,,,,,17.0,,,10.0,,15.0,0.0,2.0,0.0,5.0,,,,,,,,,,,,,,,,,,,,1989476.0
product_hourly,,,,,,,,,,,,10.0,,,9.0,,10.0,0.0,0.0,0.0,6.0,,,,,,,,,,,,,,,,,,,,1989476.0
product_hourly,,,,,,,,,,,,8.0,,,6.0,,7.0,0.0,1.0,0.0,7.0,,,,,,,,,,,,,,,,,,,,1989476.0
product_hourly,,,,,,,,,,,,15.0,,,13.0,,14.0,0.0,1.0,0.0,8.0,,,,,,,,,,,,,,,,,,,,1989476.0
product_hourly,,,,,,,,,,,,2.0,,,1.0,,2.0,0.0,0.0,0.0,9.0,,,,,,,,,,,,,,,,,,,,1989476.0
product_hourly,,,,,,,,,,,,11.0,,,10.0,,10.0,0.0,1.0,0.0,10.0,,,,,,,,,,,,,,,,,,,,1989476.0
product_hourly,,,,,,,,,,,,17.0,,,13.0,,15.0,2.0,0.0,0.0,11.0,,,,,,,,,,,,,,,,,,,,1989476.0
product_hourly,,,,,,,,,,,,19.0,,,16.0,,18.0,0.0,0.0,1.0,12.0,,,,,,,,,,,,,,,,,,,,1989476.0
product_hourly,,,,,,,,,,,,15.0,,,14.0,,15.0,0.0,0.0,0.0,13.0,,,,,,,,,,,,,,,,,,,,1989476.0
product_hourly,,,,,,,,,,,,18.0,,,13.0,,17.0,0.0,1.0,0.0,14.0,,,,,,,,,,,,,,,,,,,,1989476.0
product_hourly,,,,,,,,,,,,9.0,,,8.0,,9.0,0.0,0.0,0.0,15.0,,,,,,,,,,,,,,,,,,,,1989476.0
product_hourly,,,,,,,,,,,,3.0,,,3.0,,3.0,0.0,0.0,0.0,16.0,,,,,,,,,,,,,,,,,,,,1989476.0
product_hourly,,,,,,,,,,,,2.0,,,2.0,,2.0,0.0,0.0,0.0,20.0,,,,,,,,,,,,,,,,,,,,1989476.0
product_hourly,,,,,,,,,,,,2.0,,,2.0,,1.0,1.0,0.0,0.0,21.0,,,,,,,,,,,,,,,,,,,,1989476.0
product_hourly,,,,,,,,,,,,1.0,,,1.0,,1.0,0.0,0.0,0.0,22.0,,,,,,,,,,,,,,,,,,,,1989476.0
product_hourly,,,,,,,,,,,,7.0,,,7.0,,5.0,0.0,2.0,0.0,23.0,,,,,,,,,,,,,,,,,,,,1989476.0
product_hourly,,,,,,,,,,,,20.0,,,19.0,,18.0,1.0,1.0,0.0,0.0,,,,,,,,,,,,,,,,,,,,2032668.0
product_hourly,,,,,,,,,,,,25.0,,,24.0,,25.0,0.0,0.0,0.0,1.0,,,,,,,,,,,,,,,,,,,,2032668.0
product_hourly,,,,,,,,,,,,35.0,,,31.0,,31.0,2.0,2.0,0.0,2.0,,,,,,,,,,,,,,,,,,,,2032668.0
product_hourly,,,,,,,,,,,,33.0,,,31.0,,32.0,1.0,0.0,0.0,3.0,,,,,,,,,,,,,,,,,,,,2032668.0
product_hourly,,,,,,,,,,,,33.0,,,24.0,,30.0,0.0,2.0,1.0,4.0,,,,,,,,,,,,,,,,,,,,2032668.0
product_hourly,,,,,,,,,,,,30.0,,,29.0,,27.0,0.0,2.0,1.0,5.0,,,,,,,,,,,,,,,,,,,,2032668.0
product_hourly,,,,,,,,,,,,26.0,,,24.0,,25.0,0.0,0.0,1.0,6.0,,,,,,,,,,,,,,,,,,,,2032668.0
product_hourly,,,,,,,,,,,,32.0,,,23.0,,28.0,0.0,4.0,0.0,7.0,,,,,,,,,,,,,,,,,,,,2032668.0
product_hourly,,,,,,,,,,,,32.0,,,29.0,,30.0,0.0,2.0,0.0,8.0,,,,,,,,,,,,,,,,,,,,2032668.0
product_hourly,,,,,,,,,,,,22.0,,,18.0,,20.0,2.0,0.0,0.0,9.0,,,,,,,,,,,,,,,,,,,,2032668.0
product_hourly,,,,,,,,,,,,18.0,,,17.0,,18.0,0.0,0.0,0.0,10.0,,,,,,,,,,,,,,,,,,,,2032668.0
product_hourly,,,,,,,,,,,,22.0,,,18.0,,20.0,2.0,0.0,0.0,11.0,,,,,,,,,,,,,,,,,,,,2032668.0
product_hourly,,,,,,,,,,,,38.0,,,33.0,,36.0,2.0,0.0,0.0,12.0,,,,,,,,,,,,,,,,,,,,2032668.0
product_hourly,,,,,,,,,,,,36.0,,,30.0,,32.0,1.0,3.0,0.0,13.0,,,,,,,,,,,,,,,,,,,,2032668.0
product_hourly,,,,,,,,,,,,32.0,,,31.0,,31.0,0.0,1.0,0.0,14.0,,,,,,,,,,,,,,,,,,,,2032668.0
product_hourly,,,,,,,,,,,,19.0,,,19.0,,18.0,0.0,1.0,0.0,15.0,,,,,,,,,,,,,,,,,,,,2032668.0
product_hourly,,,,,,,,,,,,21.0,,,20.0,,21.0,0.0,0.0,0.0,16.0,,,,,,,,,,,,,,,,,,,,2032668.0
product_hourly,,,,,,,,,,,,6.0,,,6.0,,6.0,0.0,0.0,0.0,17.0,,,,,,,,,,,,,,,,,,,,2032668.0
product_hourly,,,,,,,,,,,,5.0,,,5.0,,4.0,1.0,0.0,0.0,18.0,,,,,,,,,,,,,,,,,,,,2032668.0
product_hourly,,,,,,,,,,,,2.0,,,2.0,,2.0,0.0,0.0,0.0,19.0,,,,,,,,,,,,,,,,,,,,2032668.0
product_hourly,,,,,,,,,,,,2.0,,,2.0,,2.0,0.0,0.0,0.0,21.0,,,,,,,,,,,,,,,,,,,,2032668.0
product_hourly,,,,,,,,,,,,5.0,,,5.0,,4.0,1.0,0.0,0.0,22.0,,,,,,,,,,,,,,,,,,,,2032668.0
product_hourly,,,,,,,,,,,,10.0,,,9.0,,9.0,0.0,0.0,1.0,23.0,,,,,,,,,,,,,,,,,,,,2032668.0
product_hourly,,,,,,,,,,,,7.0,,,6.0,,6.0,1.0,0.0,0.0,0.0,,,,,,,,,,,,,,,,,,,,2099112.0
product_hourly,,,,,,,,,,,,12.0,,,9.0,,12.0,0.0,0.0,0.0,1.0,,,,,,,,,,,,,,,,,,,,2099112.0
product_hourly,,,,,,,,,,,,9.0,,,7.0,,8.0,0.0,1.0,0.0,2.0,,,,,,,,,,,,,,,,,,,,2099112.0
product_hourly,,,,,,,,,,,,14.0,,,11.0,,13.0,0.0,1.0,0.0,3.0,,,,,,,,,,,,,,,,,,,,2099112.0
product_hourly,,,,,,,,,,,,7.0,,,7.0,,6.0,0.0,1.0,0.0,4.0,,,,,,,,,,,,,,,,,,,,2099112.0
product_hourly,,,,,,,,,,,,14.0,,,12.0,,14.0,0.0,0.0,0.0,5.0,,,,,,,,,,,,,,,,,,,,2099112.0
product_hourly,,,,,,,,,,,,10.0,,,10.0,,10.0,0.0,0.0,0.0,6.0,,,,,,,,,,,,,,,,,,,,2099112.0
product_hourly,,,,,,,,,,,,12.0,,,12.0,,11.0,0.0,1.0,0.0,7.0,,,,,,,,,,,,,,,,,,,,2099112.0
product_hourly,,,,,,,,,,,,11.0,,,10.0,,10.0,0.0,1.0,0.0,8.0,,,,,,,,,,,,,,,,,,,,2099112.0
product_hourly,,,,,,,,,,,,9.0,,,9.0,,8.0,0.0,1.0,0.0,9.0,,,,,,,,,,,,,,,,,,,,2099112.0
product_hourly,,,,,,,,,,,,10.0,,,8.0,,9.0,0.0,1.0,0.0,10.0,,,,,,,,,,,,,,,,,,,,2099112.0
product_hourly,,,,,,,,,,,,12.0,,,12.0,,9.0,1.0,2.0,0.0,11.0,,,,,,,,,,,,,,,,,,,,2099112.0
product_hourly,,,,,,,,,,,,17.0,,,13.0,,15.0,0.0,2.0,0.0,12.0,,,,,,,,,,,,,,,,,,,,2099112.0
product_hourly,,,,,,,,,,,,18.0,,,16.0,,17.0,1.0,0.0,0.0,13.0,,,,,,,,,,,,,,,,,,,,2099112.0
product_hourly,,,,,,,,,,,,19.0,,,17.0,,17.0,0.0,2.0,0.0,14.0,,,,,,,,,,,,,,,,,,,,2099112.0
product_hourly,,,,,,,,,,,,11.0,,,10.0,,10.0,0.0,1.0,0.0,15.0,,,,,,,,,,,,,,,,,,,,2099112.0
product_hourly,,,,,,,,,,,,4.0,,,3.0,,4.0,0.0,0.0,0.0,16.0,,,,,,,,,,,,,,,,,,,,2099112.0
product_hourly,,,,,,,,,,,,2.0,,,2.0,,2.0,0.0,0.0,0.0,17.0,,,,,,,,,,,,,,,,,,,,2099112.0
product_hourly,,,,,,,,,,,,2.0,,,1.0,,2.0,0.0,0.0,0.0,18.0,,,,,,,,,,,,,,,,,,,,2099112.0
product_hourly,,,,,,,,,,,,1.0,,,1.0,,1.0,0.0,0.0,0.0,19.0,,,,,,,,,,,,,,,,,,,,2099112.0
product_hourly,,,,,,,,,,,,1.0,,,1.0,,1.0,0.0,0.0,0.0,22.0,,,,,,,,,,,,,,,,,,,,2099112.0
product_hourly,,,,,,,,,,,,1.0,,,1.0,,1.0,0.0,0.0,0.0,23.0,,,,,,,,,,,,,,,,,,,,2099112.0
product_hourly,,,,,,,,,,,,8.0,,,8.0,,8.0,0.0,0.0,0.0,0.0,,,,,,,,,,,,,,,,,,,,2161188.0
product_hourly,,,,,,,,,,,,7.0,,,7.0,,7.0,0.0,0.0,0.0,1.0,,,,,,,,,,,,,,,,,,,,2161188.0
product_hourly,,,,,,,,,,,,10.0,,,10.0,,9.0,1.0,0.0,0.0,2.0,,,,,,,,,,,,,,,,,,,,2161188.0
product_hourly,,,,,,,,,,,,7.0,,,7.0,,7.0,0.0,0.0,0.0,3.0,,,,,,,,,,,,,,,,,,,,2161188.0
product_hourly,,,,,,,,,,,,6.0,,,6.0,,5.0,0.0,1.0,0.0,4.0,,,,,,,,,,,,,,,,,,,,2161188.0
product_hourly,,,,,,,,,,,,14.0,,,13.0,,14.0,0.0,0.0,0.0,5.0,,,,,,,,,,,,,,,,,,,,2161188.0
product_hourly,,,,,,,,,,,,21.0,,,20.0,,21.0,0.0,0.0,0.0,6.0,,,,,,,,,,,,,,,,,,,,2161188.0
product_hourly,,,,,,,,,,,,7.0,,,7.0,,6.0,0.0,1.0,0.0,7.0,,,,,,,,,,,,,,,,,,,,2161188.0
product_hourly,,,,,,,,,,,,6.0,,,6.0,,6.0,0.0,0.0,0.0,8.0,,,,,,,,,,,,,,,,,,,,2161188.0
product_hourly,,,,,,,,,,,,6.0,,,6.0,,6.0,0.0,0.0,0.0,9.0,,,,,,,,,,,,,,,,,,,,2161188.0
product_hourly,,,,,,,,,,,,8.0,,,8.0,,8.0,0.0,0.0,0.0,10.0,,,,,,,,,,,,,,,,,,,,2161188.0
product_hourly,,,,,,,,,,,,5.0,,,5.0,,5.0,0.0,0.0,0.0,11.0,,,,,,,,,,,,,,,,,,,,2161188.0
product_hourly,,,,,,,,,,,,14.0,,,12.0,,14.0,0.0,0.0,0.0,12.0,,,,,,,,,,,,,,,,,,,,2161188.0
product_hourly,,,,,,,,,,,,25.0,,,25.0,,22.0,2.0,1.0,0.0,13.0,,,,,,,,,,,,,,,,,,,,2161188.0
product_hourly,,,,,,,,,,,,15.0,,,14.0,,13.0,1.0,1.0,0.0,14.0,,,,,,,,,,,,,,,,,,,,2161188.0
product_hourly,,,,,,,,,,,,14.0,,,14.0,,12.0,2.0,0.0,0.0,15.0,,,,,,,,,,,,,,,,,,,,2161188.0
product_hourly,,,,,,,,,,,,6.0,,,6.0,,6.0,0.0,0.0,0.0,16.0,,,,,,,,,,,,,,,,,,,,2161188.0
product_hourly,,,,,,,,,,,,4.0,,,4.0,,4.0,0.0,0.0,0.0,17.0,,,,,,,,,,,,,,,,,,,,2161188.0
product_hourly,,,,,,,,,,,,3.0,,,3.0,,3.0,0.0,0.0,0.0,18.0,,,,,,,,,,,,,,,,,,,,2161188.0
product_hourly,,,,,,,,,,,,1.0,,,1.0,,1.0,0.0,0.0,0.0,19.0,,,,,,,,,,,,,,,,,,,,2161188.0
product_hourly,,,,,,,,,,,,4.0,,,4.0,,3.0,0.0,1.0,0.0,20.0,,,,,,,,,,,,,,,,,,,,2161188.0
product_hourly,,,,,,,,,,,,1.0,,,1.0,,1.0,0.0,0.0,0.0,21.0,,,,,,,,,,,,,,,,,,,,2161188.0
product_hourly,,,,,,,,,,,,2.0,,,2.0,,2.0,0.0,0.0,0.0,22.0,,,,,,,,,,,,,,,,,,,,2161188.0
product_hourly,,,,,,,,,,,,5.0,,,5.0,,5.0,0.0,0.0,0.0,23.0,,,,,,,,,,,,,,,,,,,,2161188.0
product_hourly,,,,,,,,,,,,12.0,,,11.0,,12.0,0.0,0.0,0.0,0.0,,,,,,,,,,,,,,,,,,,,2167765.0
product_hourly,,,,,,,,,,,,15.0,,,12.0,,14.0,0.0,1.0,0.0,1.0,,,,,,,,,,,,,,,,,,,,2167765.0
product_hourly,,,,,,,,,,,,14.0,,,9.0,,14.0,0.0,0.0,0.0,2.0,,,,,,,,,,,,,,,,,,,,2167765.0
product_hourly,,,,,,,,,,,,11.0,,,9.0,,10.0,1.0,0.0,0.0,3.0,,,,,,,,,,,,,,,,,,,,2167765.0
product_hourly,,,,,,,,,,,,14.0,,,12.0,,14.0,0.0,0.0,0.0,4.0,,,,,,,,,,,,,,,,,,,,2167765.0
product_hourly,,,,,,,,,,,,13.0,,,12.0,,13.0,0.0,0.0,0.0,5.0,,,,,,,,,,,,,,,,,,,,2167765.0
product_hourly,,,,,,,,,,,,16.0,,,14.0,,14.0,1.0,0.0,1.0,6.0,,,,,,,,,,,,,,,,,,,,2167765.0
product_hourly,,,,,,,,,,,,14.0,,,9.0,,13.0,1.0,0.0,0.0,7.0,,,,,,,,,,,,,,,,,,,,2167765.0
product_hourly,,,,,,,,,,,,8.0,,,7.0,,7.0,0.0,0.0,1.0,8.0,,,,,,,,,,,,,,,,,,,,2167765.0
product_hourly,,,,,,,,,,,,15.0,,,14.0,,12.0,2.0,1.0,0.0,9.0,,,,,,,,,,,,,,,,,,,,2167765.0
product_hourly,,,,,,,,,,,,22.0,,,18.0,,18.0,1.0,0.0,3.0,10.0,,,,,,,,,,,,,,,,,,,,2167765.0
product_hourly,,,,,,,,,,,,12.0,,,10.0,,11.0,0.0,1.0,0.0,11.0,,,,,,,,,,,,,,,,,,,,2167765.0
product_hourly,,,,,,,,,,,,13.0,,,12.0,,12.0,0.0,0.0,1.0,12.0,,,,,,,,,,,,,,,,,,,,2167765.0
product_hourly,,,,,,,,,,,,19.0,,,17.0,,17.0,0.0,1.0,1.0,13.0,,,,,,,,,,,,,,,,,,,,2167765.0
product_hourly,,,,,,,,,,,,23.0,,,20.0,,22.0,0.0,1.0,0.0,14.0,,,,,,,,,,,,,,,,,,,,2167765.0
product_hourly,,,,,,,,,,,,15.0,,,14.0,,15.0,0.0,0.0,0.0,15.0,,,,,,,,,,,,,,,,,,,,2167765.0
product_hourly,,,,,,,,,,,,9.0,,,9.0,,8.0,1.0,0.0,0.0,16.0,,,,,,,,,,,,,,,,,,,,2167765.0
product_hourly,,,,,,,,,,,,6.0,,,6.0,,5.0,0.0,1.0,0.0,17.0,,,,,,,,,,,,,,,,,,,,2167765.0
product_hourly,,,,,,,,,,,,3.0,,,3.0,,3.0,0.0,0.0,0.0,18.0,,,,,,,,,,,,,,,,,,,,2167765.0
product_hourly,,,,,,,,,,,,2.0,,,2.0,,2.0,0.0,0.0,0.0,19.0,,,,,,,,,,,,,,,,,,,,2167765.0
product_hourly,,,,,,,,,,,,1.0,,,1.0,,1.0,0.0,0.0,0.0,20.0,,,,,,,,,,,,,,,,,,,,2167765.0
product_hourly,,,,,,,,,,,,3.0,,,2.0,,3.0,0.0,0.0,0.0,22.0,,,,,,,,,,,,,,,,,,,,2167765.0
product_hourly,,,,,,,,,,,,9.0,,,8.0,,9.0,0.0,0.0,0.0,23.0,,,,,,,,,,,,,,,,,,,,2167765.0
product_hourly,,,,,,,,,,,,19.0,,,11.0,,17.0,0.0,1.0,1.0,0.0,,,,,,,,,,,,,,,,,,,,2236861.0
product_hourly,,,,,,,,,,,,10.0,,,9.0,,10.0,0.0,0.0,0.0,1.0,,,,,,,,,,,,,,,,,,,,2236861.0
product_hourly,,,,,,,,,,,,15.0,,,11.0,,14.0,1.0,0.0,0.0,2.0,,,,,,,,,,,,,,,,,,,,2236861.0
product_hourly,,,,,,,,,,,,11.0,,,9.0,,10.0,0.0,1.0,0.0,3.0,,,,,,,,,,,,,,,,,,,,2236861.0
product_hourly,,,,,,,,,,,,4.0,,,4.0,,4.0,0.0,0.0,0.0,4.0,,,,,,,,,,,,,,,,,,,,2236861.0
product_hourly,,,,,,,,,,,,16.0,,,13.0,,15.0,0.0,1.0,0.0,5.0,,,,,,,,,,,,,,,,,,,,2236861.0
product_hourly,,,,,,,,,,,,11.0,,,8.0,,11.0,0.0,0.0,0.0,6.0,,,,,,,,,,,,,,,,,,,,2236861.0
product_hourly,,,,,,,,,,,,17.0,,,13.0,,17.0,0.0,0.0,0.0,7.0,,,,,,,,,,,,,,,,,,,,2236861.0
product_hourly,,,,,,,,,,,,11.0,,,7.0,,11.0,0.0,0.0,0.0,8.0,,,,,,,,,,,,,,,,,,,,2236861.0
product_hourly,,,,,,,,,,,,9.0,,,7.0,,9.0,0.0,0.0,0.0,9.0,,,,,,,,,,,,,,,,,,,,2236861.0
product_hourly,,,,,,,,,,,,10.0,,,6.0,,10.0,0.0,0.0,0.0,10.0,,,,,,,,,,,,,,,,,,,,2236861.0
product_hourly,,,,,,,,,,,,9.0,,,9.0,,9.0,0.0,0.0,0.0,11.0,,,,,,,,,,,,,,,,,,,,2236861.0
product_hourly,,,,,,,,,,,,19.0,,,17.0,,16.0,1.0,1.0,1.0,12.0,,,,,,,,,,,,,,,,,,,,2236861.0
product_hourly,,,,,,,,,,,,20.0,,,12.0,,18.0,0.0,1.0,1.0,13.0,,,,,,,,,,,,,,,,,,,,2236861.0
product_hourly,,,,,,,,,,,,14.0,,,12.0,,14.0,0.0,0.0,0.0,14.0,,,,,,,,,,,,,,,,,,,,2236861.0
product_hourly,,,,,,,,,,,,14.0,,,14.0,,14.0,0.0,0.0,0.0,15.0,,,,,,,,,,,,,,,,,,,,2236861.0
product_hourly,,,,,,,,,,,,4.0,,,3.0,,4.0,0.0,0.0,0.0,16.0,,,,,,,,,,,,,,,,,,,,2236861.0
product_hourly,,,,,,,,,,,,3.0,,,3.0,,3.0,0.0,0.0,0.0,17.0,,,,,,,,,,,,,,,,,,,,2236861.0
product_hourly,,,,,,,,,,,,1.0,,,1.0,,1.0,0.0,0.0,0.0,18.0,,,,,,,,,,,,,,,,,,,,2236861.0
product_hourly,,,,,,,,,,,,1.0,,,1.0,,1.0,0.0,0.0,0.0,19.0,,,,,,,,,,,,,,,,,,,,2236861.0
product_hourly,,,,,,,,,,,,2.0,,,1.0,,1.0,0.0,1.0,0.0,21.0,,,,,,,,,,,,,,,,,,,,2236861.0
product_hourly,,,,,,,,,,,,3.0,,,2.0,,3.0,0.0,0.0,0.0,22.0,,,,,,,,,,,,,,,,,,,,2236861.0
product_hourly,,,,,,,,,,,,2.0,,,1.0,,2.0,0.0,0.0,0.0,23.0,,,,,,,,,,,,,,,,,,,,2236861.0
product_hourly,,,,,,,,,,,,7.0,,,7.0,,6.0,1.0,0.0,0.0,0.0,,,,,,,,,,,,,,,,,,,,2279428.0
product_hourly,,,,,,,,,,,,14.0,,,14.0,,10.0,2.0,2.0,0.0,1.0,,,,,,,,,,,,,,,,,,,,2279428.0
product_hourly,,,,,,,,,,,,15.0,,,13.0,,9.0,3.0,3.0,0.0,2.0,,,,,,,,,,,,,,,,,,,,2279428.0
product_hourly,,,,,,,,,,,,17.0,,,17.0,,16.0,0.0,1.0,0.0,3.0,,,,,,,,,,,,,,,,,,,,2279428.0
product_hourly,,,,,,,,,,,,24.0,,,23.0,,22.0,1.0,1.0,0.0,4.0,,,,,,,,,,,,,,,,,,,,2279428.0
product_hourly,,,,,,,,,,,,29.0,,,27.0,,23.0,3.0,3.0,0.0,5.0,,,,,,,,,,,,,,,,,,,,2279428.0
product_hourly,,,,,,,,,,,,25.0,,,23.0,,23.0,1.0,1.0,0.0,6.0,,,,,,,,,,,,,,,,,,,,2279428.0
product_hourly,,,,,,,,,,,,19.0,,,19.0,,17.0,1.0,1.0,0.0,7.0,,,,,,,,,,,,,,,,,,,,2279428.0
product_hourly,,,,,,,,,,,,17.0,,,17.0,,14.0,2.0,1.0,0.0,8.0,,,,,,,,,,,,,,,,,,,,2279428.0
product_hourly,,,,,,,,,,,,11.0,,,11.0,,10.0,1.0,0.0,0.0,9.0,,,,,,,,,,,,,,,,,,,,2279428.0
product_hourly,,,,,,,,,,,,28.0,,,27.0,,27.0,0.0,1.0,0.0,10.0,,,,,,,,,,,,,,,,,,,,2279428.0
product_hourly,,,,,,,,,,,,27.0,,,25.0,,21.0,2.0,4.0,0.0,11.0,,,,,,,,,,,,,,,,,,,,2279428.0
product_hourly,,,,,,,,,,,,22.0,,,22.0,,16.0,4.0,2.0,0.0,12.0,,,,,,,,,,,,,,,,,,,,2279428.0
product_hourly,,,,,,,,,,,,26.0,,,26.0,,22.0,1.0,3.0,0.0,13.0,,,,,,,,,,,,,,,,,,,,2279428.0
product_hourly,,,,,,,,,,,,35.0,,,34.0,,31.0,2.0,2.0,0.0,14.0,,,,,,,,,,,,,,,,,,,,2279428.0
product_hourly,,,,,,,,,,,,12.0,,,12.0,,12.0,0.0,0.0,0.0,15.0,,,,,,,,,,,,,,,,,,,,2279428.0
product_hourly,,,,,,,,,,,,10.0,,,10.0,,9.0,0.0,1.0,0.0,16.0,,,,,,,,,,,,,,,,,,,,2279428.0
product_hourly,,,,,,,,,,,,5.0,,,5.0,,4.0,0.0,1.0,0.0,17.0,,,,,,,,,,,,,,,,,,,,2279428.0
product_hourly,,,,,,,,,,,,1.0,,,1.0,,1.0,0.0,0.0,0.0,18.0,,,,,,,,,,,,,,,,,,,,2279428.0
product_hourly,,,,,,,,,,,,1.0,,,1.0,,1.0,0.0,0.0,0.0,19.0,,,,,,,,,,,,,,,,,,,,2279428.0
product_hourly,,,,,,,,,,,,1.0,,,1.0,,1.0,0.0,0.0,0.0,20.0,,,,,,,,,,,,,,,,,,,,2279428.0
product_hourly,,,,,,,,,,,,2.0,,,2.0,,2.0,0.0,0.0,0.0,22.0,,,,,,,,,,,,,,,,,,,,2279428.0
product_hourly,,,,,,,,,,,,6.0,,,6.0,,6.0,0.0,0.0,0.0,23.0,,,,,,,,,,,,,,,,,,,,2279428.0
product_hourly,,,,,,,,,,,,7.0,,,6.0,,7.0,0.0,0.0,0.0,0.0,,,,,,,,,,,,,,,,,,,,2319849.0
product_hourly,,,,,,,,,,,,10.0,,,9.0,,9.0,1.0,0.0,0.0,1.0,,,,,,,,,,,,,,,,,,,,2319849.0
product_hourly,,,,,,,,,,,,8.0,,,8.0,,8.0,0.0,0.0,0.0,2.0,,,,,,,,,,,,,,,,,,,,2319849.0
product_hourly,,,,,,,,,,,,16.0,,,11.0,,16.0,0.0,0.0,0.0,3.0,,,,,,,,,,,,,,,,,,,,2319849.0
product_hourly,,,,,,,,,,,,15.0,,,11.0,,13.0,0.0,2.0,0.0,4.0,,,,,,,,,,,,,,,,,,,,2319849.0
product_hourly,,,,,,,,,,,,5.0,,,5.0,,4.0,0.0,1.0,0.0,5.0,,,,,,,,,,,,,,,,,,,,2319849.0
product_hourly,,,,,,,,,,,,9.0,,,7.0,,8.0,0.0,1.0,0.0,6.0,,,,,,,,,,,,,,,,,,,,2319849.0
product_hourly,,,,,,,,,,,,9.0,,,9.0,,9.0,0.0,0.0,0.0,7.0,,,,,,,,,,,,,,,,,,,,2319849.0
product_hourly,,,,,,,,,,,,10.0,,,8.0,,10.0,0.0,0.0,0.0,8.0,,,,,,,,,,,,,,,,,,,,2319849.0
product_hourly,,,,,,,,,,,,8.0,,,8.0,,7.0,1.0,0.0,0.0,9.0,,,,,,,,,,,,,,,,,,,,2319849.0
product_hourly,,,,,,,,,,,,2.0,,,2.0,,2.0,0.0,0.0,0.0,10.0,,,,,,,,,,,,,,,,,,,,2319849.0
product_hourly,,,,,,,,,,,,16.0,,,14.0,,13.0,1.0,1.0,1.0,11.0,,,,,,,,,,,,,,,,,,,,2319849.0
product_hourly,,,,,,,,,,,,8.0,,,8.0,,7.0,0.0,1.0,0.0,12.0,,,,,,,,,,,,,,,,,,,,2319849.0
product_hourly,,,,,,,,,,,,11.0,,,10.0,,11.0,0.0,0.0,0.0,13.0,,,,,,,,,,,,,,,,,,,,2319849.0
product_hourly,,,,,,,,,,,,20.0,,,19.0,,18.0,0.0,2.0,0.0,14.0,,,,,,,,,,,,,,,,,,,,2319849.0
product_hourly,,,,,,,,,,,,24.0,,,21.0,,23.0,0.0,1.0,0.0,15.0,,,,,,,,,,,,,,,,,,,,2319849.0
product_hourly,,,,,,,,,,,,7.0,,,7.0,,7.0,0.0,0.0,0.0,16.0,,,,,,,,,,,,,,,,,,,,2319849.0
product_hourly,,,,,,,,,,,,1.0,,,1.0,,1.0,0.0,0.0,0.0,22.0,,,,,,,,,,,,,,,,,,,,2319849.0
product_hourly,,,,,,,,,,,,2.0,,,2.0,,2.0,0.0,0.0,0.0,23.0,,,,,,,,,,,,,,,,,,,,2319849.0
product_hourly,,,,,,,,,,,,18.0,,,17.0,,15.0,0.0,2.0,1.0,0.0,,,,,,,,,,,,,,,,,,,,2331370.0
product_hourly,,,,,,,,,,,,18.0,,,17.0,,15.0,2.0,1.0,0.0,1.0,,,,,,,,,,,,,,,,,,,,2331370.0
product_hourly,,,,,,,,,,,,20.0,,,16.0,,19.0,1.0,0.0,0.0,2.0,,,,,,,,,,,,,,,,,,,,2331370.0
product_hourly,,,,,,,,,,,,24.0,,,22.0,,22.0,2.0,0.0,0.0,3.0,,,,,,,,,,,,,,,,,,,,2331370.0
product_hourly,,,,,,,,,,,,20.0,,,17.0,,17.0,0.0,3.0,0.0,4.0,,,,,,,,,,,,,,,,,,,,2331370.0
product_hourly,,,,,,,,,,,,28.0,,,26.0,,27.0,1.0,0.0,0.0,5.0,,,,,,,,,,,,,,,,,,,,2331370.0
product_hourly,,,,,,,,,,,,21.0,,,21.0,,20.0,1.0,0.0,0.0,6.0,,,,,,,,,,,,,,,,,,,,2331370.0
product_hourly,,,,,,,,,,,,31.0,,,29.0,,29.0,1.0,0.0,1.0,7.0,,,,,,,,,,,,,,,,,,,,2331370.0
product_hourly,,,,,,,,,,,,32.0,,,28.0,,30.0,0.0,1.0,1.0,8.0,,,,,,,,,,,,,,,,,,,,2331370.0
product_hourly,,,,,,,,,,,,26.0,,,25.0,,25.0,0.0,1.0,0.0,9.0,,,,,,,,,,,,,,,,,,,,2331370.0
product_hourly,,,,,,,,,,,,28.0,,,25.0,,25.0,1.0,2.0,0.0,10.0,,,,,,,,,,,,,,,,,,,,2331370.0
product_hourly,,,,,,,,,,,,28.0,,,28.0,,25.0,0.0,3.0,0.0,11.0,,,,,,,,,,,,,,,,,,,,2331370.0
product_hourly,,,,,,,,,,,,36.0,,,32.0,,33.0,0.0,3.0,0.0,12.0,,,,,,,,,,,,,,,,,,,,2331370.0
product_hourly,,,,,,,,,,,,47.0,,,42.0,,43.0,1.0,3.0,0.0,13.0,,,,,,,,,,,,,,,,,,,,2331370.0
product_hourly,,,,,,,,,,,,31.0,,,30.0,,29.0,1.0,1.0,0.0,14.0,,,,,,,,,,,,,,,,,,,,2331370.0
product_hourly,,,,,,,,,,,,31.0,,,30.0,,28.0,0.0,3.0,0.0,15.0,,,,,,,,,,,,,,,,,,,,2331370.0
product_hourly,,,,,,,,,,,,11.0,,,11.0,,8.0,2.0,1.0,0.0,16.0,,,,,,,,,,,,,,,,,,,,2331370.0
product_hourly,,,,,,,,,,,,2.0,,,2.0,,1.0,0.0,1.0,0.0,17.0,,,,,,,,,,,,,,,,,,,,2331370.0
product_hourly,,,,,,,,,,,,1.0,,,1.0,,1.0,0.0,0.0,0.0,18.0,,,,,,,,,,,,,,,,,,,,2331370.0
product_hourly,,,,,,,,,,,,1.0,,,1.0,,1.0,0.0,0.0,0.0,19.0,,,,,,,,,,,,,,,,,,,,2331370.0
product_hourly,,,,,,,,,,,,5.0,,,3.0,,3.0,1.0,1.0,0.0,20.0,,,,,,,,,,,,,,,,,,,,2331370.0
product_hourly,,,,,,,,,,,,2.0,,,2.0,,2.0,0.0,0.0,0.0,21.0,,,,,,,,,,,,,,,,,,,,2331370.0
product_hourly,,,,,,,,,,,,9.0,,,8.0,,8.0,0.0,1.0,0.0,22.0,,,,,,,,,,,,,,,,,,,,2331370.0
product_hourly,,,,,,,,,,,,20.0,,,18.0,,17.0,2.0,1.0,0.0,23.0,,,,,,,,,,,,,,,,,,,,2331370.0
product_hourly,,,,,,,,,,,,12.0,,,12.0,,12.0,0.0,0.0,0.0,0.0,,,,,,,,,,,,,,,,,,,,2338453.0
product_hourly,,,,,,,,,,,,21.0,,,19.0,,18.0,1.0,2.0,0.0,1.0,,,,,,,,,,,,,,,,,,,,2338453.0
product_hourly,,,,,,,,,,,,21.0,,,21.0,,19.0,0.0,2.0,0.0,2.0,,,,,,,,,,,,,,,,,,,,2338453.0
product_hourly,,,,,,,,,,,,18.0,,,16.0,,16.0,1.0,1.0,0.0,3.0,,,,,,,,,,,,,,,,,,,,2338453.0
product_hourly,,,,,,,,,,,,18.0,,,18.0,,16.0,1.0,1.0,0.0,4.0,,,,,,,,,,,,,,,,,,,,2338453.0
product_hourly,,,,,,,,,,,,32.0,,,31.0,,28.0,0.0,2.0,2.0,5.0,,,,,,,,,,,,,,,,,,,,2338453.0
product_hourly,,,,,,,,,,,,28.0,,,27.0,,26.0,1.0,1.0,0.0,6.0,,,,,,,,,,,,,,,,,,,,2338453.0
product_hourly,,,,,,,,,,,,31.0,,,26.0,,27.0,2.0,1.0,1.0,7.0,,,,,,,,,,,,,,,,,,,,2338453.0
product_hourly,,,,,,,,,,,,26.0,,,25.0,,25.0,0.0,1.0,0.0,8.0,,,,,,,,,,,,,,,,,,,,2338453.0
product_hourly,,,,,,,,,,,,19.0,,,19.0,,18.0,1.0,0.0,0.0,9.0,,,,,,,,,,,,,,,,,,,,2338453.0
product_hourly,,,,,,,,,,,,35.0,,,29.0,,30.0,1.0,4.0,0.0,10.0,,,,,,,,,,,,,,,,,,,,2338453.0
product_hourly,,,,,,,,,,,,37.0,,,33.0,,32.0,2.0,1.0,2.0,11.0,,,,,,,,,,,,,,,,,,,,2338453.0
product_hourly,,,,,,,,,,,,28.0,,,25.0,,28.0,0.0,0.0,0.0,12.0,,,,,,,,,,,,,,,,,,,,2338453.0
product_hourly,,,,,,,,,,,,31.0,,,29.0,,28.0,1.0,2.0,0.0,13.0,,,,,,,,,,,,,,,,,,,,2338453.0
product_hourly,,,,,,,,,,,,21.0,,,20.0,,20.0,0.0,1.0,0.0,14.0,,,,,,,,,,,,,,,,,,,,2338453.0
product_hourly,,,,,,,,,,,,11.0,,,11.0,,11.0,0.0,0.0,0.0,15.0,,,,,,,,,,,,,,,,,,,,2338453.0
product_hourly,,,,,,,,,,,,5.0,,,5.0,,5.0,0.0,0.0,0.0,16.0,,,,,,,,,,,,,,,,,,,,2338453.0
product_hourly,,,,,,,,,,,,3.0,,,3.0,,3.0,0.0,0.0,0.0,17.0,,,,,,,,,,,,,,,,,,,,2338453.0
product_hourly,,,,,,,,,,,,1.0,,,1.0,,1.0,0.0,0.0,0.0,18.0,,,,,,,,,,,,,,,,,,,,2338453.0
product_hourly,,,,,,,,,,,,1.0,,,1.0,,1.0,0.0,0.0,0.0,19.0,,,,,,,,,,,,,,,,,,,,2338453.0
product_hourly,,,,,,,,,,,,2.0,,,2.0,,2.0,0.0,0.0,0.0,21.0,,,,,,,,,,,,,,,,,,,,2338453.0
product_hourly,,,,,,,,,,,,2.0,,,2.0,,2.0,0.0,0.0,0.0,22.0,,,,,,,,,,,,,,,,,,,,2338453.0
product_hourly,,,,,,,,,,,,8.0,,,8.0,,8.0,0.0,0.0,0.0,23.0,,,,,,,,,,,,,,,,,,,,2338453.0
product_hourly,,,,,,,,,,,,6.0,,,6.0,,5.0,0.0,1.0,0.0,0.0,,,,,,,,,,,,,,,,,,,,2353009.0
product_hourly,,,,,,,,,,,,12.0,,,12.0,,10.0,1.0,0.0,1.0,1.0,,,,,,,,,,,,,,,,,,,,2353009.0
product_hourly,,,,,,,,,,,,10.0,,,10.0,,10.0,0.0,0.0,0.0,2.0,,,,,,,,,,,,,,,,,,,,2353009.0
product_hourly,,,,,,,,,,,,12.0,,,11.0,,10.0,1.0,1.0,0.0,3.0,,,,,,,,,,,,,,,,,,,,2353009.0
product_hourly,,,,,,,,,,,,13.0,,,13.0,,11.0,0.0,2.0,0.0,4.0,,,,,,,,,,,,,,,,,,,,2353009.0
product_hourly,,,,,,,,,,,,15.0,,,14.0,,15.0,0.0,0.0,0.0,5.0,,,,,,,,,,,,,,,,,,,,2353009.0
product_hourly,,,,,,,,,,,,10.0,,,10.0,,10.0,0.0,0.0,0.0,6.0,,,,,,,,,,,,,,,,,,,,2353009.0
product_hourly,,,,,,,,,,,,6.0,,,6.0,,4.0,2.0,0.0,0.0,7.0,,,,,,,,,,,,,,,,,,,,2353009.0
product_hourly,,,,,,,,,,,,9.0,,,9.0,,9.0,0.0,0.0,0.0,8.0,,,,,,,,,,,,,,,,,,,,2353009.0
product_hourly,,,,,,,,,,,,11.0,,,11.0,,11.0,0.0,0.0,0.0,9.0,,,,,,,,,,,,,,,,,,,,2353009.0
product_hourly,,,,,,,,,,,,5.0,,,5.0,,5.0,0.0,0.0,0.0,10.0,,,,,,,,,,,,,,,,,,,,2353009.0
product_hourly,,,,,,,,,,,,14.0,,,12.0,,12.0,1.0,1.0,0.0,11.0,,,,,,,,,,,,,,,,,,,,2353009.0
product_hourly,,,,,,,,,,,,21.0,,,21.0,,19.0,1.0,0.0,1.0,12.0,,,,,,,,,,,,,,,,,,,,2353009.0
product_hourly,,,,,,,,,,,,23.0,,,23.0,,22.0,1.0,0.0,0.0,13.0,,,,,,,,,,,,,,,,,,,,2353009.0
product_hourly,,,,,,,,,,,,23.0,,,21.0,,19.0,0.0,4.0,0.0,14.0,,,,,,,,,,,,,,,,,,,,2353009.0
product_hourly,,,,,,,,,,,,14.0,,,14.0,,12.0,1.0,1.0,0.0,15.0,,,,,,,,,,,,,,,,,,,,2353009.0
product_hourly,,,,,,,,,,,,6.0,,,5.0,,5.0,0.0,1.0,0.0,16.0,,,,,,,,,,,,,,,,,,,,2353009.0
product_hourly,,,,,,,,,,,,3.0,,,3.0,,2.0,0.0,1.0,0.0,17.0,,,,,,,,,,,,,,,,,,,,2353009.0
product_hourly,,,,,,,,,,,,1.0,,,1.0,,1.0,0.0,0.0,0.0,18.0,,,,,,,,,,,,,,,,,,,,2353009.0
product_hourly,,,,,,,,,,,,2.0,,,2.0,,2.0,0.0,0.0,0.0,20.0,,,,,,,,,,,,,,,,,,,,2353009.0
product_hourly,,,,,,,,,,,,5.0,,,5.0,,5.0,0.0,0.0,0.0,22.0,,,,,,,,,,,,,,,,,,,,2353009.0
product_hourly,,,,,,,,,,,,5.0,,,5.0,,5.0,0.0,0.0,0.0,23.0,,,,,,,,,,,,,,,,,,,,2353009.0
product_hourly,,,,,,,,,,,,4.0,,,4.0,,4.0,0.0,0.0,0.0,0.0,,,,,,,,,,,,,,,,,,,,2353750.0
product_hourly,,,,,,,,,,,,7.0,,,6.0,,6.0,0.0,1.0,0.0,1.0,,,,,,,,,,,,,,,,,,,,2353750.0
product_hourly,,,,,,,,,,,,15.0,,,13.0,,15.0,0.0,0.0,0.0,2.0,,,,,,,,,,,,,,,,,,,,2353750.0
product_hourly,,,,,,,,,,,,21.0,,,15.0,,20.0,0.0,1.0,0.0,3.0,,,,,,,,,,,,,,,,,,,,2353750.0
product_hourly,,,,,,,,,,,,4.0,,,3.0,,3.0,1.0,0.0,0.0,4.0,,,,,,,,,,,,,,,,,,,,2353750.0
product_hourly,,,,,,,,,,,,19.0,,,14.0,,16.0,3.0,0.0,0.0,5.0,,,,,,,,,,,,,,,,,,,,2353750.0
product_hourly,,,,,,,,,,,,10.0,,,9.0,,9.0,1.0,0.0,0.0,6.0,,,,,,,,,,,,,,,,,,,,2353750.0
product_hourly,,,,,,,,,,,,17.0,,,11.0,,15.0,1.0,1.0,0.0,7.0,,,,,,,,,,,,,,,,,,,,2353750.0
product_hourly,,,,,,,,,,,,9.0,,,8.0,,9.0,0.0,0.0,0.0,8.0,,,,,,,,,,,,,,,,,,,,2353750.0
product_hourly,,,,,,,,,,,,3.0,,,3.0,,2.0,1.0,0.0,0.0,9.0,,,,,,,,,,,,,,,,,,,,2353750.0
product_hourly,,,,,,,,,,,,10.0,,,8.0,,10.0,0.0,0.0,0.0,10.0,,,,,,,,,,,,,,,,,,,,2353750.0
product_hourly,,,,,,,,,,,,13.0,,,10.0,,12.0,0.0,1.0,0.0,11.0,,,,,,,,,,,,,,,,,,,,2353750.0
product_hourly,,,,,,,,,,,,14.0,,,12.0,,13.0,0.0,1.0,0.0,12.0,,,,,,,,,,,,,,,,,,,,2353750.0
product_hourly,,,,,,,,,,,,10.0,,,10.0,,9.0,0.0,1.0,0.0,13.0,,,,,,,,,,,,,,,,,,,,2353750.0
product_hourly,,,,,,,,,,,,27.0,,,20.0,,25.0,1.0,1.0,0.0,14.0,,,,,,,,,,,,,,,,,,,,2353750.0
product_hourly,,,,,,,,,,,,16.0,,,12.0,,15.0,0.0,1.0,0.0,15.0,,,,,,,,,,,,,,,,,,,,2353750.0
product_hourly,,,,,,,,,,,,3.0,,,2.0,,3.0,0.0,0.0,0.0,16.0,,,,,,,,,,,,,,,,,,,,2353750.0
product_hourly,,,,,,,,,,,,1.0,,,1.0,,1.0,0.0,0.0,0.0,22.0,,,,,,,,,,,,,,,,,,,,2353750.0
product_hourly,,,,,,,,,,,,2.0,,,2.0,,1.0,0.0,1.0,0.0,23.0,,,,,,,,,,,,,,,,,,,,2353750.0
product_hourly,,,,,,,,,,,,6.0,,,6.0,,5.0,1.0,0.0,0.0,0.0,,,,,,,,,,,,,,,,,,,,2364679.0
product_hourly,,,,,,,,,,,,19.0,,,17.0,,15.0,1.0,3.0,0.0,1.0,,,,,,,,,,,,,,,,,,,,2364679.0
product_hourly,,,,,,,,,,,,10.0,,,8.0,,9.0,1.0,0.0,0.0,2.0,,,,,,,,,,,,,,,,,,,,2364679.0
product_hourly,,,,,,,,,,,,16.0,,,14.0,,14.0,1.0,1.0,0.0,3.0,,,,,,,,,,,,,,,,,,,,2364679.0
product_hourly,,,,,,,,,,,,10.0,,,10.0,,10.0,0.0,0.0,0.0,4.0,,,,,,,,,,,,,,,,,,,,2364679.0
product_hourly,,,,,,,,,,,,19.0,,,19.0,,17.0,1.0,1.0,0.0,5.0,,,,,,,,,,,,,,,,,,,,2364679.0
product_hourly,,,,,,,,,,,,18.0,,,16.0,,14.0,1.0,3.0,0.0,6.0,,,,,,,,,,,,,,,,,,,,2364679.0
product_hourly,,,,,,,,,,,,17.0,,,14.0,,17.0,0.0,0.0,0.0,7.0,,,,,,,,,,,,,,,,,,,,2364679.0
product_hourly,,,,,,,,,,,,11.0,,,10.0,,10.0,0.0,1.0,0.0,8.0,,,,,,,,,,,,,,,,,,,,2364679.0
product_hourly,,,,,,,,,,,,17.0,,,15.0,,15.0,2.0,0.0,0.0,9.0,,,,,,,,,,,,,,,,,,,,2364679.0
product_hourly,,,,,,,,,,,,20.0,,,16.0,,15.0,2.0,3.0,0.0,10.0,,,,,,,,,,,,,,,,,,,,2364679.0
product_hourly,,,,,,,,,,,,16.0,,,15.0,,14.0,2.0,0.0,0.0,11.0,,,,,,,,,,,,,,,,,,,,2364679.0
product_hourly,,,,,,,,,,,,19.0,,,18.0,,18.0,1.0,0.0,0.0,12.0,,,,,,,,,,,,,,,,,,,,2364679.0
product_hourly,,,,,,,,,,,,21.0,,,18.0,,20.0,0.0,1.0,0.0,13.0,,,,,,,,,,,,,,,,,,,,2364679.0
product_hourly,,,,,,,,,,,,23.0,,,18.0,,20.0,2.0,1.0,0.0,14.0,,,,,,,,,,,,,,,,,,,,2364679.0
product_hourly,,,,,,,,,,,,21.0,,,17.0,,21.0,0.0,0.0,0.0,15.0,,,,,,,,,,,,,,,,,,,,2364679.0
product_hourly,,,,,,,,,,,,8.0,,,8.0,,7.0,1.0,0.0,0.0,16.0,,,,,,,,,,,,,,,,,,,,2364679.0
product_hourly,,,,,,,,,,,,5.0,,,4.0,,5.0,0.0,0.0,0.0,17.0,,,,,,,,,,,,,,,,,,,,2364679.0
product_hourly,,,,,,,,,,,,6.0,,,6.0,,6.0,0.0,0.0,0.0,18.0,,,,,,,,,,,,,,,,,,,,2364679.0
product_hourly,,,,,,,,,,,,1.0,,,1.0,,1.0,0.0,0.0,0.0,19.0,,,,,,,,,,,,,,,,,,,,2364679.0
product_hourly,,,,,,,,,,,,1.0,,,1.0,,1.0,0.0,0.0,0.0,20.0,,,,,,,,,,,,,,,,,,,,2364679.0
product_hourly,,,,,,,,,,,,3.0,,,3.0,,2.0,0.0,1.0,0.0,23.0,,,,,,,,,,,,,,,,,,,,2364679.0
product_hourly,,,,,,,,,,,,351.0,,,271.0,,351.0,0.0,0.0,0.0,7.0,,,,,,,,,,,,,,,,,,,,2367945.0
product_hourly,,,,,,,,,,,,1.0,,,1.0,,1.0,0.0,0.0,0.0,13.0,,,,,,,,,,,,,,,,,,,,2367945.0
product_hourly,,,,,,,,,,,,14.0,,,14.0,,14.0,0.0,0.0,0.0,0.0,,,,,,,,,,,,,,,,,,,,2400640.0
product_hourly,,,,,,,,,,,,11.0,,,10.0,,11.0,0.0,0.0,0.0,1.0,,,,,,,,,,,,,,,,,,,,2400640.0
product_hourly,,,,,,,,,,,,9.0,,,9.0,,9.0,0.0,0.0,0.0,2.0,,,,,,,,,,,,,,,,,,,,2400640.0
product_hourly,,,,,,,,,,,,13.0,,,13.0,,12.0,1.0,0.0,0.0,3.0,,,,,,,,,,,,,,,,,,,,2400640.0
product_hourly,,,,,,,,,,,,16.0,,,16.0,,16.0,0.0,0.0,0.0,4.0,,,,,,,,,,,,,,,,,,,,2400640.0
product_hourly,,,,,,,,,,,,18.0,,,18.0,,17.0,1.0,0.0,0.0,5.0,,,,,,,,,,,,,,,,,,,,2400640.0
product_hourly,,,,,,,,,,,,11.0,,,11.0,,11.0,0.0,0.0,0.0,6.0,,,,,,,,,,,,,,,,,,,,2400640.0
product_hourly,,,,,,,,,,,,14.0,,,14.0,,14.0,0.0,0.0,0.0,7.0,,,,,,,,,,,,,,,,,,,,2400640.0
product_hourly,,,,,,,,,,,,15.0,,,14.0,,15.0,0.0,0.0,0.0,8.0,,,,,,,,,,,,,,,,,,,,2400640.0
product_hourly,,,,,,,,,,,,11.0,,,11.0,,11.0,0.0,0.0,0.0,9.0,,,,,,,,,,,,,,,,,,,,2400640.0
product_hourly,,,,,,,,,,,,9.0,,,9.0,,9.0,0.0,0.0,0.0,10.0,,,,,,,,,,,,,,,,,,,,2400640.0
product_hourly,,,,,,,,,,,,8.0,,,8.0,,8.0,0.0,0.0,0.0,11.0,,,,,,,,,,,,,,,,,,,,2400640.0
product_hourly,,,,,,,,,,,,17.0,,,16.0,,16.0,0.0,1.0,0.0,12.0,,,,,,,,,,,,,,,,,,,,2400640.0
product_hourly,,,,,,,,,,,,10.0,,,10.0,,10.0,0.0,0.0,0.0,13.0,,,,,,,,,,,,,,,,,,,,2400640.0
product_hourly,,,,,,,,,,,,26.0,,,26.0,,24.0,1.0,1.0,0.0,14.0,,,,,,,,,,,,,,,,,,,,2400640.0
product_hourly,,,,,,,,,,,,8.0,,,8.0,,8.0,0.0,0.0,0.0,15.0,,,,,,,,,,,,,,,,,,,,2400640.0
product_hourly,,,,,,,,,,,,9.0,,,9.0,,9.0,0.0,0.0,0.0,16.0,,,,,,,,,,,,,,,,,,,,2400640.0
product_hourly,,,,,,,,,,,,4.0,,,4.0,,4.0,0.0,0.0,0.0,17.0,,,,,,,,,,,,,,,,,,,,2400640.0
product_hourly,,,,,,,,,,,,3.0,,,1.0,,3.0,0.0,0.0,0.0,18.0,,,,,,,,,,,,,,,,,,,,2400640.0
product_hourly,,,,,,,,,,,,1.0,,,1.0,,1.0,0.0,0.0,0.0,22.0,,,,,,,,,,,,,,,,,,,,2400640.0
product_hourly,,,,,,,,,,,,3.0,,,3.0,,3.0,0.0,0.0,0.0,23.0,,,,,,,,,,,,,,,,,,,,2400640.0
product_hourly,,,,,,,,,,,,14.0,,,14.0,,12.0,0.0,1.0,1.0,0.0,,,,,,,,,,,,,,,,,,,,2453685.0
product_hourly,,,,,,,,,,,,23.0,,,23.0,,20.0,1.0,2.0,0.0,1.0,,,,,,,,,,,,,,,,,,,,2453685.0
product_hourly,,,,,,,,,,,,12.0,,,12.0,,12.0,0.0,0.0,0.0,2.0,,,,,,,,,,,,,,,,,,,,2453685.0
product_hourly,,,,,,,,,,,,17.0,,,16.0,,14.0,1.0,2.0,0.0,3.0,,,,,,,,,,,,,,,,,,,,2453685.0
product_hourly,,,,,,,,,,,,17.0,,,16.0,,14.0,0.0,2.0,1.0,4.0,,,,,,,,,,,,,,,,,,,,2453685.0
product_hourly,,,,,,,,,,,,20.0,,,19.0,,16.0,1.0,3.0,0.0,5.0,,,,,,,,,,,,,,,,,,,,2453685.0
product_hourly,,,,,,,,,,,,20.0,,,19.0,,20.0,0.0,0.0,0.0,6.0,,,,,,,,,,,,,,,,,,,,2453685.0
product_hourly,,,,,,,,,,,,14.0,,,14.0,,13.0,1.0,0.0,0.0,7.0,,,,,,,,,,,,,,,,,,,,2453685.0
product_hourly,,,,,,,,,,,,18.0,,,18.0,,17.0,0.0,1.0,0.0,8.0,,,,,,,,,,,,,,,,,,,,2453685.0
product_hourly,,,,,,,,,,,,16.0,,,15.0,,16.0,0.0,0.0,0.0,9.0,,,,,,,,,,,,,,,,,,,,2453685.0
product_hourly,,,,,,,,,,,,15.0,,,15.0,,15.0,0.0,0.0,0.0,10.0,,,,,,,,,,,,,,,,,,,,2453685.0
product_hourly,,,,,,,,,,,,21.0,,,20.0,,20.0,0.0,1.0,0.0,11.0,,,,,,,,,,,,,,,,,,,,2453685.0
product_hourly,,,,,,,,,,,,31.0,,,30.0,,25.0,3.0,2.0,1.0,12.0,,,,,,,,,,,,,,,,,,,,2453685.0
product_hourly,,,,,,,,,,,,25.0,,,23.0,,22.0,1.0,1.0,1.0,13.0,,,,,,,,,,,,,,,,,,,,2453685.0
product_hourly,,,,,,,,,,,,34.0,,,30.0,,27.0,6.0,1.0,0.0,14.0,,,,,,,,,,,,,,,,,,,,2453685.0
product_hourly,,,,,,,,,,,,19.0,,,19.0,,19.0,0.0,0.0,0.0,15.0,,,,,,,,,,,,,,,,,,,,2453685.0
product_hourly,,,,,,,,,,,,12.0,,,12.0,,11.0,0.0,1.0,0.0,16.0,,,,,,,,,,,,,,,,,,,,2453685.0
product_hourly,,,,,,,,,,,,5.0,,,5.0,,4.0,0.0,1.0,0.0,17.0,,,,,,,,,,,,,,,,,,,,2453685.0
product_hourly,,,,,,,,,,,,4.0,,,4.0,,3.0,0.0,1.0,0.0,18.0,,,,,,,,,,,,,,,,,,,,2453685.0
product_hourly,,,,,,,,,,,,4.0,,,4.0,,4.0,0.0,0.0,0.0,19.0,,,,,,,,,,,,,,,,,,,,2453685.0
product_hourly,,,,,,,,,,,,4.0,,,4.0,,4.0,0.0,0.0,0.0,20.0,,,,,,,,,,,,,,,,,,,,2453685.0
product_hourly,,,,,,,,,,,,10.0,,,10.0,,8.0,2.0,0.0,0.0,22.0,,,,,,,,,,,,,,,,,,,,2453685.0
product_hourly,,,,,,,,,,,,15.0,,,10.0,,15.0,0.0,0.0,0.0,23.0,,,,,,,,,,,,,,,,,,,,2453685.0
product_hourly,,,,,,,,,,,,9.0,,,9.0,,7.0,0.0,2.0,0.0,0.0,,,,,,,,,,,,,,,,,,,,2521928.0
product_hourly,,,,,,,,,,,,10.0,,,10.0,,9.0,1.0,0.0,0.0,1.0,,,,,,,,,,,,,,,,,,,,2521928.0
product_hourly,,,,,,,,,,,,8.0,,,8.0,,6.0,2.0,0.0,0.0,2.0,,,,,,,,,,,,,,,,,,,,2521928.0
product_hourly,,,,,,,,,,,,12.0,,,11.0,,11.0,0.0,0.0,1.0,3.0,,,,,,,,,,,,,,,,,,,,2521928.0
product_hourly,,,,,,,,,,,,15.0,,,14.0,,15.0,0.0,0.0,0.0,4.0,,,,,,,,,,,,,,,,,,,,2521928.0
product_hourly,,,,,,,,,,,,16.0,,,14.0,,14.0,0.0,1.0,1.0,5.0,,,,,,,,,,,,,,,,,,,,2521928.0
product_hourly,,,,,,,,,,,,10.0,,,10.0,,9.0,0.0,1.0,0.0,6.0,,,,,,,,,,,,,,,,,,,,2521928.0
product_hourly,,,,,,,,,,,,17.0,,,13.0,,15.0,0.0,1.0,1.0,7.0,,,,,,,,,,,,,,,,,,,,2521928.0
product_hourly,,,,,,,,,,,,14.0,,,14.0,,13.0,0.0,1.0,0.0,8.0,,,,,,,,,,,,,,,,,,,,2521928.0
product_hourly,,,,,,,,,,,,11.0,,,11.0,,7.0,0.0,4.0,0.0,9.0,,,,,,,,,,,,,,,,,,,,2521928.0
product_hourly,,,,,,,,,,,,11.0,,,10.0,,11.0,0.0,0.0,0.0,10.0,,,,,,,,,,,,,,,,,,,,2521928.0
product_hourly,,,,,,,,,,,,12.0,,,11.0,,12.0,0.0,0.0,0.0,11.0,,,,,,,,,,,,,,,,,,,,2521928.0
product_hourly,,,,,,,,,,,,15.0,,,15.0,,15.0,0.0,0.0,0.0,12.0,,,,,,,,,,,,,,,,,,,,2521928.0
product_hourly,,,,,,,,,,,,25.0,,,24.0,,23.0,2.0,0.0,0.0,13.0,,,,,,,,,,,,,,,,,,,,2521928.0
product_hourly,,,,,,,,,,,,20.0,,,18.0,,18.0,1.0,0.0,1.0,14.0,,,,,,,,,,,,,,,,,,,,2521928.0
product_hourly,,,,,,,,,,,,15.0,,,14.0,,12.0,1.0,2.0,0.0,15.0,,,,,,,,,,,,,,,,,,,,2521928.0
product_hourly,,,,,,,,,,,,4.0,,,4.0,,3.0,0.0,1.0,0.0,16.0,,,,,,,,,,,,,,,,,,,,2521928.0
product_hourly,,,,,,,,,,,,3.0,,,3.0,,3.0,0.0,0.0,0.0,17.0,,,,,,,,,,,,,,,,,,,,2521928.0
product_hourly,,,,,,,,,,,,2.0,,,2.0,,0.0,0.0,2.0,0.0,18.0,,,,,,,,,,,,,,,,,,,,2521928.0
product_hourly,,,,,,,,,,,,1.0,,,1.0,,1.0,0.0,0.0,0.0,20.0,,,,,,,,,,,,,,,,,,,,2521928.0
product_hourly,,,,,,,,,,,,1.0,,,1.0,,1.0,0.0,0.0,0.0,21.0,,,,,,,,,,,,,,,,,,,,2521928.0
product_hourly,,,,,,,,,,,,1.0,,,1.0,,1.0,0.0,0.0,0.0,22.0,,,,,,,,,,,,,,,,,,,,2521928.0
product_hourly,,,,,,,,,,,,8.0,,,7.0,,8.0,0.0,0.0,0.0,23.0,,,,,,,,,,,,,,,,,,,,2521928.0
product_hourly,,,,,,,,,,,,7.0,,,5.0,,7.0,0.0,0.0,0.0,0.0,,,,,,,,,,,,,,,,,,,,2530033.0
product_hourly,,,,,,,,,,,,6.0,,,6.0,,6.0,0.0,0.0,0.0,1.0,,,,,,,,,,,,,,,,,,,,2530033.0
product_hourly,,,,,,,,,,,,11.0,,,6.0,,11.0,0.0,0.0,0.0,2.0,,,,,,,,,,,,,,,,,,,,2530033.0
product_hourly,,,,,,,,,,,,8.0,,,8.0,,7.0,0.0,1.0,0.0,3.0,,,,,,,,,,,,,,,,,,,,2530033.0
product_hourly,,,,,,,,,,,,8.0,,,8.0,,7.0,1.0,0.0,0.0,4.0,,,,,,,,,,,,,,,,,,,,2530033.0
product_hourly,,,,,,,,,,,,16.0,,,15.0,,14.0,0.0,2.0,0.0,5.0,,,,,,,,,,,,,,,,,,,,2530033.0
product_hourly,,,,,,,,,,,,10.0,,,9.0,,10.0,0.0,0.0,0.0,6.0,,,,,,,,,,,,,,,,,,,,2530033.0
product_hourly,,,,,,,,,,,,5.0,,,4.0,,4.0,0.0,1.0,0.0,7.0,,,,,,,,,,,,,,,,,,,,2530033.0
product_hourly,,,,,,,,,,,,9.0,,,8.0,,8.0,1.0,0.0,0.0,8.0,,,,,,,,,,,,,,,,,,,,2530033.0
product_hourly,,,,,,,,,,,,16.0,,,14.0,,15.0,0.0,1.0,0.0,9.0,,,,,,,,,,,,,,,,,,,,2530033.0
product_hourly,,,,,,,,,,,,12.0,,,12.0,,11.0,1.0,0.0,0.0,10.0,,,,,,,,,,,,,,,,,,,,2530033.0
product_hourly,,,,,,,,,,,,13.0,,,11.0,,12.0,0.0,1.0,0.0,11.0,,,,,,,,,,,,,,,,,,,,2530033.0
product_hourly,,,,,,,,,,,,17.0,,,16.0,,16.0,0.0,1.0,0.0,12.0,,,,,,,,,,,,,,,,,,,,2530033.0
product_hourly,,,,,,,,,,,,17.0,,,16.0,,16.0,0.0,1.0,0.0,13.0,,,,,,,,,,,,,,,,,,,,2530033.0
product_hourly,,,,,,,,,,,,8.0,,,8.0,,8.0,0.0,0.0,0.0,14.0,,,,,,,,,,,,,,,,,,,,2530033.0
product_hourly,,,,,,,,,,,,8.0,,,6.0,,7.0,0.0,1.0,0.0,15.0,,,,,,,,,,,,,,,,,,,,2530033.0
product_hourly,,,,,,,,,,,,1.0,,,1.0,,1.0,0.0,0.0,0.0,16.0,,,,,,,,,,,,,,,,,,,,2530033.0
product_hourly,,,,,,,,,,,,3.0,,,3.0,,3.0,0.0,0.0,0.0,17.0,,,,,,,,,,,,,,,,,,,,2530033.0
product_hourly,,,,,,,,,,,,1.0,,,1.0,,1.0,0.0,0.0,0.0,18.0,,,,,,,,,,,,,,,,,,,,2530033.0
product_hourly,,,,,,,,,,,,2.0,,,1.0,,1.0,0.0,1.0,0.0,21.0,,,,,,,,,,,,,,,,,,,,2530033.0
product_hourly,,,,,,,,,,,,1.0,,,1.0,,1.0,0.0,0.0,0.0,22.0,,,,,,,,,,,,,,,,,,,,2530033.0
product_hourly,,,,,,,,,,,,8.0,,,8.0,,8.0,0.0,0.0,0.0,23.0,,,,,,,,,,,,,,,,,,,,2530033.0
product_hourly,,,,,,,,,,,,21.0,,,16.0,,17.0,1.0,2.0,1.0,0.0,,,,,,,,,,,,,,,,,,,,2560262.0
product_hourly,,,,,,,,,,,,8.0,,,8.0,,6.0,0.0,1.0,1.0,1.0,,,,,,,,,,,,,,,,,,,,2560262.0
product_hourly,,,,,,,,,,,,12.0,,,11.0,,12.0,0.0,0.0,0.0,2.0,,,,,,,,,,,,,,,,,,,,2560262.0
product_hourly,,,,,,,,,,,,11.0,,,9.0,,8.0,0.0,3.0,0.0,3.0,,,,,,,,,,,,,,,,,,,,2560262.0
product_hourly,,,,,,,,,,,,13.0,,,9.0,,12.0,0.0,1.0,0.0,4.0,,,,,,,,,,,,,,,,,,,,2560262.0
product_hourly,,,,,,,,,,,,14.0,,,11.0,,12.0,0.0,2.0,0.0,5.0,,,,,,,,,,,,,,,,,,,,2560262.0
product_hourly,,,,,,,,,,,,17.0,,,14.0,,16.0,0.0,0.0,1.0,6.0,,,,,,,,,,,,,,,,,,,,2560262.0
product_hourly,,,,,,,,,,,,14.0,,,11.0,,10.0,0.0,2.0,2.0,7.0,,,,,,,,,,,,,,,,,,,,2560262.0
product_hourly,,,,,,,,,,,,15.0,,,13.0,,10.0,0.0,2.0,3.0,8.0,,,,,,,,,,,,,,,,,,,,2560262.0
product_hourly,,,,,,,,,,,,27.0,,,21.0,,23.0,1.0,2.0,1.0,9.0,,,,,,,,,,,,,,,,,,,,2560262.0
product_hourly,,,,,,,,,,,,15.0,,,13.0,,14.0,0.0,0.0,1.0,10.0,,,,,,,,,,,,,,,,,,,,2560262.0
product_hourly,,,,,,,,,,,,26.0,,,20.0,,20.0,1.0,3.0,2.0,11.0,,,,,,,,,,,,,,,,,,,,2560262.0
product_hourly,,,,,,,,,,,,20.0,,,15.0,,17.0,0.0,3.0,0.0,12.0,,,,,,,,,,,,,,,,,,,,2560262.0
product_hourly,,,,,,,,,,,,24.0,,,20.0,,21.0,1.0,1.0,1.0,13.0,,,,,,,,,,,,,,,,,,,,2560262.0
product_hourly,,,,,,,,,,,,34.0,,,21.0,,27.0,0.0,5.0,2.0,14.0,,,,,,,,,,,,,,,,,,,,2560262.0
product_hourly,,,,,,,,,,,,13.0,,,11.0,,13.0,0.0,0.0,0.0,15.0,,,,,,,,,,,,,,,,,,,,2560262.0
product_hourly,,,,,,,,,,,,9.0,,,6.0,,8.0,0.0,1.0,0.0,16.0,,,,,,,,,,,,,,,,,,,,2560262.0
product_hourly,,,,,,,,,,,,4.0,,,4.0,,3.0,0.0,1.0,0.0,17.0,,,,,,,,,,,,,,,,,,,,2560262.0
product_hourly,,,,,,,,,,,,2.0,,,2.0,,1.0,1.0,0.0,0.0,19.0,,,,,,,,,,,,,,,,,,,,2560262.0
product_hourly,,,,,,,,,,,,1.0,,,1.0,,1.0,0.0,0.0,0.0,22.0,,,,,,,,,,,,,,,,,,,,2560262.0
product_hourly,,,,,,,,,,,,7.0,,,6.0,,6.0,0.0,1.0,0.0,23.0,,,,,,,,,,,,,,,,,,,,2560262.0
product_hourly,,,,,,,,,,,,8.0,,,8.0,,7.0,1.0,0.0,0.0,0.0,,,,,,,,,,,,,,,,,,,,2667082.0
product_hourly,,,,,,,,,,,,7.0,,,6.0,,6.0,0.0,0.0,1.0,1.0,,,,,,,,,,,,,,,,,,,,2667082.0
product_hourly,,,,,,,,,,,,7.0,,,7.0,,6.0,1.0,0.0,0.0,2.0,,,,,,,,,,,,,,,,,,,,2667082.0
product_hourly,,,,,,,,,,,,5.0,,,5.0,,5.0,0.0,0.0,0.0,3.0,,,,,,,,,,,,,,,,,,,,2667082.0
product_hourly,,,,,,,,,,,,4.0,,,4.0,,4.0,0.0,0.0,0.0,4.0,,,,,,,,,,,,,,,,,,,,2667082.0
product_hourly,,,,,,,,,,,,10.0,,,10.0,,10.0,0.0,0.0,0.0,5.0,,,,,,,,,,,,,,,,,,,,2667082.0
product_hourly,,,,,,,,,,,,14.0,,,13.0,,12.0,1.0,1.0,0.0,6.0,,,,,,,,,,,,,,,,,,,,2667082.0
product_hourly,,,,,,,,,,,,11.0,,,11.0,,11.0,0.0,0.0,0.0,7.0,,,,,,,,,,,,,,,,,,,,2667082.0
product_hourly,,,,,,,,,,,,18.0,,,16.0,,15.0,1.0,2.0,0.0,8.0,,,,,,,,,,,,,,,,,,,,2667082.0
product_hourly,,,,,,,,,,,,9.0,,,9.0,,8.0,1.0,0.0,0.0,9.0,,,,,,,,,,,,,,,,,,,,2667082.0
product_hourly,,,,,,,,,,,,9.0,,,9.0,,8.0,1.0,0.0,0.0,10.0,,,,,,,,,,,,,,,,,,,,2667082.0
product_hourly,,,,,,,,,,,,12.0,,,11.0,,12.0,0.0,0.0,0.0,11.0,,,,,,,,,,,,,,,,,,,,2667082.0
product_hourly,,,,,,,,,,,,19.0,,,18.0,,17.0,0.0,2.0,0.0,12.0,,,,,,,,,,,,,,,,,,,,2667082.0
product_hourly,,,,,,,,,,,,27.0,,,26.0,,22.0,1.0,3.0,1.0,13.0,,,,,,,,,,,,,,,,,,,,2667082.0
product_hourly,,,,,,,,,,,,14.0,,,14.0,,12.0,1.0,0.0,1.0,14.0,,,,,,,,,,,,,,,,,,,,2667082.0
product_hourly,,,,,,,,,,,,8.0,,,8.0,,8.0,0.0,0.0,0.0,15.0,,,,,,,,,,,,,,,,,,,,2667082.0
product_hourly,,,,,,,,,,,,6.0,,,6.0,,6.0,0.0,0.0,0.0,16.0,,,,,,,,,,,,,,,,,,,,2667082.0
product_hourly,,,,,,,,,,,,3.0,,,3.0,,3.0,0.0,0.0,0.0,17.0,,,,,,,,,,,,,,,,,,,,2667082.0
product_hourly,,,,,,,,,,,,5.0,,,5.0,,3.0,0.0,1.0,1.0,18.0,,,,,,,,,,,,,,,,,,,,2667082.0
product_hourly,,,,,,,,,,,,2.0,,,2.0,,2.0,0.0,0.0,0.0,20.0,,,,,,,,,,,,,,,,,,,,2667082.0
product_hourly,,,,,,,,,,,,1.0,,,1.0,,1.0,0.0,0.0,0.0,21.0,,,,,,,,,,,,,,,,,,,,2667082.0
product_hourly,,,,,,,,,,,,4.0,,,4.0,,3.0,0.0,1.0,0.0,22.0,,,,,,,,,,,,,,,,,,,,2667082.0
product_hourly,,,,,,,,,,,,7.0,,,7.0,,7.0,0.0,0.0,0.0,23.0,,,,,,,,,,,,,,,,,,,,2667082.0
product_hourly,,,,,,,,,,,,6.0,,,5.0,,5.0,0.0,1.0,0.0,0.0,,,,,,,,,,,,,,,,,,,,2778083.0
product_hourly,,,,,,,,,,,,9.0,,,7.0,,9.0,0.0,0.0,0.0,1.0,,,,,,,,,,,,,,,,,,,,2778083.0
product_hourly,,,,,,,,,,,,8.0,,,8.0,,8.0,0.0,0.0,0.0,2.0,,,,,,,,,,,,,,,,,,,,2778083.0
product_hourly,,,,,,,,,,,,12.0,,,9.0,,11.0,1.0,0.0,0.0,3.0,,,,,,,,,,,,,,,,,,,,2778083.0
product_hourly,,,,,,,,,,,,12.0,,,6.0,,12.0,0.0,0.0,0.0,4.0,,,,,,,,,,,,,,,,,,,,2778083.0
product_hourly,,,,,,,,,,,,7.0,,,7.0,,7.0,0.0,0.0,0.0,5.0,,,,,,,,,,,,,,,,,,,,2778083.0
product_hourly,,,,,,,,,,,,16.0,,,11.0,,15.0,1.0,0.0,0.0,6.0,,,,,,,,,,,,,,,,,,,,2778083.0
product_hourly,,,,,,,,,,,,20.0,,,15.0,,17.0,2.0,1.0,0.0,7.0,,,,,,,,,,,,,,,,,,,,2778083.0
product_hourly,,,,,,,,,,,,14.0,,,12.0,,14.0,0.0,0.0,0.0,8.0,,,,,,,,,,,,,,,,,,,,2778083.0
product_hourly,,,,,,,,,,,,7.0,,,6.0,,6.0,0.0,1.0,0.0,9.0,,,,,,,,,,,,,,,,,,,,2778083.0
product_hourly,,,,,,,,,,,,8.0,,,6.0,,8.0,0.0,0.0,0.0,10.0,,,,,,,,,,,,,,,,,,,,2778083.0
product_hourly,,,,,,,,,,,,14.0,,,11.0,,12.0,1.0,1.0,0.0,11.0,,,,,,,,,,,,,,,,,,,,2778083.0
product_hourly,,,,,,,,,,,,11.0,,,9.0,,9.0,1.0,1.0,0.0,12.0,,,,,,,,,,,,,,,,,,,,2778083.0
product_hourly,,,,,,,,,,,,22.0,,,18.0,,21.0,1.0,0.0,0.0,13.0,,,,,,,,,,,,,,,,,,,,2778083.0
product_hourly,,,,,,,,,,,,26.0,,,15.0,,23.0,0.0,3.0,0.0,14.0,,,,,,,,,,,,,,,,,,,,2778083.0
product_hourly,,,,,,,,,,,,10.0,,,8.0,,7.0,3.0,0.0,0.0,15.0,,,,,,,,,,,,,,,,,,,,2778083.0
product_hourly,,,,,,,,,,,,5.0,,,5.0,,4.0,0.0,1.0,0.0,16.0,,,,,,,,,,,,,,,,,,,,2778083.0
product_hourly,,,,,,,,,,,,1.0,,,1.0,,1.0,0.0,0.0,0.0,17.0,,,,,,,,,,,,,,,,,,,,2778083.0
product_hourly,,,,,,,,,,,,1.0,,,1.0,,1.0,0.0,0.0,0.0,20.0,,,,,,,,,,,,,,,,,,,,2778083.0
product_hourly,,,,,,,,,,,,3.0,,,3.0,,3.0,0.0,0.0,0.0,22.0,,,,,,,,,,,,,,,,,,,,2778083.0
product_hourly,,,,,,,,,,,,2.0,,,2.0,,2.0,0.0,0.0,0.0,23.0,,,,,,,,,,,,,,,,,,,,2778083.0
product_hourly,,,,,,,,,,,,13.0,,,11.0,,13.0,0.0,0.0,0.0,0.0,,,,,,,,,,,,,,,,,,,,2783905.0
product_hourly,,,,,,,,,,,,16.0,,,12.0,,15.0,0.0,1.0,0.0,1.0,,,,,,,,,,,,,,,,,,,,2783905.0
product_hourly,,,,,,,,,,,,11.0,,,8.0,,11.0,0.0,0.0,0.0,2.0,,,,,,,,,,,,,,,,,,,,2783905.0
product_hourly,,,,,,,,,,,,14.0,,,13.0,,12.0,1.0,0.0,1.0,3.0,,,,,,,,,,,,,,,,,,,,2783905.0
product_hourly,,,,,,,,,,,,11.0,,,10.0,,10.0,1.0,0.0,0.0,4.0,,,,,,,,,,,,,,,,,,,,2783905.0
product_hourly,,,,,,,,,,,,12.0,,,12.0,,10.0,2.0,0.0,0.0,5.0,,,,,,,,,,,,,,,,,,,,2783905.0
product_hourly,,,,,,,,,,,,14.0,,,10.0,,13.0,1.0,0.0,0.0,6.0,,,,,,,,,,,,,,,,,,,,2783905.0
product_hourly,,,,,,,,,,,,17.0,,,14.0,,13.0,1.0,3.0,0.0,7.0,,,,,,,,,,,,,,,,,,,,2783905.0
product_hourly,,,,,,,,,,,,14.0,,,14.0,,12.0,1.0,1.0,0.0,8.0,,,,,,,,,,,,,,,,,,,,2783905.0
product_hourly,,,,,,,,,,,,14.0,,,11.0,,14.0,0.0,0.0,0.0,9.0,,,,,,,,,,,,,,,,,,,,2783905.0
product_hourly,,,,,,,,,,,,13.0,,,12.0,,9.0,1.0,3.0,0.0,10.0,,,,,,,,,,,,,,,,,,,,2783905.0
product_hourly,,,,,,,,,,,,11.0,,,10.0,,9.0,1.0,1.0,0.0,11.0,,,,,,,,,,,,,,,,,,,,2783905.0
product_hourly,,,,,,,,,,,,12.0,,,11.0,,12.0,0.0,0.0,0.0,12.0,,,,,,,,,,,,,,,,,,,,2783905.0
product_hourly,,,,,,,,,,,,21.0,,,14.0,,18.0,1.0,2.0,0.0,13.0,,,,,,,,,,,,,,,,,,,,2783905.0
product_hourly,,,,,,,,,,,,20.0,,,16.0,,18.0,1.0,1.0,0.0,14.0,,,,,,,,,,,,,,,,,,,,2783905.0
product_hourly,,,,,,,,,,,,16.0,,,10.0,,15.0,0.0,1.0,0.0,15.0,,,,,,,,,,,,,,,,,,,,2783905.0
product_hourly,,,,,,,,,,,,9.0,,,8.0,,9.0,0.0,0.0,0.0,16.0,,,,,,,,,,,,,,,,,,,,2783905.0
product_hourly,,,,,,,,,,,,2.0,,,2.0,,2.0,0.0,0.0,0.0,17.0,,,,,,,,,,,,,,,,,,,,2783905.0
product_hourly,,,,,,,,,,,,4.0,,,3.0,,4.0,0.0,0.0,0.0,18.0,,,,,,,,,,,,,,,,,,,,2783905.0
product_hourly,,,,,,,,,,,,2.0,,,2.0,,2.0,0.0,0.0,0.0,19.0,,,,,,,,,,,,,,,,,,,,2783905.0
product_hourly,,,,,,,,,,,,1.0,,,1.0,,1.0,0.0,0.0,0.0,20.0,,,,,,,,,,,,,,,,,,,,2783905.0
product_hourly,,,,,,,,,,,,2.0,,,1.0,,2.0,0.0,0.0,0.0,21.0,,,,,,,,,,,,,,,,,,,,2783905.0
product_hourly,,,,,,,,,,,,4.0,,,4.0,,4.0,0.0,0.0,0.0,22.0,,,,,,,,,,,,,,,,,,,,2783905.0
product_hourly,,,,,,,,,,,,3.0,,,3.0,,3.0,0.0,0.0,0.0,23.0,,,,,,,,,,,,,,,,,,,,2783905.0
product_hourly,,,,,,,,,,,,3.0,,,3.0,,3.0,0.0,0.0,0.0,0.0,,,,,,,,,,,,,,,,,,,,2790543.0
product_hourly,,,,,,,,,,,,12.0,,,7.0,,10.0,1.0,1.0,0.0,1.0,,,,,,,,,,,,,,,,,,,,2790543.0
product_hourly,,,,,,,,,,,,10.0,,,9.0,,8.0,2.0,0.0,0.0,2.0,,,,,,,,,,,,,,,,,,,,2790543.0
product_hourly,,,,,,,,,,,,3.0,,,3.0,,3.0,0.0,0.0,0.0,3.0,,,,,,,,,,,,,,,,,,,,2790543.0
product_hourly,,,,,,,,,,,,10.0,,,9.0,,9.0,0.0,1.0,0.0,4.0,,,,,,,,,,,,,,,,,,,,2790543.0
product_hourly,,,,,,,,,,,,26.0,,,22.0,,24.0,0.0,1.0,1.0,5.0,,,,,,,,,,,,,,,,,,,,2790543.0
product_hourly,,,,,,,,,,,,20.0,,,15.0,,20.0,0.0,0.0,0.0,6.0,,,,,,,,,,,,,,,,,,,,2790543.0
product_hourly,,,,,,,,,,,,22.0,,,14.0,,20.0,0.0,1.0,1.0,7.0,,,,,,,,,,,,,,,,,,,,2790543.0
product_hourly,,,,,,,,,,,,16.0,,,16.0,,16.0,0.0,0.0,0.0,8.0,,,,,,,,,,,,,,,,,,,,2790543.0
product_hourly,,,,,,,,,,,,22.0,,,12.0,,20.0,0.0,2.0,0.0,9.0,,,,,,,,,,,,,,,,,,,,2790543.0
product_hourly,,,,,,,,,,,,15.0,,,10.0,,14.0,1.0,0.0,0.0,10.0,,,,,,,,,,,,,,,,,,,,2790543.0
product_hourly,,,,,,,,,,,,25.0,,,21.0,,22.0,1.0,1.0,1.0,11.0,,,,,,,,,,,,,,,,,,,,2790543.0
product_hourly,,,,,,,,,,,,17.0,,,12.0,,16.0,0.0,0.0,1.0,12.0,,,,,,,,,,,,,,,,,,,,2790543.0
product_hourly,,,,,,,,,,,,23.0,,,21.0,,19.0,2.0,2.0,0.0,13.0,,,,,,,,,,,,,,,,,,,,2790543.0
product_hourly,,,,,,,,,,,,27.0,,,20.0,,24.0,1.0,1.0,1.0,14.0,,,,,,,,,,,,,,,,,,,,2790543.0
product_hourly,,,,,,,,,,,,31.0,,,25.0,,29.0,0.0,2.0,0.0,15.0,,,,,,,,,,,,,,,,,,,,2790543.0
product_hourly,,,,,,,,,,,,18.0,,,11.0,,17.0,0.0,1.0,0.0,16.0,,,,,,,,,,,,,,,,,,,,2790543.0
product_hourly,,,,,,,,,,,,1.0,,,1.0,,0.0,0.0,0.0,1.0,17.0,,,,,,,,,,,,,,,,,,,,2790543.0
product_hourly,,,,,,,,,,,,1.0,,,1.0,,1.0,0.0,0.0,0.0,19.0,,,,,,,,,,,,,,,,,,,,2790543.0
product_hourly,,,,,,,,,,,,5.0,,,2.0,,4.0,0.0,0.0,1.0,20.0,,,,,,,,,,,,,,,,,,,,2790543.0
product_hourly,,,,,,,,,,,,3.0,,,3.0,,3.0,0.0,0.0,0.0,22.0,,,,,,,,,,,,,,,,,,,,2790543.0
product_hourly,,,,,,,,,,,,4.0,,,4.0,,4.0,0.0,0.0,0.0,23.0,,,,,,,,,,,,,,,,,,,,2790543.0
product_hourly,,,,,,,,,,,,14.0,,,13.0,,10.0,2.0,2.0,0.0,0.0,,,,,,,,,,,,,,,,,,,,2818406.0
product_hourly,,,,,,,,,,,,16.0,,,15.0,,14.0,1.0,0.0,1.0,1.0,,,,,,,,,,,,,,,,,,,,2818406.0
product_hourly,,,,,,,,,,,,11.0,,,11.0,,10.0,1.0,0.0,0.0,2.0,,,,,,,,,,,,,,,,,,,,2818406.0
product_hourly,,,,,,,,,,,,16.0,,,14.0,,14.0,0.0,1.0,1.0,3.0,,,,,,,,,,,,,,,,,,,,2818406.0
product_hourly,,,,,,,,,,,,16.0,,,15.0,,15.0,1.0,0.0,0.0,4.0,,,,,,,,,,,,,,,,,,,,2818406.0
product_hourly,,,,,,,,,,,,12.0,,,10.0,,10.0,1.0,0.0,1.0,5.0,,,,,,,,,,,,,,,,,,,,2818406.0
product_hourly,,,,,,,,,,,,20.0,,,18.0,,20.0,0.0,0.0,0.0,6.0,,,,,,,,,,,,,,,,,,,,2818406.0
product_hourly,,,,,,,,,,,,22.0,,,22.0,,21.0,1.0,0.0,0.0,7.0,,,,,,,,,,,,,,,,,,,,2818406.0
product_hourly,,,,,,,,,,,,19.0,,,15.0,,17.0,0.0,2.0,0.0,8.0,,,,,,,,,,,,,,,,,,,,2818406.0
product_hourly,,,,,,,,,,,,18.0,,,18.0,,15.0,1.0,2.0,0.0,9.0,,,,,,,,,,,,,,,,,,,,2818406.0
product_hourly,,,,,,,,,,,,18.0,,,18.0,,16.0,1.0,1.0,0.0,10.0,,,,,,,,,,,,,,,,,,,,2818406.0
product_hourly,,,,,,,,,,,,17.0,,,16.0,,14.0,1.0,2.0,0.0,11.0,,,,,,,,,,,,,,,,,,,,2818406.0
product_hourly,,,,,,,,,,,,27.0,,,27.0,,22.0,2.0,3.0,0.0,12.0,,,,,,,,,,,,,,,,,,,,2818406.0
product_hourly,,,,,,,,,,,,36.0,,,29.0,,34.0,1.0,1.0,0.0,13.0,,,,,,,,,,,,,,,,,,,,2818406.0
product_hourly,,,,,,,,,,,,33.0,,,32.0,,29.0,2.0,2.0,0.0,14.0,,,,,,,,,,,,,,,,,,,,2818406.0
product_hourly,,,,,,,,,,,,19.0,,,19.0,,13.0,4.0,2.0,0.0,15.0,,,,,,,,,,,,,,,,,,,,2818406.0
product_hourly,,,,,,,,,,,,14.0,,,11.0,,14.0,0.0,0.0,0.0,16.0,,,,,,,,,,,,,,,,,,,,2818406.0
product_hourly,,,,,,,,,,,,9.0,,,9.0,,8.0,0.0,1.0,0.0,17.0,,,,,,,,,,,,,,,,,,,,2818406.0
product_hourly,,,,,,,,,,,,1.0,,,1.0,,1.0,0.0,0.0,0.0,18.0,,,,,,,,,,,,,,,,,,,,2818406.0
product_hourly,,,,,,,,,,,,4.0,,,4.0,,3.0,0.0,1.0,0.0,19.0,,,,,,,,,,,,,,,,,,,,2818406.0
product_hourly,,,,,,,,,,,,5.0,,,2.0,,4.0,0.0,0.0,1.0,20.0,,,,,,,,,,,,,,,,,,,,2818406.0
product_hourly,,,,,,,,,,,,2.0,,,2.0,,2.0,0.0,0.0,0.0,21.0,,,,,,,,,,,,,,,,,,,,2818406.0
product_hourly,,,,,,,,,,,,7.0,,,7.0,,5.0,1.0,1.0,0.0,22.0,,,,,,,,,,,,,,,,,,,,2818406.0
product_hourly,,,,,,,,,,,,14.0,,,13.0,,13.0,1.0,0.0,0.0,23.0,,,,,,,,,,,,,,,,,,,,2818406.0
product_hourly,,,,,,,,,,,,14.0,,,13.0,,13.0,0.0,1.0,0.0,0.0,,,,,,,,,,,,,,,,,,,,2828948.0
product_hourly,,,,,,,,,,,,14.0,,,10.0,,14.0,0.0,0.0,0.0,1.0,,,,,,,,,,,,,,,,,,,,2828948.0
product_hourly,,,,,,,,,,,,13.0,,,12.0,,12.0,0.0,1.0,0.0,2.0,,,,,,,,,,,,,,,,,,,,2828948.0
product_hourly,,,,,,,,,,,,14.0,,,12.0,,11.0,0.0,2.0,1.0,3.0,,,,,,,,,,,,,,,,,,,,2828948.0
product_hourly,,,,,,,,,,,,14.0,,,14.0,,10.0,3.0,1.0,0.0,4.0,,,,,,,,,,,,,,,,,,,,2828948.0
product_hourly,,,,,,,,,,,,14.0,,,10.0,,13.0,0.0,1.0,0.0,5.0,,,,,,,,,,,,,,,,,,,,2828948.0
product_hourly,,,,,,,,,,,,9.0,,,9.0,,7.0,1.0,1.0,0.0,6.0,,,,,,,,,,,,,,,,,,,,2828948.0
product_hourly,,,,,,,,,,,,14.0,,,12.0,,13.0,1.0,0.0,0.0,7.0,,,,,,,,,,,,,,,,,,,,2828948.0
product_hourly,,,,,,,,,,,,8.0,,,5.0,,7.0,1.0,0.0,0.0,8.0,,,,,,,,,,,,,,,,,,,,2828948.0
product_hourly,,,,,,,,,,,,18.0,,,17.0,,17.0,1.0,0.0,0.0,9.0,,,,,,,,,,,,,,,,,,,,2828948.0
product_hourly,,,,,,,,,,,,5.0,,,5.0,,5.0,0.0,0.0,0.0,10.0,,,,,,,,,,,,,,,,,,,,2828948.0
product_hourly,,,,,,,,,,,,13.0,,,12.0,,12.0,1.0,0.0,0.0,11.0,,,,,,,,,,,,,,,,,,,,2828948.0
product_hourly,,,,,,,,,,,,13.0,,,13.0,,13.0,0.0,0.0,0.0,12.0,,,,,,,,,,,,,,,,,,,,2828948.0
product_hourly,,,,,,,,,,,,12.0,,,12.0,,12.0,0.0,0.0,0.0,13.0,,,,,,,,,,,,,,,,,,,,2828948.0
product_hourly,,,,,,,,,,,,24.0,,,20.0,,21.0,0.0,3.0,0.0,14.0,,,,,,,,,,,,,,,,,,,,2828948.0
product_hourly,,,,,,,,,,,,16.0,,,14.0,,15.0,1.0,0.0,0.0,15.0,,,,,,,,,,,,,,,,,,,,2828948.0
product_hourly,,,,,,,,,,,,5.0,,,5.0,,5.0,0.0,0.0,0.0,16.0,,,,,,,,,,,,,,,,,,,,2828948.0
product_hourly,,,,,,,,,,,,3.0,,,3.0,,3.0,0.0,0.0,0.0,17.0,,,,,,,,,,,,,,,,,,,,2828948.0
product_hourly,,,,,,,,,,,,2.0,,,2.0,,2.0,0.0,0.0,0.0,18.0,,,,,,,,,,,,,,,,,,,,2828948.0
product_hourly,,,,,,,,,,,,1.0,,,1.0,,1.0,0.0,0.0,0.0,19.0,,,,,,,,,,,,,,,,,,,,2828948.0
product_hourly,,,,,,,,,,,,3.0,,,2.0,,2.0,0.0,1.0,0.0,21.0,,,,,,,,,,,,,,,,,,,,2828948.0
product_hourly,,,,,,,,,,,,4.0,,,4.0,,4.0,0.0,0.0,0.0,22.0,,,,,,,,,,,,,,,,,,,,2828948.0
product_hourly,,,,,,,,,,,,6.0,,,6.0,,6.0,0.0,0.0,0.0,23.0,,,,,,,,,,,,,,,,,,,,2828948.0
product_hourly,,,,,,,,,,,,4.0,,,4.0,,2.0,0.0,1.0,1.0,0.0,,,,,,,,,,,,,,,,,,,,2964774.0
product_hourly,,,,,,,,,,,,13.0,,,7.0,,10.0,0.0,1.0,2.0,1.0,,,,,,,,,,,,,,,,,,,,2964774.0
product_hourly,,,,,,,,,,,,8.0,,,7.0,,4.0,0.0,3.0,1.0,2.0,,,,,,,,,,,,,,,,,,,,2964774.0
product_hourly,,,,,,,,,,,,16.0,,,12.0,,15.0,0.0,0.0,1.0,3.0,,,,,,,,,,,,,,,,,,,,2964774.0
product_hourly,,,,,,,,,,,,12.0,,,9.0,,9.0,0.0,0.0,3.0,4.0,,,,,,,,,,,,,,,,,,,,2964774.0
product_hourly,,,,,,,,,,,,9.0,,,8.0,,8.0,0.0,1.0,0.0,5.0,,,,,,,,,,,,,,,,,,,,2964774.0
product_hourly,,,,,,,,,,,,10.0,,,5.0,,9.0,0.0,1.0,0.0,6.0,,,,,,,,,,,,,,,,,,,,2964774.0
product_hourly,,,,,,,,,,,,19.0,,,11.0,,16.0,0.0,2.0,1.0,7.0,,,,,,,,,,,,,,,,,,,,2964774.0
product_hourly,,,,,,,,,,,,8.0,,,8.0,,7.0,0.0,0.0,1.0,8.0,,,,,,,,,,,,,,,,,,,,2964774.0
product_hourly,,,,,,,,,,,,12.0,,,6.0,,10.0,0.0,1.0,1.0,9.0,,,,,,,,,,,,,,,,,,,,2964774.0
product_hourly,,,,,,,,,,,,16.0,,,11.0,,16.0,0.0,0.0,0.0,10.0,,,,,,,,,,,,,,,,,,,,2964774.0
product_hourly,,,,,,,,,,,,10.0,,,8.0,,9.0,0.0,1.0,0.0,11.0,,,,,,,,,,,,,,,,,,,,2964774.0
product_hourly,,,,,,,,,,,,14.0,,,12.0,,13.0,0.0,0.0,1.0,12.0,,,,,,,,,,,,,,,,,,,,2964774.0
product_hourly,,,,,,,,,,,,12.0,,,10.0,,10.0,0.0,2.0,0.0,13.0,,,,,,,,,,,,,,,,,,,,2964774.0
product_hourly,,,,,,,,,,,,9.0,,,9.0,,7.0,0.0,1.0,1.0,14.0,,,,,,,,,,,,,,,,,,,,2964774.0
product_hourly,,,,,,,,,,,,8.0,,,7.0,,4.0,0.0,4.0,0.0,15.0,,,,,,,,,,,,,,,,,,,,2964774.0
product_hourly,,,,,,,,,,,,5.0,,,4.0,,4.0,0.0,0.0,1.0,16.0,,,,,,,,,,,,,,,,,,,,2964774.0
product_hourly,,,,,,,,,,,,1.0,,,1.0,,1.0,0.0,0.0,0.0,17.0,,,,,,,,,,,,,,,,,,,,2964774.0
product_hourly,,,,,,,,,,,,1.0,,,1.0,,1.0,0.0,0.0,0.0,18.0,,,,,,,,,,,,,,,,,,,,2964774.0
product_hourly,,,,,,,,,,,,1.0,,,1.0,,1.0,0.0,0.0,0.0,20.0,,,,,,,,,,,,,,,,,,,,2964774.0
product_hourly,,,,,,,,,,,,1.0,,,1.0,,1.0,0.0,0.0,0.0,21.0,,,,,,,,,,,,,,,,,,,,2964774.0
product_hourly,,,,,,,,,,,,3.0,,,3.0,,2.0,0.0,0.0,1.0,22.0,,,,,,,,,,,,,,,,,,,,2964774.0
product_hourly,,,,,,,,,,,,7.0,,,6.0,,6.0,0.0,1.0,0.0,23.0,,,,,,,,,,,,,,,,,,,,2964774.0
product_hourly,,,,,,,,,,,,13.0,,,13.0,,10.0,1.0,2.0,0.0,0.0,,,,,,,,,,,,,,,,,,,,3000506.0
product_hourly,,,,,,,,,,,,13.0,,,13.0,,12.0,0.0,1.0,0.0,1.0,,,,,,,,,,,,,,,,,,,,3000506.0
product_hourly,,,,,,,,,,,,4.0,,,4.0,,3.0,1.0,0.0,0.0,2.0,,,,,,,,,,,,,,,,,,,,3000506.0
product_hourly,,,,,,,,,,,,9.0,,,9.0,,9.0,0.0,0.0,0.0,3.0,,,,,,,,,,,,,,,,,,,,3000506.0
product_hourly,,,,,,,,,,,,9.0,,,9.0,,9.0,0.0,0.0,0.0,4.0,,,,,,,,,,,,,,,,,,,,3000506.0
product_hourly,,,,,,,,,,,,7.0,,,7.0,,5.0,1.0,1.0,0.0,5.0,,,,,,,,,,,,,,,,,,,,3000506.0
product_hourly,,,,,,,,,,,,12.0,,,12.0,,11.0,0.0,1.0,0.0,6.0,,,,,,,,,,,,,,,,,,,,3000506.0
product_hourly,,,,,,,,,,,,10.0,,,10.0,,10.0,0.0,0.0,0.0,7.0,,,,,,,,,,,,,,,,,,,,3000506.0
product_hourly,,,,,,,,,,,,10.0,,,10.0,,10.0,0.0,0.0,0.0,8.0,,,,,,,,,,,,,,,,,,,,3000506.0
product_hourly,,,,,,,,,,,,9.0,,,8.0,,9.0,0.0,0.0,0.0,9.0,,,,,,,,,,,,,,,,,,,,3000506.0
product_hourly,,,,,,,,,,,,10.0,,,10.0,,9.0,0.0,1.0,0.0,10.0,,,,,,,,,,,,,,,,,,,,3000506.0
product_hourly,,,,,,,,,,,,9.0,,,9.0,,9.0,0.0,0.0,0.0,11.0,,,,,,,,,,,,,,,,,,,,3000506.0
product_hourly,,,,,,,,,,,,14.0,,,14.0,,13.0,1.0,0.0,0.0,12.0,,,,,,,,,,,,,,,,,,,,3000506.0
product_hourly,,,,,,,,,,,,19.0,,,19.0,,19.0,0.0,0.0,0.0,13.0,,,,,,,,,,,,,,,,,,,,3000506.0
product_hourly,,,,,,,,,,,,16.0,,,16.0,,16.0,0.0,0.0,0.0,14.0,,,,,,,,,,,,,,,,,,,,3000506.0
product_hourly,,,,,,,,,,,,6.0,,,6.0,,6.0,0.0,0.0,0.0,15.0,,,,,,,,,,,,,,,,,,,,3000506.0
product_hourly,,,,,,,,,,,,3.0,,,3.0,,3.0,0.0,0.0,0.0,16.0,,,,,,,,,,,,,,,,,,,,3000506.0
product_hourly,,,,,,,,,,,,4.0,,,4.0,,4.0,0.0,0.0,0.0,17.0,,,,,,,,,,,,,,,,,,,,3000506.0
product_hourly,,,,,,,,,,,,1.0,,,1.0,,1.0,0.0,0.0,0.0,18.0,,,,,,,,,,,,,,,,,,,,3000506.0
product_hourly,,,,,,,,,,,,1.0,,,1.0,,1.0,0.0,0.0,0.0,19.0,,,,,,,,,,,,,,,,,,,,3000506.0
product_hourly,,,,,,,,,,,,1.0,,,1.0,,1.0,0.0,0.0,0.0,20.0,,,,,,,,,,,,,,,,,,,,3000506.0
product_hourly,,,,,,,,,,,,1.0,,,1.0,,1.0,0.0,0.0,0.0,21.0,,,,,,,,,,,,,,,,,,,,3000506.0
product_hourly,,,,,,,,,,,,2.0,,,2.0,,1.0,1.0,0.0,0.0,22.0,,,,,,,,,,,,,,,,,,,,3000506.0
product_hourly,,,,,,,,,,,,6.0,,,6.0,,6.0,0.0,0.0,0.0,23.0,,,,,,,,,,,,,,,,,,,,3000506.0
product_hourly,,,,,,,,,,,,13.0,,,11.0,,11.0,1.0,1.0,0.0,0.0,,,,,,,,,,,,,,,,,,,,3011437.0
product_hourly,,,,,,,,,,,,24.0,,,16.0,,22.0,2.0,0.0,0.0,1.0,,,,,,,,,,,,,,,,,,,,3011437.0
product_hourly,,,,,,,,,,,,12.0,,,9.0,,10.0,2.0,0.0,0.0,2.0,,,,,,,,,,,,,,,,,,,,3011437.0
product_hourly,,,,,,,,,,,,18.0,,,15.0,,18.0,0.0,0.0,0.0,3.0,,,,,,,,,,,,,,,,,,,,3011437.0
product_hourly,,,,,,,,,,,,10.0,,,9.0,,8.0,1.0,1.0,0.0,4.0,,,,,,,,,,,,,,,,,,,,3011437.0
product_hourly,,,,,,,,,,,,18.0,,,11.0,,17.0,1.0,0.0,0.0,5.0,,,,,,,,,,,,,,,,,,,,3011437.0
product_hourly,,,,,,,,,,,,10.0,,,7.0,,9.0,0.0,0.0,1.0,6.0,,,,,,,,,,,,,,,,,,,,3011437.0
product_hourly,,,,,,,,,,,,14.0,,,12.0,,14.0,0.0,0.0,0.0,7.0,,,,,,,,,,,,,,,,,,,,3011437.0
product_hourly,,,,,,,,,,,,11.0,,,10.0,,11.0,0.0,0.0,0.0,8.0,,,,,,,,,,,,,,,,,,,,3011437.0
product_hourly,,,,,,,,,,,,13.0,,,13.0,,13.0,0.0,0.0,0.0,9.0,,,,,,,,,,,,,,,,,,,,3011437.0
product_hourly,,,,,,,,,,,,11.0,,,9.0,,9.0,0.0,2.0,0.0,10.0,,,,,,,,,,,,,,,,,,,,3011437.0
product_hourly,,,,,,,,,,,,15.0,,,15.0,,14.0,0.0,1.0,0.0,11.0,,,,,,,,,,,,,,,,,,,,3011437.0
product_hourly,,,,,,,,,,,,17.0,,,15.0,,17.0,0.0,0.0,0.0,12.0,,,,,,,,,,,,,,,,,,,,3011437.0
product_hourly,,,,,,,,,,,,15.0,,,14.0,,15.0,0.0,0.0,0.0,13.0,,,,,,,,,,,,,,,,,,,,3011437.0
product_hourly,,,,,,,,,,,,21.0,,,17.0,,19.0,0.0,2.0,0.0,14.0,,,,,,,,,,,,,,,,,,,,3011437.0
product_hourly,,,,,,,,,,,,12.0,,,12.0,,11.0,1.0,0.0,0.0,15.0,,,,,,,,,,,,,,,,,,,,3011437.0
product_hourly,,,,,,,,,,,,6.0,,,6.0,,6.0,0.0,0.0,0.0,16.0,,,,,,,,,,,,,,,,,,,,3011437.0
product_hourly,,,,,,,,,,,,2.0,,,2.0,,2.0,0.0,0.0,0.0,17.0,,,,,,,,,,,,,,,,,,,,3011437.0
product_hourly,,,,,,,,,,,,1.0,,,1.0,,1.0,0.0,0.0,0.0,19.0,,,,,,,,,,,,,,,,,,,,3011437.0
product_hourly,,,,,,,,,,,,1.0,,,1.0,,1.0,0.0,0.0,0.0,20.0,,,,,,,,,,,,,,,,,,,,3011437.0
product_hourly,,,,,,,,,,,,1.0,,,1.0,,1.0,0.0,0.0,0.0,21.0,,,,,,,,,,,,,,,,,,,,3011437.0
product_hourly,,,,,,,,,,,,5.0,,,5.0,,4.0,0.0,1.0,0.0,22.0,,,,,,,,,,,,,,,,,,,,3011437.0
product_hourly,,,,,,,,,,,,11.0,,,7.0,,11.0,0.0,0.0,0.0,23.0,,,,,,,,,,,,,,,,,,,,3011437.0
product_hourly,,,,,,,,,,,,23.0,,,19.0,,21.0,0.0,1.0,1.0,0.0,,,,,,,,,,,,,,,,,,,,3031354.0
product_hourly,,,,,,,,,,,,21.0,,,17.0,,19.0,0.0,2.0,0.0,1.0,,,,,,,,,,,,,,,,,,,,3031354.0
product_hourly,,,,,,,,,,,,25.0,,,21.0,,24.0,0.0,0.0,1.0,2.0,,,,,,,,,,,,,,,,,,,,3031354.0
product_hourly,,,,,,,,,,,,20.0,,,19.0,,19.0,0.0,1.0,0.0,3.0,,,,,,,,,,,,,,,,,,,,3031354.0
product_hourly,,,,,,,,,,,,24.0,,,20.0,,18.0,0.0,4.0,2.0,4.0,,,,,,,,,,,,,,,,,,,,3031354.0
product_hourly,,,,,,,,,,,,28.0,,,21.0,,25.0,0.0,1.0,2.0,5.0,,,,,,,,,,,,,,,,,,,,3031354.0
product_hourly,,,,,,,,,,,,23.0,,,13.0,,20.0,0.0,2.0,1.0,6.0,,,,,,,,,,,,,,,,,,,,3031354.0
product_hourly,,,,,,,,,,,,24.0,,,22.0,,24.0,0.0,0.0,0.0,7.0,,,,,,,,,,,,,,,,,,,,3031354.0
product_hourly,,,,,,,,,,,,27.0,,,21.0,,23.0,0.0,3.0,1.0,8.0,,,,,,,,,,,,,,,,,,,,3031354.0
product_hourly,,,,,,,,,,,,26.0,,,23.0,,20.0,0.0,5.0,1.0,9.0,,,,,,,,,,,,,,,,,,,,3031354.0
product_hourly,,,,,,,,,,,,39.0,,,26.0,,35.0,0.0,2.0,2.0,10.0,,,,,,,,,,,,,,,,,,,,3031354.0
product_hourly,,,,,,,,,,,,32.0,,,28.0,,28.0,0.0,3.0,1.0,11.0,,,,,,,,,,,,,,,,,,,,3031354.0
product_hourly,,,,,,,,,,,,25.0,,,21.0,,23.0,0.0,2.0,0.0,12.0,,,,,,,,,,,,,,,,,,,,3031354.0
product_hourly,,,,,,,,,,,,40.0,,,31.0,,33.0,1.0,5.0,1.0,13.0,,,,,,,,,,,,,,,,,,,,3031354.0
product_hourly,,,,,,,,,,,,29.0,,,26.0,,21.0,2.0,4.0,2.0,14.0,,,,,,,,,,,,,,,,,,,,3031354.0
product_hourly,,,,,,,,,,,,28.0,,,25.0,,21.0,1.0,5.0,1.0,15.0,,,,,,,,,,,,,,,,,,,,3031354.0
product_hourly,,,,,,,,,,,,10.0,,,10.0,,10.0,0.0,0.0,0.0,16.0,,,,,,,,,,,,,,,,,,,,3031354.0
product_hourly,,,,,,,,,,,,6.0,,,6.0,,6.0,0.0,0.0,0.0,17.0,,,,,,,,,,,,,,,,,,,,3031354.0
product_hourly,,,,,,,,,,,,2.0,,,2.0,,2.0,0.0,0.0,0.0,18.0,,,,,,,,,,,,,,,,,,,,3031354.0
product_hourly,,,,,,,,,,,,4.0,,,3.0,,4.0,0.0,0.0,0.0,19.0,,,,,,,,,,,,,,,,,,,,3031354.0
product_hourly,,,,,,,,,,,,1.0,,,1.0,,1.0,0.0,0.0,0.0,20.0,,,,,,,,,,,,,,,,,,,,3031354.0
product_hourly,,,,,,,,,,,,8.0,,,4.0,,8.0,0.0,0.0,0.0,21.0,,,,,,,,,,,,,,,,,,,,3031354.0
product_hourly,,,,,,,,,,,,5.0,,,5.0,,5.0,0.0,0.0,0.0,22.0,,,,,,,,,,,,,,,,,,,,3031354.0
product_hourly,,,,,,,,,,,,13.0,,,11.0,,11.0,0.0,2.0,0.0,23.0,,,,,,,,,,,,,,,,,,,,3031354.0
product_hourly,,,,,,,,,,,,6.0,,,6.0,,5.0,0.0,1.0,0.0,0.0,,,,,,,,,,,,,,,,,,,,3077270.0
product_hourly,,,,,,,,,,,,8.0,,,7.0,,6.0,0.0,2.0,0.0,1.0,,,,,,,,,,,,,,,,,,,,3077270.0
product_hourly,,,,,,,,,,,,5.0,,,5.0,,4.0,0.0,1.0,0.0,2.0,,,,,,,,,,,,,,,,,,,,3077270.0
product_hourly,,,,,,,,,,,,5.0,,,5.0,,5.0,0.0,0.0,0.0,3.0,,,,,,,,,,,,,,,,,,,,3077270.0
product_hourly,,,,,,,,,,,,14.0,,,13.0,,11.0,0.0,3.0,0.0,4.0,,,,,,,,,,,,,,,,,,,,3077270.0
product_hourly,,,,,,,,,,,,6.0,,,5.0,,6.0,0.0,0.0,0.0,5.0,,,,,,,,,,,,,,,,,,,,3077270.0
product_hourly,,,,,,,,,,,,18.0,,,13.0,,15.0,1.0,2.0,0.0,6.0,,,,,,,,,,,,,,,,,,,,3077270.0
product_hourly,,,,,,,,,,,,10.0,,,10.0,,9.0,0.0,1.0,0.0,7.0,,,,,,,,,,,,,,,,,,,,3077270.0
product_hourly,,,,,,,,,,,,10.0,,,9.0,,10.0,0.0,0.0,0.0,8.0,,,,,,,,,,,,,,,,,,,,3077270.0
product_hourly,,,,,,,,,,,,12.0,,,10.0,,11.0,0.0,0.0,1.0,9.0,,,,,,,,,,,,,,,,,,,,3077270.0
product_hourly,,,,,,,,,,,,11.0,,,11.0,,9.0,1.0,1.0,0.0,10.0,,,,,,,,,,,,,,,,,,,,3077270.0
product_hourly,,,,,,,,,,,,14.0,,,14.0,,12.0,0.0,2.0,0.0,11.0,,,,,,,,,,,,,,,,,,,,3077270.0
product_hourly,,,,,,,,,,,,15.0,,,13.0,,15.0,0.0,0.0,0.0,12.0,,,,,,,,,,,,,,,,,,,,3077270.0
product_hourly,,,,,,,,,,,,18.0,,,16.0,,18.0,0.0,0.0,0.0,13.0,,,,,,,,,,,,,,,,,,,,3077270.0
product_hourly,,,,,,,,,,,,22.0,,,14.0,,18.0,1.0,2.0,1.0,14.0,,,,,,,,,,,,,,,,,,,,3077270.0
product_hourly,,,,,,,,,,,,13.0,,,13.0,,12.0,1.0,0.0,0.0,15.0,,,,,,,,,,,,,,,,,,,,3077270.0
product_hourly,,,,,,,,,,,,8.0,,,7.0,,8.0,0.0,0.0,0.0,16.0,,,,,,,,,,,,,,,,,,,,3077270.0
product_hourly,,,,,,,,,,,,2.0,,,2.0,,2.0,0.0,0.0,0.0,17.0,,,,,,,,,,,,,,,,,,,,3077270.0
product_hourly,,,,,,,,,,,,2.0,,,2.0,,1.0,0.0,1.0,0.0,18.0,,,,,,,,,,,,,,,,,,,,3077270.0
product_hourly,,,,,,,,,,,,4.0,,,1.0,,3.0,1.0,0.0,0.0,21.0,,,,,,,,,,,,,,,,,,,,3077270.0
product_hourly,,,,,,,,,,,,5.0,,,4.0,,4.0,1.0,0.0,0.0,22.0,,,,,,,,,,,,,,,,,,,,3077270.0
product_hourly,,,,,,,,,,,,7.0,,,7.0,,3.0,0.0,4.0,0.0,23.0,,,,,,,,,,,,,,,,,,,,3077270.0
product_hourly,,,,,,,,,,,,2.0,,,2.0,,1.0,1.0,0.0,0.0,0.0,,,,,,,,,,,,,,,,,,,,3080593.0
product_hourly,,,,,,,,,,,,7.0,,,6.0,,7.0,0.0,0.0,0.0,1.0,,,,,,,,,,,,,,,,,,,,3080593.0
product_hourly,,,,,,,,,,,,4.0,,,4.0,,4.0,0.0,0.0,0.0,2.0,,,,,,,,,,,,,,,,,,,,3080593.0
product_hourly,,,,,,,,,,,,12.0,,,9.0,,11.0,0.0,1.0,0.0,3.0,,,,,,,,,,,,,,,,,,,,3080593.0
product_hourly,,,,,,,,,,,,10.0,,,7.0,,10.0,0.0,0.0,0.0,4.0,,,,,,,,,,,,,,,,,,,,3080593.0
product_hourly,,,,,,,,,,,,8.0,,,7.0,,8.0,0.0,0.0,0.0,5.0,,,,,,,,,,,,,,,,,,,,3080593.0
product_hourly,,,,,,,,,,,,9.0,,,9.0,,8.0,0.0,1.0,0.0,6.0,,,,,,,,,,,,,,,,,,,,3080593.0
product_hourly,,,,,,,,,,,,8.0,,,7.0,,7.0,0.0,1.0,0.0,7.0,,,,,,,,,,,,,,,,,,,,3080593.0
product_hourly,,,,,,,,,,,,14.0,,,12.0,,12.0,2.0,0.0,0.0,8.0,,,,,,,,,,,,,,,,,,,,3080593.0
product_hourly,,,,,,,,,,,,15.0,,,12.0,,13.0,0.0,2.0,0.0,9.0,,,,,,,,,,,,,,,,,,,,3080593.0
product_hourly,,,,,,,,,,,,11.0,,,11.0,,10.0,1.0,0.0,0.0,10.0,,,,,,,,,,,,,,,,,,,,3080593.0
product_hourly,,,,,,,,,,,,16.0,,,12.0,,16.0,0.0,0.0,0.0,11.0,,,,,,,,,,,,,,,,,,,,3080593.0
product_hourly,,,,,,,,,,,,13.0,,,11.0,,11.0,1.0,1.0,0.0,12.0,,,,,,,,,,,,,,,,,,,,3080593.0
product_hourly,,,,,,,,,,,,13.0,,,9.0,,13.0,0.0,0.0,0.0,13.0,,,,,,,,,,,,,,,,,,,,3080593.0
product_hourly,,,,,,,,,,,,15.0,,,13.0,,14.0,0.0,1.0,0.0,14.0,,,,,,,,,,,,,,,,,,,,3080593.0
product_hourly,,,,,,,,,,,,10.0,,,9.0,,9.0,1.0,0.0,0.0,15.0,,,,,,,,,,,,,,,,,,,,3080593.0
product_hourly,,,,,,,,,,,,2.0,,,2.0,,2.0,0.0,0.0,0.0,16.0,,,,,,,,,,,,,,,,,,,,3080593.0
product_hourly,,,,,,,,,,,,2.0,,,1.0,,2.0,0.0,0.0,0.0,17.0,,,,,,,,,,,,,,,,,,,,3080593.0
product_hourly,,,,,,,,,,,,3.0,,,3.0,,3.0,0.0,0.0,0.0,19.0,,,,,,,,,,,,,,,,,,,,3080593.0
product_hourly,,,,,,,,,,,,7.0,,,2.0,,6.0,0.0,1.0,0.0,20.0,,,,,,,,,,,,,,,,,,,,3080593.0
product_hourly,,,,,,,,,,,,2.0,,,2.0,,2.0,0.0,0.0,0.0,22.0,,,,,,,,,,,,,,,,,,,,3080593.0
product_hourly,,,,,,,,,,,,4.0,,,3.0,,4.0,0.0,0.0,0.0,23.0,,,,,,,,,,,,,,,,,,,,3080593.0
product_hourly,,,,,,,,,,,,7.0,,,7.0,,6.0,1.0,0.0,0.0,0.0,,,,,,,,,,,,,,,,,,,,3159978.0
product_hourly,,,,,,,,,,,,15.0,,,12.0,,15.0,0.0,0.0,0.0,1.0,,,,,,,,,,,,,,,,,,,,3159978.0
product_hourly,,,,,,,,,,,,21.0,,,18.0,,17.0,1.0,3.0,0.0,2.0,,,,,,,,,,,,,,,,,,,,3159978.0
product_hourly,,,,,,,,,,,,9.0,,,7.0,,9.0,0.0,0.0,0.0,3.0,,,,,,,,,,,,,,,,,,,,3159978.0
product_hourly,,,,,,,,,,,,14.0,,,11.0,,12.0,1.0,1.0,0.0,4.0,,,,,,,,,,,,,,,,,,,,3159978.0
product_hourly,,,,,,,,,,,,18.0,,,17.0,,17.0,1.0,0.0,0.0,5.0,,,,,,,,,,,,,,,,,,,,3159978.0
product_hourly,,,,,,,,,,,,16.0,,,13.0,,13.0,0.0,3.0,0.0,6.0,,,,,,,,,,,,,,,,,,,,3159978.0
product_hourly,,,,,,,,,,,,15.0,,,14.0,,14.0,0.0,1.0,0.0,7.0,,,,,,,,,,,,,,,,,,,,3159978.0
product_hourly,,,,,,,,,,,,15.0,,,14.0,,15.0,0.0,0.0,0.0,8.0,,,,,,,,,,,,,,,,,,,,3159978.0
product_hourly,,,,,,,,,,,,10.0,,,10.0,,9.0,1.0,0.0,0.0,9.0,,,,,,,,,,,,,,,,,,,,3159978.0
product_hourly,,,,,,,,,,,,8.0,,,6.0,,8.0,0.0,0.0,0.0,10.0,,,,,,,,,,,,,,,,,,,,3159978.0
product_hourly,,,,,,,,,,,,19.0,,,11.0,,18.0,1.0,0.0,0.0,11.0,,,,,,,,,,,,,,,,,,,,3159978.0
product_hourly,,,,,,,,,,,,24.0,,,19.0,,21.0,1.0,2.0,0.0,12.0,,,,,,,,,,,,,,,,,,,,3159978.0
product_hourly,,,,,,,,,,,,19.0,,,17.0,,14.0,2.0,1.0,2.0,13.0,,,,,,,,,,,,,,,,,,,,3159978.0
product_hourly,,,,,,,,,,,,26.0,,,21.0,,24.0,2.0,0.0,0.0,14.0,,,,,,,,,,,,,,,,,,,,3159978.0
product_hourly,,,,,,,,,,,,17.0,,,12.0,,13.0,2.0,2.0,0.0,15.0,,,,,,,,,,,,,,,,,,,,3159978.0
product_hourly,,,,,,,,,,,,3.0,,,3.0,,2.0,0.0,1.0,0.0,16.0,,,,,,,,,,,,,,,,,,,,3159978.0
product_hourly,,,,,,,,,,,,2.0,,,2.0,,2.0,0.0,0.0,0.0,17.0,,,,,,,,,,,,,,,,,,,,3159978.0
product_hourly,,,,,,,,,,,,1.0,,,1.0,,1.0,0.0,0.0,0.0,18.0,,,,,,,,,,,,,,,,,,,,3159978.0
product_hourly,,,,,,,,,,,,4.0,,,3.0,,4.0,0.0,0.0,0.0,19.0,,,,,,,,,,,,,,,,,,,,3159978.0
product_hourly,,,,,,,,,,,,6.0,,,5.0,,6.0,0.0,0.0,0.0,21.0,,,,,,,,,,,,,,,,,,,,3159978.0
product_hourly,,,,,,,,,,,,3.0,,,3.0,,3.0,0.0,0.0,0.0,22.0,,,,,,,,,,,,,,,,,,,,3159978.0
product_hourly,,,,,,,,,,,,5.0,,,4.0,,4.0,1.0,0.0,0.0,23.0,,,,,,,,,,,,,,,,,,,,3159978.0
product_hourly,,,,,,,,,,,,8.0,,,8.0,,8.0,0.0,0.0,0.0,0.0,,,,,,,,,,,,,,,,,,,,3244134.0
product_hourly,,,,,,,,,,,,14.0,,,10.0,,13.0,0.0,1.0,0.0,1.0,,,,,,,,,,,,,,,,,,,,3244134.0
product_hourly,,,,,,,,,,,,12.0,,,8.0,,12.0,0.0,0.0,0.0,2.0,,,,,,,,,,,,,,,,,,,,3244134.0
product_hourly,,,,,,,,,,,,6.0,,,6.0,,5.0,0.0,1.0,0.0,3.0,,,,,,,,,,,,,,,,,,,,3244134.0
product_hourly,,,,,,,,,,,,7.0,,,6.0,,6.0,0.0,1.0,0.0,4.0,,,,,,,,,,,,,,,,,,,,3244134.0
product_hourly,,,,,,,,,,,,15.0,,,14.0,,14.0,0.0,1.0,0.0,5.0,,,,,,,,,,,,,,,,,,,,3244134.0
product_hourly,,,,,,,,,,,,14.0,,,10.0,,13.0,0.0,1.0,0.0,6.0,,,,,,,,,,,,,,,,,,,,3244134.0
product_hourly,,,,,,,,,,,,5.0,,,5.0,,5.0,0.0,0.0,0.0,7.0,,,,,,,,,,,,,,,,,,,,3244134.0
product_hourly,,,,,,,,,,,,8.0,,,7.0,,7.0,0.0,1.0,0.0,8.0,,,,,,,,,,,,,,,,,,,,3244134.0
product_hourly,,,,,,,,,,,,19.0,,,9.0,,18.0,0.0,1.0,0.0,9.0,,,,,,,,,,,,,,,,,,,,3244134.0
product_hourly,,,,,,,,,,,,16.0,,,11.0,,14.0,0.0,2.0,0.0,10.0,,,,,,,,,,,,,,,,,,,,3244134.0
product_hourly,,,,,,,,,,,,8.0,,,8.0,,7.0,1.0,0.0,0.0,11.0,,,,,,,,,,,,,,,,,,,,3244134.0
product_hourly,,,,,,,,,,,,13.0,,,12.0,,13.0,0.0,0.0,0.0,12.0,,,,,,,,,,,,,,,,,,,,3244134.0
product_hourly,,,,,,,,,,,,11.0,,,10.0,,11.0,0.0,0.0,0.0,13.0,,,,,,,,,,,,,,,,,,,,3244134.0
product_hourly,,,,,,,,,,,,12.0,,,9.0,,8.0,0.0,3.0,1.0,14.0,,,,,,,,,,,,,,,,,,,,3244134.0
product_hourly,,,,,,,,,,,,14.0,,,14.0,,12.0,1.0,1.0,0.0,15.0,,,,,,,,,,,,,,,,,,,,3244134.0
product_hourly,,,,,,,,,,,,7.0,,,4.0,,6.0,0.0,1.0,0.0,16.0,,,,,,,,,,,,,,,,,,,,3244134.0
product_hourly,,,,,,,,,,,,5.0,,,4.0,,5.0,0.0,0.0,0.0,17.0,,,,,,,,,,,,,,,,,,,,3244134.0
product_hourly,,,,,,,,,,,,1.0,,,1.0,,0.0,0.0,1.0,0.0,18.0,,,,,,,,,,,,,,,,,,,,3244134.0
product_hourly,,,,,,,,,,,,5.0,,,4.0,,3.0,1.0,1.0,0.0,23.0,,,,,,,,,,,,,,,,,,,,3244134.0
product_hourly,,,,,,,,,,,,7.0,,,7.0,,7.0,0.0,0.0,0.0,0.0,,,,,,,,,,,,,,,,,,,,3330337.0
product_hourly,,,,,,,,,,,,15.0,,,12.0,,14.0,1.0,0.0,0.0,1.0,,,,,,,,,,,,,,,,,,,,3330337.0
product_hourly,,,,,,,,,,,,16.0,,,15.0,,12.0,1.0,3.0,0.0,2.0,,,,,,,,,,,,,,,,,,,,3330337.0
product_hourly,,,,,,,,,,,,19.0,,,14.0,,16.0,2.0,1.0,0.0,3.0,,,,,,,,,,,,,,,,,,,,3330337.0
product_hourly,,,,,,,,,,,,9.0,,,9.0,,8.0,0.0,1.0,0.0,4.0,,,,,,,,,,,,,,,,,,,,3330337.0
product_hourly,,,,,,,,,,,,13.0,,,12.0,,12.0,0.0,1.0,0.0,5.0,,,,,,,,,,,,,,,,,,,,3330337.0
product_hourly,,,,,,,,,,,,26.0,,,22.0,,24.0,1.0,1.0,0.0,6.0,,,,,,,,,,,,,,,,,,,,3330337.0
product_hourly,,,,,,,,,,,,16.0,,,16.0,,13.0,1.0,1.0,1.0,7.0,,,,,,,,,,,,,,,,,,,,3330337.0
product_hourly,,,,,,,,,,,,21.0,,,14.0,,20.0,0.0,1.0,0.0,8.0,,,,,,,,,,,,,,,,,,,,3330337.0
product_hourly,,,,,,,,,,,,15.0,,,15.0,,14.0,0.0,1.0,0.0,9.0,,,,,,,,,,,,,,,,,,,,3330337.0
product_hourly,,,,,,,,,,,,16.0,,,14.0,,15.0,1.0,0.0,0.0,10.0,,,,,,,,,,,,,,,,,,,,3330337.0
product_hourly,,,,,,,,,,,,15.0,,,13.0,,13.0,0.0,2.0,0.0,11.0,,,,,,,,,,,,,,,,,,,,3330337.0
product_hourly,,,,,,,,,,,,16.0,,,15.0,,13.0,0.0,3.0,0.0,12.0,,,,,,,,,,,,,,,,,,,,3330337.0
product_hourly,,,,,,,,,,,,19.0,,,17.0,,13.0,3.0,3.0,0.0,13.0,,,,,,,,,,,,,,,,,,,,3330337.0
product_hourly,,,,,,,,,,,,17.0,,,16.0,,14.0,1.0,2.0,0.0,14.0,,,,,,,,,,,,,,,,,,,,3330337.0
product_hourly,,,,,,,,,,,,23.0,,,18.0,,19.0,2.0,2.0,0.0,15.0,,,,,,,,,,,,,,,,,,,,3330337.0
product_hourly,,,,,,,,,,,,10.0,,,10.0,,9.0,1.0,0.0,0.0,16.0,,,,,,,,,,,,,,,,,,,,3330337.0
product_hourly,,,,,,,,,,,,4.0,,,2.0,,4.0,0.0,0.0,0.0,17.0,,,,,,,,,,,,,,,,,,,,3330337.0
product_hourly,,,,,,,,,,,,1.0,,,1.0,,0.0,1.0,0.0,0.0,18.0,,,,,,,,,,,,,,,,,,,,3330337.0
product_hourly,,,,,,,,,,,,3.0,,,2.0,,3.0,0.0,0.0,0.0,19.0,,,,,,,,,,,,,,,,,,,,3330337.0
product_hourly,,,,,,,,,,,,3.0,,,3.0,,2.0,0.0,1.0,0.0,20.0,,,,,,,,,,,,,,,,,,,,3330337.0
product_hourly,,,,,,,,,,,,4.0,,,4.0,,4.0,0.0,0.0,0.0,23.0,,,,,,,,,,,,,,,,,,,,3330337.0
product_hourly,,,,,,,,,,,,369.0,,,283.0,,369.0,0.0,0.0,0.0,7.0,,,,,,,,,,,,,,,,,,,,3371523.0
product_hourly,,,,,,,,,,,,1.0,,,1.0,,1.0,0.0,0.0,0.0,9.0,,,,,,,,,,,,,,,,,,,,3371523.0
product_hourly,,,,,,,,,,,,2.0,,,2.0,,1.0,0.0,1.0,0.0,10.0,,,,,,,,,,,,,,,,,,,,3371523.0
product_hourly,,,,,,,,,,,,1.0,,,1.0,,1.0,0.0,0.0,0.0,11.0,,,,,,,,,,,,,,,,,,,,3371523.0
product_hourly,,,,,,,,,,,,1.0,,,1.0,,1.0,0.0,0.0,0.0,12.0,,,,,,,,,,,,,,,,,,,,3371523.0
product_hourly,,,,,,,,,,,,1.0,,,1.0,,1.0,0.0,0.0,0.0,13.0,,,,,,,,,,,,,,,,,,,,3371523.0
product_hourly,,,,,,,,,,,,1.0,,,1.0,,0.0,0.0,1.0,0.0,14.0,,,,,,,,,,,,,,,,,,,,3371523.0
product_hourly,,,,,,,,,,,,2.0,,,2.0,,2.0,0.0,0.0,0.0,16.0,,,,,,,,,,,,,,,,,,,,3371523.0
product_hourly,,,,,,,,,,,,7.0,,,7.0,,7.0,0.0,0.0,0.0,0.0,,,,,,,,,,,,,,,,,,,,3403645.0
product_hourly,,,,,,,,,,,,15.0,,,15.0,,13.0,1.0,1.0,0.0,1.0,,,,,,,,,,,,,,,,,,,,3403645.0
product_hourly,,,,,,,,,,,,9.0,,,8.0,,7.0,1.0,0.0,1.0,2.0,,,,,,,,,,,,,,,,,,,,3403645.0
product_hourly,,,,,,,,,,,,11.0,,,9.0,,10.0,0.0,1.0,0.0,3.0,,,,,,,,,,,,,,,,,,,,3403645.0
product_hourly,,,,,,,,,,,,5.0,,,5.0,,5.0,0.0,0.0,0.0,4.0,,,,,,,,,,,,,,,,,,,,3403645.0
product_hourly,,,,,,,,,,,,10.0,,,9.0,,9.0,0.0,1.0,0.0,5.0,,,,,,,,,,,,,,,,,,,,3403645.0
product_hourly,,,,,,,,,,,,11.0,,,11.0,,9.0,1.0,1.0,0.0,6.0,,,,,,,,,,,,,,,,,,,,3403645.0
product_hourly,,,,,,,,,,,,4.0,,,4.0,,4.0,0.0,0.0,0.0,7.0,,,,,,,,,,,,,,,,,,,,3403645.0
product_hourly,,,,,,,,,,,,6.0,,,6.0,,6.0,0.0,0.0,0.0,8.0,,,,,,,,,,,,,,,,,,,,3403645.0
product_hourly,,,,,,,,,,,,9.0,,,8.0,,8.0,0.0,1.0,0.0,9.0,,,,,,,,,,,,,,,,,,,,3403645.0
product_hourly,,,,,,,,,,,,13.0,,,11.0,,11.0,2.0,0.0,0.0,10.0,,,,,,,,,,,,,,,,,,,,3403645.0
product_hourly,,,,,,,,,,,,17.0,,,16.0,,17.0,0.0,0.0,0.0,11.0,,,,,,,,,,,,,,,,,,,,3403645.0
product_hourly,,,,,,,,,,,,22.0,,,20.0,,21.0,1.0,0.0,0.0,12.0,,,,,,,,,,,,,,,,,,,,3403645.0
product_hourly,,,,,,,,,,,,14.0,,,14.0,,14.0,0.0,0.0,0.0,13.0,,,,,,,,,,,,,,,,,,,,3403645.0
product_hourly,,,,,,,,,,,,32.0,,,24.0,,30.0,1.0,1.0,0.0,14.0,,,,,,,,,,,,,,,,,,,,3403645.0
product_hourly,,,,,,,,,,,,9.0,,,9.0,,9.0,0.0,0.0,0.0,15.0,,,,,,,,,,,,,,,,,,,,3403645.0
product_hourly,,,,,,,,,,,,3.0,,,2.0,,2.0,0.0,1.0,0.0,16.0,,,,,,,,,,,,,,,,,,,,3403645.0
product_hourly,,,,,,,,,,,,1.0,,,1.0,,1.0,0.0,0.0,0.0,17.0,,,,,,,,,,,,,,,,,,,,3403645.0
product_hourly,,,,,,,,,,,,1.0,,,1.0,,1.0,0.0,0.0,0.0,20.0,,,,,,,,,,,,,,,,,,,,3403645.0
product_hourly,,,,,,,,,,,,2.0,,,2.0,,2.0,0.0,0.0,0.0,21.0,,,,,,,,,,,,,,,,,,,,3403645.0
product_hourly,,,,,,,,,,,,7.0,,,6.0,,7.0,0.0,0.0,0.0,22.0,,,,,,,,,,,,,,,,,,,,3403645.0
product_hourly,,,,,,,,,,,,7.0,,,7.0,,7.0,0.0,0.0,0.0,23.0,,,,,,,,,,,,,,,,,,,,3403645.0
product_hourly,,,,,,,,,,,,12.0,,,12.0,,11.0,0.0,1.0,0.0,0.0,,,,,,,,,,,,,,,,,,,,3520504.0
product_hourly,,,,,,,,,,,,12.0,,,11.0,,11.0,1.0,0.0,0.0,1.0,,,,,,,,,,,,,,,,,,,,3520504.0
product_hourly,,,,,,,,,,,,16.0,,,14.0,,15.0,0.0,0.0,1.0,2.0,,,,,,,,,,,,,,,,,,,,3520504.0
product_hourly,,,,,,,,,,,,9.0,,,9.0,,8.0,0.0,1.0,0.0,3.0,,,,,,,,,,,,,,,,,,,,3520504.0
product_hourly,,,,,,,,,,,,21.0,,,17.0,,21.0,0.0,0.0,0.0,4.0,,,,,,,,,,,,,,,,,,,,3520504.0
product_hourly,,,,,,,,,,,,22.0,,,20.0,,21.0,1.0,0.0,0.0,5.0,,,,,,,,,,,,,,,,,,,,3520504.0
product_hourly,,,,,,,,,,,,16.0,,,15.0,,14.0,2.0,0.0,0.0,6.0,,,,,,,,,,,,,,,,,,,,3520504.0
product_hourly,,,,,,,,,,,,19.0,,,19.0,,17.0,1.0,1.0,0.0,7.0,,,,,,,,,,,,,,,,,,,,3520504.0
product_hourly,,,,,,,,,,,,16.0,,,16.0,,15.0,0.0,1.0,0.0,8.0,,,,,,,,,,,,,,,,,,,,3520504.0
product_hourly,,,,,,,,,,,,11.0,,,11.0,,9.0,1.0,1.0,0.0,9.0,,,,,,,,,,,,,,,,,,,,3520504.0
product_hourly,,,,,,,,,,,,16.0,,,16.0,,15.0,0.0,1.0,0.0,10.0,,,,,,,,,,,,,,,,,,,,3520504.0
product_hourly,,,,,,,,,,,,28.0,,,25.0,,26.0,0.0,2.0,0.0,11.0,,,,,,,,,,,,,,,,,,,,3520504.0
product_hourly,,,,,,,,,,,,19.0,,,19.0,,19.0,0.0,0.0,0.0,12.0,,,,,,,,,,,,,,,,,,,,3520504.0
product_hourly,,,,,,,,,,,,30.0,,,30.0,,29.0,0.0,1.0,0.0,13.0,,,,,,,,,,,,,,,,,,,,3520504.0
product_hourly,,,,,,,,,,,,16.0,,,16.0,,15.0,0.0,0.0,1.0,14.0,,,,,,,,,,,,,,,,,,,,3520504.0
product_hourly,,,,,,,,,,,,21.0,,,21.0,,20.0,1.0,0.0,0.0,15.0,,,,,,,,,,,,,,,,,,,,3520504.0
product_hourly,,,,,,,,,,,,8.0,,,5.0,,7.0,0.0,1.0,0.0,16.0,,,,,,,,,,,,,,,,,,,,3520504.0
product_hourly,,,,,,,,,,,,3.0,,,3.0,,2.0,1.0,0.0,0.0,17.0,,,,,,,,,,,,,,,,,,,,3520504.0
product_hourly,,,,,,,,,,,,1.0,,,1.0,,1.0,0.0,0.0,0.0,19.0,,,,,,,,,,,,,,,,,,,,3520504.0
product_hourly,,,,,,,,,,,,1.0,,,1.0,,1.0,0.0,0.0,0.0,21.0,,,,,,,,,,,,,,,,,,,,3520504.0
product_hourly,,,,,,,,,,,,1.0,,,1.0,,1.0,0.0,0.0,0.0,22.0,,,,,,,,,,,,,,,,,,,,3520504.0
product_hourly,,,,,,,,,,,,8.0,,,8.0,,8.0,0.0,0.0,0.0,23.0,,,,,,,,,,,,,,,,,,,,3520504.0
product_hourly,,,,,,,,,,,,6.0,,,6.0,,6.0,0.0,0.0,0.0,1.0,,,,,,,,,,,,,,,,,,,,3529591.0
product_hourly,,,,,,,,,,,,10.0,,,8.0,,9.0,0.0,1.0,0.0,2.0,,,,,,,,,,,,,,,,,,,,3529591.0
product_hourly,,,,,,,,,,,,6.0,,,4.0,,6.0,0.0,0.0,0.0,3.0,,,,,,,,,,,,,,,,,,,,3529591.0
product_hourly,,,,,,,,,,,,13.0,,,10.0,,12.0,0.0,0.0,1.0,4.0,,,,,,,,,,,,,,,,,,,,3529591.0
product_hourly,,,,,,,,,,,,11.0,,,11.0,,11.0,0.0,0.0,0.0,5.0,,,,,,,,,,,,,,,,,,,,3529591.0
product_hourly,,,,,,,,,,,,8.0,,,7.0,,8.0,0.0,0.0,0.0,6.0,,,,,,,,,,,,,,,,,,,,3529591.0
product_hourly,,,,,,,,,,,,9.0,,,9.0,,9.0,0.0,0.0,0.0,7.0,,,,,,,,,,,,,,,,,,,,3529591.0
product_hourly,,,,,,,,,,,,11.0,,,9.0,,10.0,0.0,1.0,0.0,8.0,,,,,,,,,,,,,,,,,,,,3529591.0
product_hourly,,,,,,,,,,,,13.0,,,11.0,,12.0,0.0,1.0,0.0,9.0,,,,,,,,,,,,,,,,,,,,3529591.0
product_hourly,,,,,,,,,,,,14.0,,,14.0,,14.0,0.0,0.0,0.0,10.0,,,,,,,,,,,,,,,,,,,,3529591.0
product_hourly,,,,,,,,,,,,12.0,,,11.0,,12.0,0.0,0.0,0.0,11.0,,,,,,,,,,,,,,,,,,,,3529591.0
product_hourly,,,,,,,,,,,,9.0,,,9.0,,7.0,1.0,1.0,0.0,12.0,,,,,,,,,,,,,,,,,,,,3529591.0
product_hourly,,,,,,,,,,,,30.0,,,21.0,,26.0,3.0,1.0,0.0,13.0,,,,,,,,,,,,,,,,,,,,3529591.0
product_hourly,,,,,,,,,,,,23.0,,,19.0,,20.0,1.0,2.0,0.0,14.0,,,,,,,,,,,,,,,,,,,,3529591.0
product_hourly,,,,,,,,,,,,25.0,,,19.0,,25.0,0.0,0.0,0.0,15.0,,,,,,,,,,,,,,,,,,,,3529591.0
product_hourly,,,,,,,,,,,,5.0,,,5.0,,5.0,0.0,0.0,0.0,16.0,,,,,,,,,,,,,,,,,,,,3529591.0
product_hourly,,,,,,,,,,,,1.0,,,1.0,,1.0,0.0,0.0,0.0,17.0,,,,,,,,,,,,,,,,,,,,3529591.0
product_hourly,,,,,,,,,,,,3.0,,,2.0,,3.0,0.0,0.0,0.0,19.0,,,,,,,,,,,,,,,,,,,,3529591.0
product_hourly,,,,,,,,,,,,3.0,,,3.0,,2.0,1.0,0.0,0.0,20.0,,,,,,,,,,,,,,,,,,,,3529591.0
product_hourly,,,,,,,,,,,,2.0,,,2.0,,2.0,0.0,0.0,0.0,22.0,,,,,,,,,,,,,,,,,,,,3529591.0
product_hourly,,,,,,,,,,,,10.0,,,8.0,,9.0,0.0,1.0,0.0,23.0,,,,,,,,,,,,,,,,,,,,3529591.0
product_hourly,,,,,,,,,,,,27.0,,,20.0,,24.0,1.0,1.0,1.0,0.0,,,,,,,,,,,,,,,,,,,,3563468.0
product_hourly,,,,,,,,,,,,20.0,,,18.0,,18.0,1.0,0.0,1.0,1.0,,,,,,,,,,,,,,,,,,,,3563468.0
product_hourly,,,,,,,,,,,,22.0,,,20.0,,20.0,0.0,0.0,2.0,2.0,,,,,,,,,,,,,,,,,,,,3563468.0
product_hourly,,,,,,,,,,,,10.0,,,10.0,,8.0,0.0,1.0,1.0,3.0,,,,,,,,,,,,,,,,,,,,3563468.0
product_hourly,,,,,,,,,,,,14.0,,,14.0,,13.0,0.0,1.0,0.0,4.0,,,,,,,,,,,,,,,,,,,,3563468.0
product_hourly,,,,,,,,,,,,19.0,,,15.0,,18.0,0.0,1.0,0.0,5.0,,,,,,,,,,,,,,,,,,,,3563468.0
product_hourly,,,,,,,,,,,,22.0,,,21.0,,18.0,2.0,2.0,0.0,6.0,,,,,,,,,,,,,,,,,,,,3563468.0
product_hourly,,,,,,,,,,,,13.0,,,13.0,,11.0,0.0,2.0,0.0,7.0,,,,,,,,,,,,,,,,,,,,3563468.0
product_hourly,,,,,,,,,,,,15.0,,,15.0,,13.0,1.0,0.0,1.0,8.0,,,,,,,,,,,,,,,,,,,,3563468.0
product_hourly,,,,,,,,,,,,12.0,,,12.0,,11.0,0.0,1.0,0.0,9.0,,,,,,,,,,,,,,,,,,,,3563468.0
product_hourly,,,,,,,,,,,,11.0,,,11.0,,11.0,0.0,0.0,0.0,10.0,,,,,,,,,,,,,,,,,,,,3563468.0
product_hourly,,,,,,,,,,,,20.0,,,19.0,,17.0,1.0,1.0,1.0,11.0,,,,,,,,,,,,,,,,,,,,3563468.0
product_hourly,,,,,,,,,,,,30.0,,,29.0,,28.0,0.0,2.0,0.0,12.0,,,,,,,,,,,,,,,,,,,,3563468.0
product_hourly,,,,,,,,,,,,28.0,,,25.0,,23.0,0.0,5.0,0.0,13.0,,,,,,,,,,,,,,,,,,,,3563468.0
product_hourly,,,,,,,,,,,,25.0,,,21.0,,24.0,0.0,1.0,0.0,14.0,,,,,,,,,,,,,,,,,,,,3563468.0
product_hourly,,,,,,,,,,,,22.0,,,19.0,,20.0,0.0,2.0,0.0,15.0,,,,,,,,,,,,,,,,,,,,3563468.0
product_hourly,,,,,,,,,,,,7.0,,,6.0,,6.0,0.0,1.0,0.0,16.0,,,,,,,,,,,,,,,,,,,,3563468.0
product_hourly,,,,,,,,,,,,2.0,,,2.0,,2.0,0.0,0.0,0.0,17.0,,,,,,,,,,,,,,,,,,,,3563468.0
product_hourly,,,,,,,,,,,,3.0,,,3.0,,3.0,0.0,0.0,0.0,18.0,,,,,,,,,,,,,,,,,,,,3563468.0
product_hourly,,,,,,,,,,,,2.0,,,2.0,,2.0,0.0,0.0,0.0,19.0,,,,,,,,,,,,,,,,,,,,3563468.0
product_hourly,,,,,,,,,,,,2.0,,,2.0,,1.0,0.0,1.0,0.0,20.0,,,,,,,,,,,,,,,,,,,,3563468.0
product_hourly,,,,,,,,,,,,2.0,,,2.0,,2.0,0.0,0.0,0.0,21.0,,,,,,,,,,,,,,,,,,,,3563468.0
product_hourly,,,,,,,,,,,,4.0,,,4.0,,4.0,0.0,0.0,0.0,22.0,,,,,,,,,,,,,,,,,,,,3563468.0
product_hourly,,,,,,,,,,,,3.0,,,3.0,,2.0,0.0,0.0,1.0,23.0,,,,,,,,,,,,,,,,,,,,3563468.0
product_hourly,,,,,,,,,,,,2.0,,,2.0,,2.0,0.0,0.0,0.0,0.0,,,,,,,,,,,,,,,,,,,,3685477.0
product_hourly,,,,,,,,,,,,16.0,,,9.0,,15.0,0.0,1.0,0.0,1.0,,,,,,,,,,,,,,,,,,,,3685477.0
product_hourly,,,,,,,,,,,,5.0,,,4.0,,5.0,0.0,0.0,0.0,2.0,,,,,,,,,,,,,,,,,,,,3685477.0
product_hourly,,,,,,,,,,,,7.0,,,7.0,,7.0,0.0,0.0,0.0,3.0,,,,,,,,,,,,,,,,,,,,3685477.0
product_hourly,,,,,,,,,,,,13.0,,,11.0,,10.0,0.0,1.0,2.0,4.0,,,,,,,,,,,,,,,,,,,,3685477.0
product_hourly,,,,,,,,,,,,9.0,,,7.0,,9.0,0.0,0.0,0.0,5.0,,,,,,,,,,,,,,,,,,,,3685477.0
product_hourly,,,,,,,,,,,,12.0,,,8.0,,11.0,0.0,1.0,0.0,6.0,,,,,,,,,,,,,,,,,,,,3685477.0
product_hourly,,,,,,,,,,,,13.0,,,9.0,,13.0,0.0,0.0,0.0,7.0,,,,,,,,,,,,,,,,,,,,3685477.0
product_hourly,,,,,,,,,,,,14.0,,,10.0,,9.0,1.0,2.0,2.0,8.0,,,,,,,,,,,,,,,,,,,,3685477.0
product_hourly,,,,,,,,,,,,9.0,,,7.0,,8.0,0.0,0.0,1.0,9.0,,,,,,,,,,,,,,,,,,,,3685477.0
product_hourly,,,,,,,,,,,,7.0,,,6.0,,7.0,0.0,0.0,0.0,10.0,,,,,,,,,,,,,,,,,,,,3685477.0
product_hourly,,,,,,,,,,,,9.0,,,7.0,,9.0,0.0,0.0,0.0,11.0,,,,,,,,,,,,,,,,,,,,3685477.0
product_hourly,,,,,,,,,,,,19.0,,,14.0,,16.0,0.0,2.0,1.0,12.0,,,,,,,,,,,,,,,,,,,,3685477.0
product_hourly,,,,,,,,,,,,9.0,,,7.0,,7.0,0.0,1.0,1.0,13.0,,,,,,,,,,,,,,,,,,,,3685477.0
product_hourly,,,,,,,,,,,,18.0,,,14.0,,13.0,1.0,0.0,4.0,14.0,,,,,,,,,,,,,,,,,,,,3685477.0
product_hourly,,,,,,,,,,,,12.0,,,10.0,,11.0,0.0,1.0,0.0,15.0,,,,,,,,,,,,,,,,,,,,3685477.0
product_hourly,,,,,,,,,,,,3.0,,,3.0,,3.0,0.0,0.0,0.0,16.0,,,,,,,,,,,,,,,,,,,,3685477.0
product_hourly,,,,,,,,,,,,3.0,,,3.0,,3.0,0.0,0.0,0.0,17.0,,,,,,,,,,,,,,,,,,,,3685477.0
product_hourly,,,,,,,,,,,,4.0,,,2.0,,4.0,0.0,0.0,0.0,18.0,,,,,,,,,,,,,,,,,,,,3685477.0
product_hourly,,,,,,,,,,,,1.0,,,1.0,,1.0,0.0,0.0,0.0,19.0,,,,,,,,,,,,,,,,,,,,3685477.0
product_hourly,,,,,,,,,,,,1.0,,,1.0,,0.0,0.0,1.0,0.0,20.0,,,,,,,,,,,,,,,,,,,,3685477.0
product_hourly,,,,,,,,,,,,2.0,,,2.0,,2.0,0.0,0.0,0.0,21.0,,,,,,,,,,,,,,,,,,,,3685477.0
product_hourly,,,,,,,,,,,,1.0,,,1.0,,1.0,0.0,0.0,0.0,22.0,,,,,,,,,,,,,,,,,,,,3685477.0
product_hourly,,,,,,,,,,,,2.0,,,2.0,,2.0,0.0,0.0,0.0,23.0,,,,,,,,,,,,,,,,,,,,3685477.0
product_hourly,,,,,,,,,,,,10.0,,,6.0,,9.0,1.0,0.0,0.0,0.0,,,,,,,,,,,,,,,,,,,,3708121.0
product_hourly,,,,,,,,,,,,12.0,,,12.0,,11.0,0.0,0.0,1.0,1.0,,,,,,,,,,,,,,,,,,,,3708121.0
product_hourly,,,,,,,,,,,,21.0,,,19.0,,18.0,1.0,1.0,1.0,2.0,,,,,,,,,,,,,,,,,,,,3708121.0
product_hourly,,,,,,,,,,,,17.0,,,10.0,,16.0,1.0,0.0,0.0,3.0,,,,,,,,,,,,,,,,,,,,3708121.0
product_hourly,,,,,,,,,,,,19.0,,,15.0,,16.0,1.0,1.0,1.0,4.0,,,,,,,,,,,,,,,,,,,,3708121.0
product_hourly,,,,,,,,,,,,23.0,,,16.0,,21.0,1.0,1.0,0.0,5.0,,,,,,,,,,,,,,,,,,,,3708121.0
product_hourly,,,,,,,,,,,,18.0,,,11.0,,17.0,0.0,1.0,0.0,6.0,,,,,,,,,,,,,,,,,,,,3708121.0
product_hourly,,,,,,,,,,,,11.0,,,9.0,,10.0,0.0,0.0,1.0,7.0,,,,,,,,,,,,,,,,,,,,3708121.0
product_hourly,,,,,,,,,,,,12.0,,,11.0,,11.0,0.0,1.0,0.0,8.0,,,,,,,,,,,,,,,,,,,,3708121.0
product_hourly,,,,,,,,,,,,10.0,,,9.0,,9.0,0.0,1.0,0.0,9.0,,,,,,,,,,,,,,,,,,,,3708121.0
product_hourly,,,,,,,,,,,,28.0,,,17.0,,27.0,0.0,1.0,0.0,10.0,,,,,,,,,,,,,,,,,,,,3708121.0
product_hourly,,,,,,,,,,,,41.0,,,20.0,,41.0,0.0,0.0,0.0,11.0,,,,,,,,,,,,,,,,,,,,3708121.0
product_hourly,,,,,,,,,,,,33.0,,,19.0,,31.0,1.0,1.0,0.0,12.0,,,,,,,,,,,,,,,,,,,,3708121.0
product_hourly,,,,,,,,,,,,21.0,,,19.0,,20.0,0.0,1.0,0.0,13.0,,,,,,,,,,,,,,,,,,,,3708121.0
product_hourly,,,,,,,,,,,,48.0,,,24.0,,46.0,0.0,2.0,0.0,14.0,,,,,,,,,,,,,,,,,,,,3708121.0
product_hourly,,,,,,,,,,,,12.0,,,12.0,,12.0,0.0,0.0,0.0,15.0,,,,,,,,,,,,,,,,,,,,3708121.0
product_hourly,,,,,,,,,,,,11.0,,,6.0,,11.0,0.0,0.0,0.0,16.0,,,,,,,,,,,,,,,,,,,,3708121.0
product_hourly,,,,,,,,,,,,3.0,,,3.0,,3.0,0.0,0.0,0.0,17.0,,,,,,,,,,,,,,,,,,,,3708121.0
product_hourly,,,,,,,,,,,,3.0,,,2.0,,3.0,0.0,0.0,0.0,18.0,,,,,,,,,,,,,,,,,,,,3708121.0
product_hourly,,,,,,,,,,,,3.0,,,3.0,,3.0,0.0,0.0,0.0,19.0,,,,,,,,,,,,,,,,,,,,3708121.0
product_hourly,,,,,,,,,,,,2.0,,,2.0,,1.0,0.0,1.0,0.0,21.0,,,,,,,,,,,,,,,,,,,,3708121.0
product_hourly,,,,,,,,,,,,2.0,,,2.0,,2.0,0.0,0.0,0.0,22.0,,,,,,,,,,,,,,,,,,,,3708121.0
product_hourly,,,,,,,,,,,,9.0,,,6.0,,9.0,0.0,0.0,0.0,23.0,,,,,,,,,,,,,,,,,,,,3708121.0
product_hourly,,,,,,,,,,,,9.0,,,7.0,,9.0,0.0,0.0,0.0,0.0,,,,,,,,,,,,,,,,,,,,3715112.0
product_hourly,,,,,,,,,,,,11.0,,,11.0,,9.0,1.0,1.0,0.0,1.0,,,,,,,,,,,,,,,,,,,,3715112.0
product_hourly,,,,,,,,,,,,12.0,,,10.0,,11.0,0.0,0.0,1.0,2.0,,,,,,,,,,,,,,,,,,,,3715112.0
product_hourly,,,,,,,,,,,,16.0,,,11.0,,12.0,1.0,2.0,1.0,3.0,,,,,,,,,,,,,,,,,,,,3715112.0
product_hourly,,,,,,,,,,,,7.0,,,6.0,,7.0,0.0,0.0,0.0,4.0,,,,,,,,,,,,,,,,,,,,3715112.0
product_hourly,,,,,,,,,,,,18.0,,,15.0,,16.0,1.0,1.0,0.0,5.0,,,,,,,,,,,,,,,,,,,,3715112.0
product_hourly,,,,,,,,,,,,9.0,,,7.0,,9.0,0.0,0.0,0.0,6.0,,,,,,,,,,,,,,,,,,,,3715112.0
product_hourly,,,,,,,,,,,,16.0,,,15.0,,14.0,1.0,1.0,0.0,7.0,,,,,,,,,,,,,,,,,,,,3715112.0
product_hourly,,,,,,,,,,,,19.0,,,17.0,,17.0,0.0,1.0,1.0,8.0,,,,,,,,,,,,,,,,,,,,3715112.0
product_hourly,,,,,,,,,,,,9.0,,,8.0,,7.0,0.0,2.0,0.0,9.0,,,,,,,,,,,,,,,,,,,,3715112.0
product_hourly,,,,,,,,,,,,17.0,,,13.0,,15.0,1.0,0.0,1.0,10.0,,,,,,,,,,,,,,,,,,,,3715112.0
product_hourly,,,,,,,,,,,,12.0,,,12.0,,10.0,0.0,1.0,1.0,11.0,,,,,,,,,,,,,,,,,,,,3715112.0
product_hourly,,,,,,,,,,,,26.0,,,19.0,,24.0,0.0,1.0,1.0,12.0,,,,,,,,,,,,,,,,,,,,3715112.0
product_hourly,,,,,,,,,,,,28.0,,,22.0,,23.0,1.0,2.0,2.0,13.0,,,,,,,,,,,,,,,,,,,,3715112.0
product_hourly,,,,,,,,,,,,13.0,,,12.0,,12.0,0.0,1.0,0.0,14.0,,,,,,,,,,,,,,,,,,,,3715112.0
product_hourly,,,,,,,,,,,,22.0,,,16.0,,22.0,0.0,0.0,0.0,15.0,,,,,,,,,,,,,,,,,,,,3715112.0
product_hourly,,,,,,,,,,,,8.0,,,7.0,,7.0,0.0,0.0,1.0,16.0,,,,,,,,,,,,,,,,,,,,3715112.0
product_hourly,,,,,,,,,,,,3.0,,,3.0,,3.0,0.0,0.0,0.0,17.0,,,,,,,,,,,,,,,,,,,,3715112.0
product_hourly,,,,,,,,,,,,1.0,,,1.0,,0.0,1.0,0.0,0.0,18.0,,,,,,,,,,,,,,,,,,,,3715112.0
product_hourly,,,,,,,,,,,,1.0,,,1.0,,1.0,0.0,0.0,0.0,19.0,,,,,,,,,,,,,,,,,,,,3715112.0
product_hourly,,,,,,,,,,,,1.0,,,1.0,,1.0,0.0,0.0,0.0,23.0,,,,,,,,,,,,,,,,,,,,3715112.0
product_hourly,,,,,,,,,,,,6.0,,,6.0,,6.0,0.0,0.0,0.0,0.0,,,,,,,,,,,,,,,,,,,,3761770.0
product_hourly,,,,,,,,,,,,13.0,,,11.0,,13.0,0.0,0.0,0.0,1.0,,,,,,,,,,,,,,,,,,,,3761770.0
product_hourly,,,,,,,,,,,,12.0,,,11.0,,12.0,0.0,0.0,0.0,2.0,,,,,,,,,,,,,,,,,,,,3761770.0
product_hourly,,,,,,,,,,,,8.0,,,8.0,,7.0,0.0,1.0,0.0,3.0,,,,,,,,,,,,,,,,,,,,3761770.0
product_hourly,,,,,,,,,,,,13.0,,,11.0,,12.0,1.0,0.0,0.0,4.0,,,,,,,,,,,,,,,,,,,,3761770.0
product_hourly,,,,,,,,,,,,8.0,,,8.0,,7.0,0.0,1.0,0.0,5.0,,,,,,,,,,,,,,,,,,,,3761770.0
product_hourly,,,,,,,,,,,,9.0,,,7.0,,8.0,1.0,0.0,0.0,6.0,,,,,,,,,,,,,,,,,,,,3761770.0
product_hourly,,,,,,,,,,,,7.0,,,7.0,,5.0,0.0,2.0,0.0,7.0,,,,,,,,,,,,,,,,,,,,3761770.0
product_hourly,,,,,,,,,,,,11.0,,,11.0,,10.0,1.0,0.0,0.0,8.0,,,,,,,,,,,,,,,,,,,,3761770.0
product_hourly,,,,,,,,,,,,14.0,,,13.0,,13.0,0.0,1.0,0.0,9.0,,,,,,,,,,,,,,,,,,,,3761770.0
product_hourly,,,,,,,,,,,,7.0,,,7.0,,6.0,1.0,0.0,0.0,10.0,,,,,,,,,,,,,,,,,,,,3761770.0
product_hourly,,,,,,,,,,,,14.0,,,14.0,,11.0,2.0,1.0,0.0,11.0,,,,,,,,,,,,,,,,,,,,3761770.0
product_hourly,,,,,,,,,,,,15.0,,,15.0,,13.0,2.0,0.0,0.0,12.0,,,,,,,,,,,,,,,,,,,,3761770.0
product_hourly,,,,,,,,,,,,11.0,,,11.0,,9.0,1.0,1.0,0.0,13.0,,,,,,,,,,,,,,,,,,,,3761770.0
product_hourly,,,,,,,,,,,,18.0,,,15.0,,15.0,2.0,1.0,0.0,14.0,,,,,,,,,,,,,,,,,,,,3761770.0
product_hourly,,,,,,,,,,,,23.0,,,22.0,,19.0,2.0,2.0,0.0,15.0,,,,,,,,,,,,,,,,,,,,3761770.0
product_hourly,,,,,,,,,,,,11.0,,,8.0,,11.0,0.0,0.0,0.0,16.0,,,,,,,,,,,,,,,,,,,,3761770.0
product_hourly,,,,,,,,,,,,2.0,,,2.0,,2.0,0.0,0.0,0.0,17.0,,,,,,,,,,,,,,,,,,,,3761770.0
product_hourly,,,,,,,,,,,,1.0,,,1.0,,1.0,0.0,0.0,0.0,18.0,,,,,,,,,,,,,,,,,,,,3761770.0
product_hourly,,,,,,,,,,,,1.0,,,1.0,,0.0,0.0,1.0,0.0,20.0,,,,,,,,,,,,,,,,,,,,3761770.0
product_hourly,,,,,,,,,,,,2.0,,,2.0,,1.0,1.0,0.0,0.0,22.0,,,,,,,,,,,,,,,,,,,,3761770.0
product_hourly,,,,,,,,,,,,1.0,,,1.0,,1.0,0.0,0.0,0.0,23.0,,,,,,,,,,,,,,,,,,,,3761770.0
product_hourly,,,,,,,,,,,,6.0,,,6.0,,5.0,1.0,0.0,0.0,0.0,,,,,,,,,,,,,,,,,,,,3836557.0
product_hourly,,,,,,,,,,,,11.0,,,9.0,,9.0,1.0,1.0,0.0,1.0,,,,,,,,,,,,,,,,,,,,3836557.0
product_hourly,,,,,,,,,,,,13.0,,,12.0,,13.0,0.0,0.0,0.0,2.0,,,,,,,,,,,,,,,,,,,,3836557.0
product_hourly,,,,,,,,,,,,9.0,,,6.0,,8.0,1.0,0.0,0.0,3.0,,,,,,,,,,,,,,,,,,,,3836557.0
product_hourly,,,,,,,,,,,,10.0,,,10.0,,8.0,1.0,1.0,0.0,4.0,,,,,,,,,,,,,,,,,,,,3836557.0
product_hourly,,,,,,,,,,,,15.0,,,11.0,,15.0,0.0,0.0,0.0,5.0,,,,,,,,,,,,,,,,,,,,3836557.0
product_hourly,,,,,,,,,,,,14.0,,,11.0,,13.0,0.0,1.0,0.0,6.0,,,,,,,,,,,,,,,,,,,,3836557.0
product_hourly,,,,,,,,,,,,16.0,,,14.0,,15.0,1.0,0.0,0.0,7.0,,,,,,,,,,,,,,,,,,,,3836557.0
product_hourly,,,,,,,,,,,,12.0,,,11.0,,11.0,0.0,1.0,0.0,8.0,,,,,,,,,,,,,,,,,,,,3836557.0
product_hourly,,,,,,,,,,,,18.0,,,16.0,,18.0,0.0,0.0,0.0,9.0,,,,,,,,,,,,,,,,,,,,3836557.0
product_hourly,,,,,,,,,,,,12.0,,,10.0,,12.0,0.0,0.0,0.0,10.0,,,,,,,,,,,,,,,,,,,,3836557.0
product_hourly,,,,,,,,,,,,16.0,,,10.0,,15.0,1.0,0.0,0.0,11.0,,,,,,,,,,,,,,,,,,,,3836557.0
product_hourly,,,,,,,,,,,,22.0,,,21.0,,19.0,1.0,2.0,0.0,12.0,,,,,,,,,,,,,,,,,,,,3836557.0
product_hourly,,,,,,,,,,,,17.0,,,14.0,,17.0,0.0,0.0,0.0,13.0,,,,,,,,,,,,,,,,,,,,3836557.0
product_hourly,,,,,,,,,,,,30.0,,,24.0,,29.0,0.0,1.0,0.0,14.0,,,,,,,,,,,,,,,,,,,,3836557.0
product_hourly,,,,,,,,,,,,11.0,,,10.0,,8.0,0.0,3.0,0.0,15.0,,,,,,,,,,,,,,,,,,,,3836557.0
product_hourly,,,,,,,,,,,,7.0,,,6.0,,5.0,0.0,2.0,0.0,16.0,,,,,,,,,,,,,,,,,,,,3836557.0
product_hourly,,,,,,,,,,,,2.0,,,2.0,,2.0,0.0,0.0,0.0,22.0,,,,,,,,,,,,,,,,,,,,3836557.0
product_hourly,,,,,,,,,,,,6.0,,,6.0,,5.0,0.0,1.0,0.0,23.0,,,,,,,,,,,,,,,,,,,,3836557.0
product_hourly,,,,,,,,,,,,34.0,,,24.0,,33.0,1.0,0.0,0.0,0.0,,,,,,,,,,,,,,,,,,,,3845720.0
product_hourly,,,,,,,,,,,,28.0,,,25.0,,27.0,1.0,0.0,0.0,1.0,,,,,,,,,,,,,,,,,,,,3845720.0
product_hourly,,,,,,,,,,,,39.0,,,31.0,,35.0,2.0,2.0,0.0,2.0,,,,,,,,,,,,,,,,,,,,3845720.0
product_hourly,,,,,,,,,,,,27.0,,,23.0,,25.0,0.0,2.0,0.0,3.0,,,,,,,,,,,,,,,,,,,,3845720.0
product_hourly,,,,,,,,,,,,26.0,,,25.0,,26.0,0.0,0.0,0.0,4.0,,,,,,,,,,,,,,,,,,,,3845720.0
product_hourly,,,,,,,,,,,,28.0,,,25.0,,25.0,2.0,1.0,0.0,5.0,,,,,,,,,,,,,,,,,,,,3845720.0
product_hourly,,,,,,,,,,,,30.0,,,27.0,,28.0,2.0,0.0,0.0,6.0,,,,,,,,,,,,,,,,,,,,3845720.0
product_hourly,,,,,,,,,,,,29.0,,,22.0,,28.0,1.0,0.0,0.0,7.0,,,,,,,,,,,,,,,,,,,,3845720.0
product_hourly,,,,,,,,,,,,24.0,,,24.0,,23.0,0.0,0.0,1.0,8.0,,,,,,,,,,,,,,,,,,,,3845720.0
product_hourly,,,,,,,,,,,,22.0,,,21.0,,21.0,1.0,0.0,0.0,9.0,,,,,,,,,,,,,,,,,,,,3845720.0
product_hourly,,,,,,,,,,,,21.0,,,20.0,,20.0,0.0,1.0,0.0,10.0,,,,,,,,,,,,,,,,,,,,3845720.0
product_hourly,,,,,,,,,,,,38.0,,,29.0,,38.0,0.0,0.0,0.0,11.0,,,,,,,,,,,,,,,,,,,,3845720.0
product_hourly,,,,,,,,,,,,28.0,,,26.0,,26.0,1.0,1.0,0.0,12.0,,,,,,,,,,,,,,,,,,,,3845720.0
product_hourly,,,,,,,,,,,,37.0,,,33.0,,33.0,1.0,3.0,0.0,13.0,,,,,,,,,,,,,,,,,,,,3845720.0
product_hourly,,,,,,,,,,,,50.0,,,43.0,,48.0,0.0,2.0,0.0,14.0,,,,,,,,,,,,,,,,,,,,3845720.0
product_hourly,,,,,,,,,,,,27.0,,,25.0,,27.0,0.0,0.0,0.0,15.0,,,,,,,,,,,,,,,,,,,,3845720.0
product_hourly,,,,,,,,,,,,10.0,,,9.0,,9.0,1.0,0.0,0.0,16.0,,,,,,,,,,,,,,,,,,,,3845720.0
product_hourly,,,,,,,,,,,,8.0,,,7.0,,7.0,0.0,1.0,0.0,17.0,,,,,,,,,,,,,,,,,,,,3845720.0
product_hourly,,,,,,,,,,,,2.0,,,2.0,,2.0,0.0,0.0,0.0,18.0,,,,,,,,,,,,,,,,,,,,3845720.0
product_hourly,,,,,,,,,,,,1.0,,,1.0,,1.0,0.0,0.0,0.0,19.0,,,,,,,,,,,,,,,,,,,,3845720.0
product_hourly,,,,,,,,,,,,1.0,,,1.0,,1.0,0.0,0.0,0.0,20.0,,,,,,,,,,,,,,,,,,,,3845720.0
product_hourly,,,,,,,,,,,,1.0,,,1.0,,1.0,0.0,0.0,0.0,21.0,,,,,,,,,,,,,,,,,,,,3845720.0
product_hourly,,,,,,,,,,,,5.0,,,3.0,,4.0,1.0,0.0,0.0,22.0,,,,,,,,,,,,,,,,,,,,3845720.0
product_hourly,,,,,,,,,,,,11.0,,,9.0,,11.0,0.0,0.0,0.0,23.0,,,,,,,,,,,,,,,,,,,,3845720.0
product_hourly,,,,,,,,,,,,8.0,,,6.0,,8.0,0.0,0.0,0.0,0.0,,,,,,,,,,,,,,,,,,,,3920968.0
product_hourly,,,,,,,,,,,,13.0,,,13.0,,11.0,0.0,2.0,0.0,1.0,,,,,,,,,,,,,,,,,,,,3920968.0
product_hourly,,,,,,,,,,,,11.0,,,11.0,,10.0,0.0,1.0,0.0,2.0,,,,,,,,,,,,,,,,,,,,3920968.0
product_hourly,,,,,,,,,,,,11.0,,,9.0,,11.0,0.0,0.0,0.0,3.0,,,,,,,,,,,,,,,,,,,,3920968.0
product_hourly,,,,,,,,,,,,16.0,,,15.0,,14.0,0.0,2.0,0.0,4.0,,,,,,,,,,,,,,,,,,,,3920968.0
product_hourly,,,,,,,,,,,,14.0,,,13.0,,14.0,0.0,0.0,0.0,5.0,,,,,,,,,,,,,,,,,,,,3920968.0
product_hourly,,,,,,,,,,,,24.0,,,19.0,,23.0,0.0,1.0,0.0,6.0,,,,,,,,,,,,,,,,,,,,3920968.0
product_hourly,,,,,,,,,,,,20.0,,,19.0,,19.0,0.0,1.0,0.0,7.0,,,,,,,,,,,,,,,,,,,,3920968.0
product_hourly,,,,,,,,,,,,29.0,,,27.0,,28.0,1.0,0.0,0.0,8.0,,,,,,,,,,,,,,,,,,,,3920968.0
product_hourly,,,,,,,,,,,,14.0,,,9.0,,11.0,1.0,1.0,1.0,9.0,,,,,,,,,,,,,,,,,,,,3920968.0
product_hourly,,,,,,,,,,,,22.0,,,21.0,,22.0,0.0,0.0,0.0,10.0,,,,,,,,,,,,,,,,,,,,3920968.0
product_hourly,,,,,,,,,,,,21.0,,,18.0,,19.0,0.0,2.0,0.0,11.0,,,,,,,,,,,,,,,,,,,,3920968.0
product_hourly,,,,,,,,,,,,34.0,,,29.0,,33.0,1.0,0.0,0.0,12.0,,,,,,,,,,,,,,,,,,,,3920968.0
product_hourly,,,,,,,,,,,,34.0,,,27.0,,30.0,1.0,2.0,1.0,13.0,,,,,,,,,,,,,,,,,,,,3920968.0
product_hourly,,,,,,,,,,,,16.0,,,15.0,,16.0,0.0,0.0,0.0,14.0,,,,,,,,,,,,,,,,,,,,3920968.0
product_hourly,,,,,,,,,,,,22.0,,,22.0,,19.0,0.0,3.0,0.0,15.0,,,,,,,,,,,,,,,,,,,,3920968.0
product_hourly,,,,,,,,,,,,5.0,,,5.0,,5.0,0.0,0.0,0.0,16.0,,,,,,,,,,,,,,,,,,,,3920968.0
product_hourly,,,,,,,,,,,,3.0,,,3.0,,3.0,0.0,0.0,0.0,17.0,,,,,,,,,,,,,,,,,,,,3920968.0
product_hourly,,,,,,,,,,,,2.0,,,2.0,,2.0,0.0,0.0,0.0,18.0,,,,,,,,,,,,,,,,,,,,3920968.0
product_hourly,,,,,,,,,,,,1.0,,,1.0,,1.0,0.0,0.0,0.0,19.0,,,,,,,,,,,,,,,,,,,,3920968.0
product_hourly,,,,,,,,,,,,2.0,,,1.0,,2.0,0.0,0.0,0.0,21.0,,,,,,,,,,,,,,,,,,,,3920968.0
product_hourly,,,,,,,,,,,,12.0,,,10.0,,12.0,0.0,0.0,0.0,23.0,,,,,,,,,,,,,,,,,,,,3920968.0
product_hourly,,,,,,,,,,,,6.0,,,6.0,,5.0,0.0,1.0,0.0,0.0,,,,,,,,,,,,,,,,,,,,3990990.0
product_hourly,,,,,,,,,,,,9.0,,,9.0,,7.0,0.0,1.0,1.0,1.0,,,,,,,,,,,,,,,,,,,,3990990.0
product_hourly,,,,,,,,,,,,17.0,,,15.0,,16.0,0.0,1.0,0.0,2.0,,,,,,,,,,,,,,,,,,,,3990990.0
product_hourly,,,,,,,,,,,,5.0,,,5.0,,3.0,1.0,1.0,0.0,3.0,,,,,,,,,,,,,,,,,,,,3990990.0
product_hourly,,,,,,,,,,,,6.0,,,5.0,,6.0,0.0,0.0,0.0,4.0,,,,,,,,,,,,,,,,,,,,3990990.0
product_hourly,,,,,,,,,,,,17.0,,,9.0,,14.0,0.0,3.0,0.0,5.0,,,,,,,,,,,,,,,,,,,,3990990.0
product_hourly,,,,,,,,,,,,13.0,,,13.0,,12.0,1.0,0.0,0.0,6.0,,,,,,,,,,,,,,,,,,,,3990990.0
product_hourly,,,,,,,,,,,,12.0,,,10.0,,12.0,0.0,0.0,0.0,7.0,,,,,,,,,,,,,,,,,,,,3990990.0
product_hourly,,,,,,,,,,,,16.0,,,11.0,,15.0,0.0,1.0,0.0,8.0,,,,,,,,,,,,,,,,,,,,3990990.0
product_hourly,,,,,,,,,,,,9.0,,,9.0,,8.0,0.0,1.0,0.0,9.0,,,,,,,,,,,,,,,,,,,,3990990.0
product_hourly,,,,,,,,,,,,10.0,,,9.0,,8.0,1.0,1.0,0.0,10.0,,,,,,,,,,,,,,,,,,,,3990990.0
product_hourly,,,,,,,,,,,,20.0,,,16.0,,19.0,1.0,0.0,0.0,11.0,,,,,,,,,,,,,,,,,,,,3990990.0
product_hourly,,,,,,,,,,,,8.0,,,5.0,,7.0,0.0,1.0,0.0,12.0,,,,,,,,,,,,,,,,,,,,3990990.0
product_hourly,,,,,,,,,,,,23.0,,,13.0,,20.0,0.0,3.0,0.0,13.0,,,,,,,,,,,,,,,,,,,,3990990.0
product_hourly,,,,,,,,,,,,16.0,,,11.0,,15.0,0.0,1.0,0.0,14.0,,,,,,,,,,,,,,,,,,,,3990990.0
product_hourly,,,,,,,,,,,,8.0,,,7.0,,8.0,0.0,0.0,0.0,15.0,,,,,,,,,,,,,,,,,,,,3990990.0
product_hourly,,,,,,,,,,,,3.0,,,3.0,,3.0,0.0,0.0,0.0,16.0,,,,,,,,,,,,,,,,,,,,3990990.0
product_hourly,,,,,,,,,,,,1.0,,,1.0,,0.0,0.0,1.0,0.0,21.0,,,,,,,,,,,,,,,,,,,,3990990.0
product_hourly,,,,,,,,,,,,5.0,,,5.0,,4.0,1.0,0.0,0.0,22.0,,,,,,,,,,,,,,,,,,,,3990990.0
product_hourly,,,,,,,,,,,,3.0,,,3.0,,3.0,0.0,0.0,0.0,23.0,,,,,,,,,,,,,,,,,,,,3990990.0
product_hourly,,,,,,,,,,,,14.0,,,11.0,,13.0,1.0,0.0,0.0,0.0,,,,,,,,,,,,,,,,,,,,4091349.0
product_hourly,,,,,,,,,,,,17.0,,,16.0,,13.0,1.0,2.0,1.0,1.0,,,,,,,,,,,,,,,,,,,,4091349.0
product_hourly,,,,,,,,,,,,16.0,,,14.0,,13.0,0.0,1.0,2.0,2.0,,,,,,,,,,,,,,,,,,,,4091349.0
product_hourly,,,,,,,,,,,,8.0,,,6.0,,7.0,1.0,0.0,0.0,3.0,,,,,,,,,,,,,,,,,,,,4091349.0
product_hourly,,,,,,,,,,,,11.0,,,11.0,,9.0,1.0,1.0,0.0,4.0,,,,,,,,,,,,,,,,,,,,4091349.0
product_hourly,,,,,,,,,,,,7.0,,,7.0,,6.0,0.0,1.0,0.0,5.0,,,,,,,,,,,,,,,,,,,,4091349.0
product_hourly,,,,,,,,,,,,25.0,,,18.0,,24.0,1.0,0.0,0.0,6.0,,,,,,,,,,,,,,,,,,,,4091349.0
product_hourly,,,,,,,,,,,,19.0,,,16.0,,18.0,1.0,0.0,0.0,7.0,,,,,,,,,,,,,,,,,,,,4091349.0
product_hourly,,,,,,,,,,,,13.0,,,12.0,,10.0,1.0,2.0,0.0,8.0,,,,,,,,,,,,,,,,,,,,4091349.0
product_hourly,,,,,,,,,,,,9.0,,,9.0,,8.0,1.0,0.0,0.0,9.0,,,,,,,,,,,,,,,,,,,,4091349.0
product_hourly,,,,,,,,,,,,16.0,,,11.0,,15.0,0.0,1.0,0.0,10.0,,,,,,,,,,,,,,,,,,,,4091349.0
product_hourly,,,,,,,,,,,,24.0,,,24.0,,23.0,0.0,1.0,0.0,11.0,,,,,,,,,,,,,,,,,,,,4091349.0
product_hourly,,,,,,,,,,,,29.0,,,26.0,,26.0,2.0,1.0,0.0,12.0,,,,,,,,,,,,,,,,,,,,4091349.0
product_hourly,,,,,,,,,,,,19.0,,,18.0,,18.0,0.0,1.0,0.0,13.0,,,,,,,,,,,,,,,,,,,,4091349.0
product_hourly,,,,,,,,,,,,28.0,,,26.0,,27.0,0.0,1.0,0.0,14.0,,,,,,,,,,,,,,,,,,,,4091349.0
product_hourly,,,,,,,,,,,,24.0,,,20.0,,19.0,1.0,3.0,1.0,15.0,,,,,,,,,,,,,,,,,,,,4091349.0
product_hourly,,,,,,,,,,,,9.0,,,8.0,,8.0,0.0,1.0,0.0,16.0,,,,,,,,,,,,,,,,,,,,4091349.0
product_hourly,,,,,,,,,,,,2.0,,,2.0,,2.0,0.0,0.0,0.0,17.0,,,,,,,,,,,,,,,,,,,,4091349.0
product_hourly,,,,,,,,,,,,4.0,,,4.0,,4.0,0.0,0.0,0.0,18.0,,,,,,,,,,,,,,,,,,,,4091349.0
product_hourly,,,,,,,,,,,,1.0,,,1.0,,1.0,0.0,0.0,0.0,19.0,,,,,,,,,,,,,,,,,,,,4091349.0
product_hourly,,,,,,,,,,,,1.0,,,1.0,,1.0,0.0,0.0,0.0,21.0,,,,,,,,,,,,,,,,,,,,4091349.0
product_hourly,,,,,,,,,,,,4.0,,,3.0,,3.0,0.0,1.0,0.0,22.0,,,,,,,,,,,,,,,,,,,,4091349.0
product_hourly,,,,,,,,,,,,5.0,,,5.0,,5.0,0.0,0.0,0.0,23.0,,,,,,,,,,,,,,,,,,,,4091349.0
product_hourly,,,,,,,,,,,,13.0,,,12.0,,12.0,1.0,0.0,0.0,0.0,,,,,,,,,,,,,,,,,,,,4211339.0
product_hourly,,,,,,,,,,,,11.0,,,11.0,,11.0,0.0,0.0,0.0,1.0,,,,,,,,,,,,,,,,,,,,4211339.0
product_hourly,,,,,,,,,,,,14.0,,,14.0,,13.0,1.0,0.0,0.0,2.0,,,,,,,,,,,,,,,,,,,,4211339.0
product_hourly,,,,,,,,,,,,14.0,,,14.0,,11.0,0.0,3.0,0.0,3.0,,,,,,,,,,,,,,,,,,,,4211339.0
product_hourly,,,,,,,,,,,,14.0,,,13.0,,11.0,1.0,2.0,0.0,4.0,,,,,,,,,,,,,,,,,,,,4211339.0
product_hourly,,,,,,,,,,,,18.0,,,18.0,,17.0,0.0,1.0,0.0,5.0,,,,,,,,,,,,,,,,,,,,4211339.0
product_hourly,,,,,,,,,,,,19.0,,,17.0,,19.0,0.0,0.0,0.0,6.0,,,,,,,,,,,,,,,,,,,,4211339.0
product_hourly,,,,,,,,,,,,22.0,,,20.0,,20.0,0.0,2.0,0.0,7.0,,,,,,,,,,,,,,,,,,,,4211339.0
product_hourly,,,,,,,,,,,,27.0,,,25.0,,27.0,0.0,0.0,0.0,8.0,,,,,,,,,,,,,,,,,,,,4211339.0
product_hourly,,,,,,,,,,,,18.0,,,18.0,,16.0,1.0,1.0,0.0,9.0,,,,,,,,,,,,,,,,,,,,4211339.0
product_hourly,,,,,,,,,,,,20.0,,,20.0,,19.0,1.0,0.0,0.0,10.0,,,,,,,,,,,,,,,,,,,,4211339.0
product_hourly,,,,,,,,,,,,32.0,,,27.0,,31.0,0.0,1.0,0.0,11.0,,,,,,,,,,,,,,,,,,,,4211339.0
product_hourly,,,,,,,,,,,,46.0,,,41.0,,44.0,1.0,1.0,0.0,12.0,,,,,,,,,,,,,,,,,,,,4211339.0
product_hourly,,,,,,,,,,,,38.0,,,31.0,,37.0,1.0,0.0,0.0,13.0,,,,,,,,,,,,,,,,,,,,4211339.0
product_hourly,,,,,,,,,,,,33.0,,,32.0,,31.0,1.0,1.0,0.0,14.0,,,,,,,,,,,,,,,,,,,,4211339.0
product_hourly,,,,,,,,,,,,20.0,,,19.0,,16.0,0.0,4.0,0.0,15.0,,,,,,,,,,,,,,,,,,,,4211339.0
product_hourly,,,,,,,,,,,,14.0,,,14.0,,12.0,1.0,1.0,0.0,16.0,,,,,,,,,,,,,,,,,,,,4211339.0
product_hourly,,,,,,,,,,,,4.0,,,3.0,,4.0,0.0,0.0,0.0,17.0,,,,,,,,,,,,,,,,,,,,4211339.0
product_hourly,,,,,,,,,,,,5.0,,,5.0,,5.0,0.0,0.0,0.0,18.0,,,,,,,,,,,,,,,,,,,,4211339.0
product_hourly,,,,,,,,,,,,4.0,,,4.0,,4.0,0.0,0.0,0.0,19.0,,,,,,,,,,,,,,,,,,,,4211339.0
product_hourly,,,,,,,,,,,,1.0,,,1.0,,1.0,0.0,0.0,0.0,20.0,,,,,,,,,,,,,,,,,,,,4211339.0
product_hourly,,,,,,,,,,,,1.0,,,1.0,,1.0,0.0,0.0,0.0,21.0,,,,,,,,,,,,,,,,,,,,4211339.0
product_hourly,,,,,,,,,,,,6.0,,,6.0,,6.0,0.0,0.0,0.0,22.0,,,,,,,,,,,,,,,,,,,,4211339.0
product_hourly,,,,,,,,,,,,9.0,,,9.0,,9.0,0.0,0.0,0.0,23.0,,,,,,,,,,,,,,,,,,,,4211339.0
product_hourly,,,,,,,,,,,,6.0,,,6.0,,5.0,1.0,0.0,0.0,0.0,,,,,,,,,,,,,,,,,,,,4293038.0
product_hourly,,,,,,,,,,,,16.0,,,13.0,,15.0,0.0,1.0,0.0,1.0,,,,,,,,,,,,,,,,,,,,4293038.0
product_hourly,,,,,,,,,,,,10.0,,,10.0,,10.0,0.0,0.0,0.0,2.0,,,,,,,,,,,,,,,,,,,,4293038.0
product_hourly,,,,,,,,,,,,15.0,,,11.0,,13.0,1.0,0.0,1.0,3.0,,,,,,,,,,,,,,,,,,,,4293038.0
product_hourly,,,,,,,,,,,,9.0,,,9.0,,8.0,1.0,0.0,0.0,4.0,,,,,,,,,,,,,,,,,,,,4293038.0
product_hourly,,,,,,,,,,,,10.0,,,6.0,,8.0,1.0,1.0,0.0,5.0,,,,,,,,,,,,,,,,,,,,4293038.0
product_hourly,,,,,,,,,,,,7.0,,,7.0,,7.0,0.0,0.0,0.0,6.0,,,,,,,,,,,,,,,,,,,,4293038.0
product_hourly,,,,,,,,,,,,8.0,,,8.0,,8.0,0.0,0.0,0.0,7.0,,,,,,,,,,,,,,,,,,,,4293038.0
product_hourly,,,,,,,,,,,,19.0,,,12.0,,16.0,0.0,1.0,2.0,8.0,,,,,,,,,,,,,,,,,,,,4293038.0
product_hourly,,,,,,,,,,,,11.0,,,10.0,,11.0,0.0,0.0,0.0,9.0,,,,,,,,,,,,,,,,,,,,4293038.0
product_hourly,,,,,,,,,,,,9.0,,,8.0,,7.0,0.0,2.0,0.0,10.0,,,,,,,,,,,,,,,,,,,,4293038.0
product_hourly,,,,,,,,,,,,19.0,,,16.0,,17.0,1.0,1.0,0.0,11.0,,,,,,,,,,,,,,,,,,,,4293038.0
product_hourly,,,,,,,,,,,,10.0,,,10.0,,10.0,0.0,0.0,0.0,12.0,,,,,,,,,,,,,,,,,,,,4293038.0
product_hourly,,,,,,,,,,,,12.0,,,11.0,,11.0,0.0,1.0,0.0,13.0,,,,,,,,,,,,,,,,,,,,4293038.0
product_hourly,,,,,,,,,,,,21.0,,,15.0,,20.0,0.0,1.0,0.0,14.0,,,,,,,,,,,,,,,,,,,,4293038.0
product_hourly,,,,,,,,,,,,13.0,,,10.0,,13.0,0.0,0.0,0.0,15.0,,,,,,,,,,,,,,,,,,,,4293038.0
product_hourly,,,,,,,,,,,,4.0,,,4.0,,4.0,0.0,0.0,0.0,16.0,,,,,,,,,,,,,,,,,,,,4293038.0
product_hourly,,,,,,,,,,,,1.0,,,1.0,,1.0,0.0,0.0,0.0,17.0,,,,,,,,,,,,,,,,,,,,4293038.0
product_hourly,,,,,,,,,,,,5.0,,,3.0,,4.0,1.0,0.0,0.0,18.0,,,,,,,,,,,,,,,,,,,,4293038.0
product_hourly,,,,,,,,,,,,1.0,,,1.0,,1.0,0.0,0.0,0.0,19.0,,,,,,,,,,,,,,,,,,,,4293038.0
product_hourly,,,,,,,,,,,,1.0,,,1.0,,1.0,0.0,0.0,0.0,21.0,,,,,,,,,,,,,,,,,,,,4293038.0
product_hourly,,,,,,,,,,,,2.0,,,2.0,,2.0,0.0,0.0,0.0,23.0,,,,,,,,,,,,,,,,,,,,4293038.0
product_hourly,,,,,,,,,,,,17.0,,,14.0,,17.0,0.0,0.0,0.0,0.0,,,,,,,,,,,,,,,,,,,,4443059.0
product_hourly,,,,,,,,,,,,18.0,,,17.0,,17.0,0.0,0.0,1.0,1.0,,,,,,,,,,,,,,,,,,,,4443059.0
product_hourly,,,,,,,,,,,,18.0,,,17.0,,18.0,0.0,0.0,0.0,2.0,,,,,,,,,,,,,,,,,,,,4443059.0
product_hourly,,,,,,,,,,,,20.0,,,12.0,,18.0,1.0,0.0,1.0,3.0,,,,,,,,,,,,,,,,,,,,4443059.0
product_hourly,,,,,,,,,,,,19.0,,,17.0,,15.0,1.0,2.0,1.0,4.0,,,,,,,,,,,,,,,,,,,,4443059.0
product_hourly,,,,,,,,,,,,10.0,,,10.0,,9.0,0.0,1.0,0.0,5.0,,,,,,,,,,,,,,,,,,,,4443059.0
product_hourly,,,,,,,,,,,,21.0,,,20.0,,21.0,0.0,0.0,0.0,6.0,,,,,,,,,,,,,,,,,,,,4443059.0
product_hourly,,,,,,,,,,,,19.0,,,18.0,,18.0,0.0,1.0,0.0,7.0,,,,,,,,,,,,,,,,,,,,4443059.0
product_hourly,,,,,,,,,,,,16.0,,,16.0,,14.0,0.0,1.0,1.0,8.0,,,,,,,,,,,,,,,,,,,,4443059.0
product_hourly,,,,,,,,,,,,15.0,,,14.0,,14.0,0.0,0.0,1.0,9.0,,,,,,,,,,,,,,,,,,,,4443059.0
product_hourly,,,,,,,,,,,,13.0,,,13.0,,13.0,0.0,0.0,0.0,10.0,,,,,,,,,,,,,,,,,,,,4443059.0
product_hourly,,,,,,,,,,,,20.0,,,20.0,,17.0,0.0,3.0,0.0,11.0,,,,,,,,,,,,,,,,,,,,4443059.0
product_hourly,,,,,,,,,,,,26.0,,,23.0,,25.0,0.0,1.0,0.0,12.0,,,,,,,,,,,,,,,,,,,,4443059.0
product_hourly,,,,,,,,,,,,23.0,,,20.0,,18.0,1.0,3.0,1.0,13.0,,,,,,,,,,,,,,,,,,,,4443059.0
product_hourly,,,,,,,,,,,,19.0,,,18.0,,18.0,0.0,0.0,1.0,14.0,,,,,,,,,,,,,,,,,,,,4443059.0
product_hourly,,,,,,,,,,,,21.0,,,20.0,,19.0,0.0,2.0,0.0,15.0,,,,,,,,,,,,,,,,,,,,4443059.0
product_hourly,,,,,,,,,,,,15.0,,,7.0,,15.0,0.0,0.0,0.0,16.0,,,,,,,,,,,,,,,,,,,,4443059.0
product_hourly,,,,,,,,,,,,1.0,,,1.0,,1.0,0.0,0.0,0.0,17.0,,,,,,,,,,,,,,,,,,,,4443059.0
product_hourly,,,,,,,,,,,,4.0,,,4.0,,4.0,0.0,0.0,0.0,18.0,,,,,,,,,,,,,,,,,,,,4443059.0
product_hourly,,,,,,,,,,,,1.0,,,1.0,,1.0,0.0,0.0,0.0,19.0,,,,,,,,,,,,,,,,,,,,4443059.0
product_hourly,,,,,,,,,,,,1.0,,,1.0,,1.0,0.0,0.0,0.0,21.0,,,,,,,,,,,,,,,,,,,,4443059.0
product_hourly,,,,,,,,,,,,8.0,,,8.0,,8.0,0.0,0.0,0.0,22.0,,,,,,,,,,,,,,,,,,,,4443059.0
product_hourly,,,,,,,,,,,,12.0,,,11.0,,12.0,0.0,0.0,0.0,23.0,,,,,,,,,,,,,,,,,,,,4443059.0
product_hourly,,,,,,,,,,,,5.0,,,5.0,,5.0,0.0,0.0,0.0,0.0,,,,,,,,,,,,,,,,,,,,4491210.0
product_hourly,,,,,,,,,,,,10.0,,,8.0,,8.0,0.0,2.0,0.0,1.0,,,,,,,,,,,,,,,,,,,,4491210.0
product_hourly,,,,,,,,,,,,12.0,,,11.0,,12.0,0.0,0.0,0.0,2.0,,,,,,,,,,,,,,,,,,,,4491210.0
product_hourly,,,,,,,,,,,,10.0,,,7.0,,10.0,0.0,0.0,0.0,3.0,,,,,,,,,,,,,,,,,,,,4491210.0
product_hourly,,,,,,,,,,,,16.0,,,14.0,,13.0,2.0,0.0,1.0,4.0,,,,,,,,,,,,,,,,,,,,4491210.0
product_hourly,,,,,,,,,,,,13.0,,,8.0,,11.0,1.0,1.0,0.0,5.0,,,,,,,,,,,,,,,,,,,,4491210.0
product_hourly,,,,,,,,,,,,11.0,,,10.0,,11.0,0.0,0.0,0.0,6.0,,,,,,,,,,,,,,,,,,,,4491210.0
product_hourly,,,,,,,,,,,,10.0,,,9.0,,10.0,0.0,0.0,0.0,7.0,,,,,,,,,,,,,,,,,,,,4491210.0
product_hourly,,,,,,,,,,,,13.0,,,11.0,,13.0,0.0,0.0,0.0,8.0,,,,,,,,,,,,,,,,,,,,4491210.0
product_hourly,,,,,,,,,,,,6.0,,,6.0,,6.0,0.0,0.0,0.0,9.0,,,,,,,,,,,,,,,,,,,,4491210.0
product_hourly,,,,,,,,,,,,11.0,,,11.0,,10.0,0.0,1.0,0.0,10.0,,,,,,,,,,,,,,,,,,,,4491210.0
product_hourly,,,,,,,,,,,,15.0,,,14.0,,14.0,1.0,0.0,0.0,11.0,,,,,,,,,,,,,,,,,,,,4491210.0
product_hourly,,,,,,,,,,,,12.0,,,11.0,,11.0,0.0,1.0,0.0,12.0,,,,,,,,,,,,,,,,,,,,4491210.0
product_hourly,,,,,,,,,,,,24.0,,,17.0,,24.0,0.0,0.0,0.0,13.0,,,,,,,,,,,,,,,,,,,,4491210.0
product_hourly,,,,,,,,,,,,13.0,,,12.0,,12.0,0.0,1.0,0.0,14.0,,,,,,,,,,,,,,,,,,,,4491210.0
product_hourly,,,,,,,,,,,,8.0,,,8.0,,8.0,0.0,0.0,0.0,15.0,,,,,,,,,,,,,,,,,,,,4491210.0
product_hourly,,,,,,,,,,,,3.0,,,3.0,,3.0,0.0,0.0,0.0,16.0,,,,,,,,,,,,,,,,,,,,4491210.0
product_hourly,,,,,,,,,,,,1.0,,,1.0,,1.0,0.0,0.0,0.0,17.0,,,,,,,,,,,,,,,,,,,,4491210.0
product_hourly,,,,,,,,,,,,1.0,,,1.0,,1.0,0.0,0.0,0.0,18.0,,,,,,,,,,,,,,,,,,,,4491210.0
product_hourly,,,,,,,,,,,,2.0,,,2.0,,1.0,1.0,0.0,0.0,22.0,,,,,,,,,,,,,,,,,,,,4491210.0
product_hourly,,,,,,,,,,,,4.0,,,3.0,,4.0,0.0,0.0,0.0,23.0,,,,,,,,,,,,,,,,,,,,4491210.0
product_hourly,,,,,,,,,,,,15.0,,,10.0,,14.0,1.0,0.0,0.0,0.0,,,,,,,,,,,,,,,,,,,,4525461.0
product_hourly,,,,,,,,,,,,9.0,,,7.0,,8.0,0.0,1.0,0.0,1.0,,,,,,,,,,,,,,,,,,,,4525461.0
product_hourly,,,,,,,,,,,,10.0,,,10.0,,8.0,1.0,1.0,0.0,2.0,,,,,,,,,,,,,,,,,,,,4525461.0
product_hourly,,,,,,,,,,,,7.0,,,7.0,,7.0,0.0,0.0,0.0,3.0,,,,,,,,,,,,,,,,,,,,4525461.0
product_hourly,,,,,,,,,,,,5.0,,,4.0,,4.0,0.0,1.0,0.0,4.0,,,,,,,,,,,,,,,,,,,,4525461.0
product_hourly,,,,,,,,,,,,5.0,,,5.0,,5.0,0.0,0.0,0.0,5.0,,,,,,,,,,,,,,,,,,,,4525461.0
product_hourly,,,,,,,,,,,,17.0,,,14.0,,16.0,0.0,1.0,0.0,6.0,,,,,,,,,,,,,,,,,,,,4525461.0
product_hourly,,,,,,,,,,,,9.0,,,6.0,,9.0,0.0,0.0,0.0,7.0,,,,,,,,,,,,,,,,,,,,4525461.0
product_hourly,,,,,,,,,,,,12.0,,,8.0,,11.0,0.0,1.0,0.0,8.0,,,,,,,,,,,,,,,,,,,,4525461.0
product_hourly,,,,,,,,,,,,12.0,,,10.0,,11.0,1.0,0.0,0.0,9.0,,,,,,,,,,,,,,,,,,,,4525461.0
product_hourly,,,,,,,,,,,,16.0,,,12.0,,15.0,1.0,0.0,0.0,10.0,,,,,,,,,,,,,,,,,,,,4525461.0
product_hourly,,,,,,,,,,,,10.0,,,8.0,,10.0,0.0,0.0,0.0,11.0,,,,,,,,,,,,,,,,,,,,4525461.0
product_hourly,,,,,,,,,,,,23.0,,,21.0,,22.0,0.0,1.0,0.0,12.0,,,,,,,,,,,,,,,,,,,,4525461.0
product_hourly,,,,,,,,,,,,8.0,,,8.0,,8.0,0.0,0.0,0.0,13.0,,,,,,,,,,,,,,,,,,,,4525461.0
product_hourly,,,,,,,,,,,,17.0,,,15.0,,16.0,0.0,1.0,0.0,14.0,,,,,,,,,,,,,,,,,,,,4525461.0
product_hourly,,,,,,,,,,,,8.0,,,8.0,,8.0,0.0,0.0,0.0,15.0,,,,,,,,,,,,,,,,,,,,4525461.0
product_hourly,,,,,,,,,,,,16.0,,,12.0,,15.0,0.0,1.0,0.0,16.0,,,,,,,,,,,,,,,,,,,,4525461.0
product_hourly,,,,,,,,,,,,1.0,,,1.0,,1.0,0.0,0.0,0.0,18.0,,,,,,,,,,,,,,,,,,,,4525461.0
product_hourly,,,,,,,,,,,,2.0,,,2.0,,2.0,0.0,0.0,0.0,23.0,,,,,,,,,,,,,,,,,,,,4525461.0
product_hourly,,,,,,,,,,,,4.0,,,4.0,,4.0,0.0,0.0,0.0,0.0,,,,,,,,,,,,,,,,,,,,4550052.0
product_hourly,,,,,,,,,,,,6.0,,,6.0,,5.0,1.0,0.0,0.0,1.0,,,,,,,,,,,,,,,,,,,,4550052.0
product_hourly,,,,,,,,,,,,7.0,,,7.0,,6.0,1.0,0.0,0.0,2.0,,,,,,,,,,,,,,,,,,,,4550052.0
product_hourly,,,,,,,,,,,,6.0,,,6.0,,4.0,0.0,2.0,0.0,3.0,,,,,,,,,,,,,,,,,,,,4550052.0
product_hourly,,,,,,,,,,,,6.0,,,6.0,,6.0,0.0,0.0,0.0,4.0,,,,,,,,,,,,,,,,,,,,4550052.0
product_hourly,,,,,,,,,,,,8.0,,,8.0,,7.0,0.0,1.0,0.0,5.0,,,,,,,,,,,,,,,,,,,,4550052.0
product_hourly,,,,,,,,,,,,6.0,,,6.0,,5.0,0.0,1.0,0.0,6.0,,,,,,,,,,,,,,,,,,,,4550052.0
product_hourly,,,,,,,,,,,,11.0,,,11.0,,11.0,0.0,0.0,0.0,7.0,,,,,,,,,,,,,,,,,,,,4550052.0
product_hourly,,,,,,,,,,,,15.0,,,15.0,,15.0,0.0,0.0,0.0,8.0,,,,,,,,,,,,,,,,,,,,4550052.0
product_hourly,,,,,,,,,,,,9.0,,,9.0,,9.0,0.0,0.0,0.0,9.0,,,,,,,,,,,,,,,,,,,,4550052.0
product_hourly,,,,,,,,,,,,3.0,,,2.0,,2.0,1.0,0.0,0.0,10.0,,,,,,,,,,,,,,,,,,,,4550052.0
product_hourly,,,,,,,,,,,,14.0,,,14.0,,13.0,1.0,0.0,0.0,11.0,,,,,,,,,,,,,,,,,,,,4550052.0
product_hourly,,,,,,,,,,,,17.0,,,16.0,,15.0,0.0,1.0,1.0,12.0,,,,,,,,,,,,,,,,,,,,4550052.0
product_hourly,,,,,,,,,,,,12.0,,,12.0,,10.0,0.0,2.0,0.0,13.0,,,,,,,,,,,,,,,,,,,,4550052.0
product_hourly,,,,,,,,,,,,19.0,,,17.0,,19.0,0.0,0.0,0.0,14.0,,,,,,,,,,,,,,,,,,,,4550052.0
product_hourly,,,,,,,,,,,,22.0,,,19.0,,20.0,1.0,0.0,1.0,15.0,,,,,,,,,,,,,,,,,,,,4550052.0
product_hourly,,,,,,,,,,,,2.0,,,2.0,,2.0,0.0,0.0,0.0,16.0,,,,,,,,,,,,,,,,,,,,4550052.0
product_hourly,,,,,,,,,,,,4.0,,,2.0,,4.0,0.0,0.0,0.0,17.0,,,,,,,,,,,,,,,,,,,,4550052.0
product_hourly,,,,,,,,,,,,2.0,,,2.0,,2.0,0.0,0.0,0.0,18.0,,,,,,,,,,,,,,,,,,,,4550052.0
product_hourly,,,,,,,,,,,,3.0,,,3.0,,3.0,0.0,0.0,0.0,19.0,,,,,,,,,,,,,,,,,,,,4550052.0
product_hourly,,,,,,,,,,,,1.0,,,1.0,,1.0,0.0,0.0,0.0,21.0,,,,,,,,,,,,,,,,,,,,4550052.0
product_hourly,,,,,,,,,,,,5.0,,,5.0,,5.0,0.0,0.0,0.0,22.0,,,,,,,,,,,,,,,,,,,,4550052.0
product_hourly,,,,,,,,,,,,8.0,,,7.0,,8.0,0.0,0.0,0.0,23.0,,,,,,,,,,,,,,,,,,,,4550052.0
product_hourly,,,,,,,,,,,,9.0,,,9.0,,9.0,0.0,0.0,0.0,0.0,,,,,,,,,,,,,,,,,,,,4622270.0
product_hourly,,,,,,,,,,,,7.0,,,7.0,,6.0,1.0,0.0,0.0,1.0,,,,,,,,,,,,,,,,,,,,4622270.0
product_hourly,,,,,,,,,,,,13.0,,,13.0,,11.0,0.0,1.0,1.0,2.0,,,,,,,,,,,,,,,,,,,,4622270.0
product_hourly,,,,,,,,,,,,9.0,,,9.0,,8.0,0.0,1.0,0.0,3.0,,,,,,,,,,,,,,,,,,,,4622270.0
product_hourly,,,,,,,,,,,,6.0,,,6.0,,6.0,0.0,0.0,0.0,4.0,,,,,,,,,,,,,,,,,,,,4622270.0
product_hourly,,,,,,,,,,,,8.0,,,8.0,,8.0,0.0,0.0,0.0,5.0,,,,,,,,,,,,,,,,,,,,4622270.0
product_hourly,,,,,,,,,,,,11.0,,,11.0,,11.0,0.0,0.0,0.0,6.0,,,,,,,,,,,,,,,,,,,,4622270.0
product_hourly,,,,,,,,,,,,12.0,,,12.0,,11.0,0.0,1.0,0.0,7.0,,,,,,,,,,,,,,,,,,,,4622270.0
product_hourly,,,,,,,,,,,,13.0,,,13.0,,13.0,0.0,0.0,0.0,8.0,,,,,,,,,,,,,,,,,,,,4622270.0
product_hourly,,,,,,,,,,,,8.0,,,8.0,,6.0,2.0,0.0,0.0,9.0,,,,,,,,,,,,,,,,,,,,4622270.0
product_hourly,,,,,,,,,,,,9.0,,,9.0,,9.0,0.0,0.0,0.0,10.0,,,,,,,,,,,,,,,,,,,,4622270.0
product_hourly,,,,,,,,,,,,6.0,,,6.0,,6.0,0.0,0.0,0.0,11.0,,,,,,,,,,,,,,,,,,,,4622270.0
product_hourly,,,,,,,,,,,,17.0,,,16.0,,17.0,0.0,0.0,0.0,12.0,,,,,,,,,,,,,,,,,,,,4622270.0
product_hourly,,,,,,,,,,,,15.0,,,15.0,,13.0,1.0,1.0,0.0,13.0,,,,,,,,,,,,,,,,,,,,4622270.0
product_hourly,,,,,,,,,,,,17.0,,,17.0,,17.0,0.0,0.0,0.0,14.0,,,,,,,,,,,,,,,,,,,,4622270.0
product_hourly,,,,,,,,,,,,21.0,,,21.0,,20.0,1.0,0.0,0.0,15.0,,,,,,,,,,,,,,,,,,,,4622270.0
product_hourly,,,,,,,,,,,,10.0,,,10.0,,10.0,0.0,0.0,0.0,16.0,,,,,,,,,,,,,,,,,,,,4622270.0
product_hourly,,,,,,,,,,,,2.0,,,2.0,,2.0,0.0,0.0,0.0,17.0,,,,,,,,,,,,,,,,,,,,4622270.0
product_hourly,,,,,,,,,,,,3.0,,,3.0,,3.0,0.0,0.0,0.0,18.0,,,,,,,,,,,,,,,,,,,,4622270.0
product_hourly,,,,,,,,,,,,2.0,,,2.0,,2.0,0.0,0.0,0.0,19.0,,,,,,,,,,,,,,,,,,,,4622270.0
product_hourly,,,,,,,,,,,,2.0,,,2.0,,2.0,0.0,0.0,0.0,20.0,,,,,,,,,,,,,,,,,,,,4622270.0
product_hourly,,,,,,,,,,,,2.0,,,2.0,,2.0,0.0,0.0,0.0,21.0,,,,,,,,,,,,,,,,,,,,4622270.0
product_hourly,,,,,,,,,,,,6.0,,,6.0,,6.0,0.0,0.0,0.0,22.0,,,,,,,,,,,,,,,,,,,,4622270.0
product_hourly,,,,,,,,,,,,5.0,,,5.0,,5.0,0.0,0.0,0.0,23.0,,,,,,,,,,,,,,,,,,,,4622270.0
product_hourly,,,,,,,,,,,,13.0,,,12.0,,12.0,0.0,1.0,0.0,0.0,,,,,,,,,,,,,,,,,,,,4649427.0
product_hourly,,,,,,,,,,,,10.0,,,9.0,,9.0,0.0,1.0,0.0,1.0,,,,,,,,,,,,,,,,,,,,4649427.0
product_hourly,,,,,,,,,,,,14.0,,,13.0,,12.0,0.0,2.0,0.0,2.0,,,,,,,,,,,,,,,,,,,,4649427.0
product_hourly,,,,,,,,,,,,20.0,,,15.0,,18.0,0.0,2.0,0.0,3.0,,,,,,,,,,,,,,,,,,,,4649427.0
product_hourly,,,,,,,,,,,,20.0,,,18.0,,18.0,0.0,2.0,0.0,4.0,,,,,,,,,,,,,,,,,,,,4649427.0
product_hourly,,,,,,,,,,,,22.0,,,20.0,,18.0,3.0,1.0,0.0,5.0,,,,,,,,,,,,,,,,,,,,4649427.0
product_hourly,,,,,,,,,,,,16.0,,,13.0,,14.0,1.0,1.0,0.0,6.0,,,,,,,,,,,,,,,,,,,,4649427.0
product_hourly,,,,,,,,,,,,9.0,,,9.0,,9.0,0.0,0.0,0.0,7.0,,,,,,,,,,,,,,,,,,,,4649427.0
product_hourly,,,,,,,,,,,,13.0,,,11.0,,10.0,1.0,2.0,0.0,8.0,,,,,,,,,,,,,,,,,,,,4649427.0
product_hourly,,,,,,,,,,,,17.0,,,12.0,,16.0,0.0,1.0,0.0,9.0,,,,,,,,,,,,,,,,,,,,4649427.0
product_hourly,,,,,,,,,,,,19.0,,,14.0,,16.0,0.0,3.0,0.0,10.0,,,,,,,,,,,,,,,,,,,,4649427.0
product_hourly,,,,,,,,,,,,17.0,,,16.0,,16.0,0.0,1.0,0.0,11.0,,,,,,,,,,,,,,,,,,,,4649427.0
product_hourly,,,,,,,,,,,,24.0,,,22.0,,23.0,1.0,0.0,0.0,12.0,,,,,,,,,,,,,,,,,,,,4649427.0
product_hourly,,,,,,,,,,,,29.0,,,26.0,,27.0,1.0,1.0,0.0,13.0,,,,,,,,,,,,,,,,,,,,4649427.0
product_hourly,,,,,,,,,,,,23.0,,,23.0,,23.0,0.0,0.0,0.0,14.0,,,,,,,,,,,,,,,,,,,,4649427.0
product_hourly,,,,,,,,,,,,20.0,,,16.0,,20.0,0.0,0.0,0.0,15.0,,,,,,,,,,,,,,,,,,,,4649427.0
product_hourly,,,,,,,,,,,,11.0,,,11.0,,10.0,0.0,1.0,0.0,16.0,,,,,,,,,,,,,,,,,,,,4649427.0
product_hourly,,,,,,,,,,,,7.0,,,7.0,,6.0,0.0,1.0,0.0,17.0,,,,,,,,,,,,,,,,,,,,4649427.0
product_hourly,,,,,,,,,,,,2.0,,,2.0,,2.0,0.0,0.0,0.0,18.0,,,,,,,,,,,,,,,,,,,,4649427.0
product_hourly,,,,,,,,,,,,2.0,,,2.0,,2.0,0.0,0.0,0.0,19.0,,,,,,,,,,,,,,,,,,,,4649427.0
product_hourly,,,,,,,,,,,,6.0,,,5.0,,5.0,0.0,1.0,0.0,21.0,,,,,,,,,,,,,,,,,,,,4649427.0
product_hourly,,,,,,,,,,,,3.0,,,3.0,,3.0,0.0,0.0,0.0,22.0,,,,,,,,,,,,,,,,,,,,4649427.0
product_hourly,,,,,,,,,,,,12.0,,,10.0,,11.0,0.0,1.0,0.0,23.0,,,,,,,,,,,,,,,,,,,,4649427.0
product_hourly,,,,,,,,,,,,8.0,,,5.0,,8.0,0.0,0.0,0.0,0.0,,,,,,,,,,,,,,,,,,,,4793966.0
product_hourly,,,,,,,,,,,,8.0,,,8.0,,8.0,0.0,0.0,0.0,1.0,,,,,,,,,,,,,,,,,,,,4793966.0
product_hourly,,,,,,,,,,,,15.0,,,12.0,,13.0,1.0,1.0,0.0,2.0,,,,,,,,,,,,,,,,,,,,4793966.0
product_hourly,,,,,,,,,,,,2.0,,,2.0,,2.0,0.0,0.0,0.0,3.0,,,,,,,,,,,,,,,,,,,,4793966.0
product_hourly,,,,,,,,,,,,4.0,,,4.0,,4.0,0.0,0.0,0.0,4.0,,,,,,,,,,,,,,,,,,,,4793966.0
product_hourly,,,,,,,,,,,,8.0,,,8.0,,7.0,1.0,0.0,0.0,5.0,,,,,,,,,,,,,,,,,,,,4793966.0
product_hourly,,,,,,,,,,,,9.0,,,8.0,,8.0,0.0,1.0,0.0,6.0,,,,,,,,,,,,,,,,,,,,4793966.0
product_hourly,,,,,,,,,,,,6.0,,,5.0,,6.0,0.0,0.0,0.0,7.0,,,,,,,,,,,,,,,,,,,,4793966.0
product_hourly,,,,,,,,,,,,9.0,,,8.0,,8.0,1.0,0.0,0.0,8.0,,,,,,,,,,,,,,,,,,,,4793966.0
product_hourly,,,,,,,,,,,,6.0,,,6.0,,6.0,0.0,0.0,0.0,9.0,,,,,,,,,,,,,,,,,,,,4793966.0
product_hourly,,,,,,,,,,,,8.0,,,8.0,,8.0,0.0,0.0,0.0,10.0,,,,,,,,,,,,,,,,,,,,4793966.0
product_hourly,,,,,,,,,,,,11.0,,,11.0,,11.0,0.0,0.0,0.0,11.0,,,,,,,,,,,,,,,,,,,,4793966.0
product_hourly,,,,,,,,,,,,12.0,,,11.0,,12.0,0.0,0.0,0.0,12.0,,,,,,,,,,,,,,,,,,,,4793966.0
product_hourly,,,,,,,,,,,,20.0,,,15.0,,19.0,1.0,0.0,0.0,13.0,,,,,,,,,,,,,,,,,,,,4793966.0
product_hourly,,,,,,,,,,,,14.0,,,12.0,,13.0,0.0,1.0,0.0,14.0,,,,,,,,,,,,,,,,,,,,4793966.0
product_hourly,,,,,,,,,,,,23.0,,,16.0,,19.0,2.0,2.0,0.0,15.0,,,,,,,,,,,,,,,,,,,,4793966.0
product_hourly,,,,,,,,,,,,13.0,,,12.0,,13.0,0.0,0.0,0.0,16.0,,,,,,,,,,,,,,,,,,,,4793966.0
product_hourly,,,,,,,,,,,,3.0,,,2.0,,1.0,1.0,1.0,0.0,17.0,,,,,,,,,,,,,,,,,,,,4793966.0
product_hourly,,,,,,,,,,,,3.0,,,3.0,,3.0,0.0,0.0,0.0,18.0,,,,,,,,,,,,,,,,,,,,4793966.0
product_hourly,,,,,,,,,,,,1.0,,,1.0,,1.0,0.0,0.0,0.0,20.0,,,,,,,,,,,,,,,,,,,,4793966.0
product_hourly,,,,,,,,,,,,8.0,,,7.0,,8.0,0.0,0.0,0.0,22.0,,,,,,,,,,,,,,,,,,,,4793966.0
product_hourly,,,,,,,,,,,,7.0,,,5.0,,7.0,0.0,0.0,0.0,23.0,,,,,,,,,,,,,,,,,,,,4793966.0
product_hourly,,,,,,,,,,,,6.0,,,6.0,,6.0,0.0,0.0,0.0,0.0,,,,,,,,,,,,,,,,,,,,5128303.0
product_hourly,,,,,,,,,,,,12.0,,,11.0,,12.0,0.0,0.0,0.0,1.0,,,,,,,,,,,,,,,,,,,,5128303.0
product_hourly,,,,,,,,,,,,11.0,,,8.0,,11.0,0.0,0.0,0.0,2.0,,,,,,,,,,,,,,,,,,,,5128303.0
product_hourly,,,,,,,,,,,,18.0,,,14.0,,17.0,0.0,1.0,0.0,3.0,,,,,,,,,,,,,,,,,,,,5128303.0
product_hourly,,,,,,,,,,,,19.0,,,15.0,,17.0,1.0,1.0,0.0,4.0,,,,,,,,,,,,,,,,,,,,5128303.0
product_hourly,,,,,,,,,,,,15.0,,,12.0,,14.0,0.0,1.0,0.0,5.0,,,,,,,,,,,,,,,,,,,,5128303.0
product_hourly,,,,,,,,,,,,19.0,,,15.0,,17.0,2.0,0.0,0.0,6.0,,,,,,,,,,,,,,,,,,,,5128303.0
product_hourly,,,,,,,,,,,,12.0,,,11.0,,11.0,1.0,0.0,0.0,7.0,,,,,,,,,,,,,,,,,,,,5128303.0
product_hourly,,,,,,,,,,,,10.0,,,9.0,,10.0,0.0,0.0,0.0,8.0,,,,,,,,,,,,,,,,,,,,5128303.0
product_hourly,,,,,,,,,,,,4.0,,,2.0,,3.0,1.0,0.0,0.0,9.0,,,,,,,,,,,,,,,,,,,,5128303.0
product_hourly,,,,,,,,,,,,18.0,,,17.0,,16.0,0.0,2.0,0.0,10.0,,,,,,,,,,,,,,,,,,,,5128303.0
product_hourly,,,,,,,,,,,,7.0,,,7.0,,7.0,0.0,0.0,0.0,11.0,,,,,,,,,,,,,,,,,,,,5128303.0
product_hourly,,,,,,,,,,,,13.0,,,11.0,,12.0,1.0,0.0,0.0,12.0,,,,,,,,,,,,,,,,,,,,5128303.0
product_hourly,,,,,,,,,,,,14.0,,,11.0,,13.0,1.0,0.0,0.0,13.0,,,,,,,,,,,,,,,,,,,,5128303.0
product_hourly,,,,,,,,,,,,10.0,,,9.0,,10.0,0.0,0.0,0.0,14.0,,,,,,,,,,,,,,,,,,,,5128303.0
product_hourly,,,,,,,,,,,,16.0,,,15.0,,16.0,0.0,0.0,0.0,15.0,,,,,,,,,,,,,,,,,,,,5128303.0
product_hourly,,,,,,,,,,,,5.0,,,5.0,,5.0,0.0,0.0,0.0,16.0,,,,,,,,,,,,,,,,,,,,5128303.0
product_hourly,,,,,,,,,,,,3.0,,,2.0,,3.0,0.0,0.0,0.0,17.0,,,,,,,,,,,,,,,,,,,,5128303.0
product_hourly,,,,,,,,,,,,1.0,,,1.0,,1.0,0.0,0.0,0.0,18.0,,,,,,,,,,,,,,,,,,,,5128303.0
product_hourly,,,,,,,,,,,,1.0,,,1.0,,1.0,0.0,0.0,0.0,20.0,,,,,,,,,,,,,,,,,,,,5128303.0
product_hourly,,,,,,,,,,,,1.0,,,1.0,,1.0,0.0,0.0,0.0,22.0,,,,,,,,,,,,,,,,,,,,5128303.0
product_hourly,,,,,,,,,,,,3.0,,,3.0,,3.0,0.0,0.0,0.0,23.0,,,,,,,,,,,,,,,,,,,,5128303.0
